ISO-10303-21;
HEADER;
/* Generated by software containing ST-Developer
 * from STEP Tools, Inc. (www.steptools.com) 
 */

FILE_DESCRIPTION(
/* description */ (''),
/* implementation_level */ '2;1');

FILE_NAME(
/* name */ 
'C:\\Users\\t.salzbrenner\\Stage Tec\\Sales-Bamberg - Dokumente\\12 - 
Benutzer\\t.salzbrenner\\Mekka\\Imam Mikrofon\\Floor Box\\Insta Werk S
teps\\Aluminium Tr\X\E4gerplatte 100424.stp',
/* time_stamp */ '2024-04-10T16:44:14+02:00',
/* author */ ('t.salzbrenner'),
/* organization */ (''),
/* preprocessor_version */ 'ST-DEVELOPER v16.5',
/* originating_system */ 'Autodesk Inventor 2017',
/* authorisation */ '');

FILE_SCHEMA (('AUTOMOTIVE_DESIGN { 1 0 10303 214 3 1 1 }'));
ENDSEC;

DATA;
#10=MECHANICAL_DESIGN_GEOMETRIC_PRESENTATION_REPRESENTATION('',(#13),#3797);
#11=SHAPE_REPRESENTATION_RELATIONSHIP('SRR','None',#3806,#12);
#12=ADVANCED_BREP_SHAPE_REPRESENTATION('',(#14),#3796);
#13=STYLED_ITEM('',(#3815),#14);
#14=MANIFOLD_SOLID_BREP('Volumenk\X\F6rper1',#2186);
#15=CONICAL_SURFACE('',#2250,3.125,44.9999999999999);
#16=CONICAL_SURFACE('',#2302,3.125,44.9999999999999);
#17=CONICAL_SURFACE('',#2306,3.125,44.9999999999999);
#18=CONICAL_SURFACE('',#2310,3.125,45.);
#19=CONICAL_SURFACE('',#2314,3.125,45.);
#20=CONICAL_SURFACE('',#2318,3.125,44.9999999999999);
#21=CONICAL_SURFACE('',#2386,114.125,45.0000000000004);
#22=LINE('',#3221,#116);
#23=LINE('',#3224,#117);
#24=LINE('',#3227,#118);
#25=LINE('',#3229,#119);
#26=LINE('',#3230,#120);
#27=LINE('',#3236,#121);
#28=LINE('',#3239,#122);
#29=LINE('',#3241,#123);
#30=LINE('',#3242,#124);
#31=LINE('',#3248,#125);
#32=LINE('',#3251,#126);
#33=LINE('',#3253,#127);
#34=LINE('',#3254,#128);
#35=LINE('',#3260,#129);
#36=LINE('',#3360,#130);
#37=LINE('',#3364,#131);
#38=LINE('',#3370,#132);
#39=LINE('',#3373,#133);
#40=LINE('',#3378,#134);
#41=LINE('',#3381,#135);
#42=LINE('',#3386,#136);
#43=LINE('',#3389,#137);
#44=LINE('',#3394,#138);
#45=LINE('',#3397,#139);
#46=LINE('',#3402,#140);
#47=LINE('',#3405,#141);
#48=LINE('',#3410,#142);
#49=LINE('',#3413,#143);
#50=LINE('',#3418,#144);
#51=LINE('',#3421,#145);
#52=LINE('',#3426,#146);
#53=LINE('',#3429,#147);
#54=LINE('',#3434,#148);
#55=LINE('',#3437,#149);
#56=LINE('',#3581,#150);
#57=LINE('',#3582,#151);
#58=LINE('',#3585,#152);
#59=LINE('',#3586,#153);
#60=LINE('',#3590,#154);
#61=LINE('',#3592,#155);
#62=LINE('',#3597,#156);
#63=LINE('',#3598,#157);
#64=LINE('',#3601,#158);
#65=LINE('',#3602,#159);
#66=LINE('',#3606,#160);
#67=LINE('',#3608,#161);
#68=LINE('',#3613,#162);
#69=LINE('',#3614,#163);
#70=LINE('',#3617,#164);
#71=LINE('',#3618,#165);
#72=LINE('',#3622,#166);
#73=LINE('',#3624,#167);
#74=LINE('',#3629,#168);
#75=LINE('',#3630,#169);
#76=LINE('',#3633,#170);
#77=LINE('',#3634,#171);
#78=LINE('',#3638,#172);
#79=LINE('',#3640,#173);
#80=LINE('',#3645,#174);
#81=LINE('',#3646,#175);
#82=LINE('',#3649,#176);
#83=LINE('',#3650,#177);
#84=LINE('',#3654,#178);
#85=LINE('',#3656,#179);
#86=LINE('',#3661,#180);
#87=LINE('',#3662,#181);
#88=LINE('',#3665,#182);
#89=LINE('',#3666,#183);
#90=LINE('',#3670,#184);
#91=LINE('',#3672,#185);
#92=LINE('',#3677,#186);
#93=LINE('',#3678,#187);
#94=LINE('',#3681,#188);
#95=LINE('',#3682,#189);
#96=LINE('',#3686,#190);
#97=LINE('',#3688,#191);
#98=LINE('',#3693,#192);
#99=LINE('',#3694,#193);
#100=LINE('',#3697,#194);
#101=LINE('',#3698,#195);
#102=LINE('',#3702,#196);
#103=LINE('',#3704,#197);
#104=LINE('',#3709,#198);
#105=LINE('',#3710,#199);
#106=LINE('',#3713,#200);
#107=LINE('',#3714,#201);
#108=LINE('',#3718,#202);
#109=LINE('',#3720,#203);
#110=LINE('',#3724,#204);
#111=LINE('',#3725,#205);
#112=LINE('',#3726,#206);
#113=LINE('',#3730,#207);
#114=LINE('',#3733,#208);
#115=LINE('',#3734,#209);
#116=VECTOR('',#2529,10.);
#117=VECTOR('',#2532,10.);
#118=VECTOR('',#2535,10.);
#119=VECTOR('',#2536,10.);
#120=VECTOR('',#2537,10.);
#121=VECTOR('',#2544,10.);
#122=VECTOR('',#2547,10.);
#123=VECTOR('',#2548,10.);
#124=VECTOR('',#2549,10.);
#125=VECTOR('',#2556,10.);
#126=VECTOR('',#2559,10.);
#127=VECTOR('',#2560,10.);
#128=VECTOR('',#2561,10.);
#129=VECTOR('',#2568,10.);
#130=VECTOR('',#2679,10.);
#131=VECTOR('',#2682,10.);
#132=VECTOR('',#2687,10.);
#133=VECTOR('',#2690,10.);
#134=VECTOR('',#2693,10.);
#135=VECTOR('',#2696,10.);
#136=VECTOR('',#2699,10.);
#137=VECTOR('',#2702,10.);
#138=VECTOR('',#2705,10.);
#139=VECTOR('',#2708,10.);
#140=VECTOR('',#2711,10.);
#141=VECTOR('',#2714,10.);
#142=VECTOR('',#2717,10.);
#143=VECTOR('',#2720,10.);
#144=VECTOR('',#2723,10.);
#145=VECTOR('',#2726,10.);
#146=VECTOR('',#2729,10.);
#147=VECTOR('',#2732,10.);
#148=VECTOR('',#2735,10.);
#149=VECTOR('',#2738,10.);
#150=VECTOR('',#2927,10.);
#151=VECTOR('',#2928,10.);
#152=VECTOR('',#2931,10.);
#153=VECTOR('',#2932,10.);
#154=VECTOR('',#2937,10.);
#155=VECTOR('',#2940,10.);
#156=VECTOR('',#2945,10.);
#157=VECTOR('',#2946,10.);
#158=VECTOR('',#2949,10.);
#159=VECTOR('',#2950,10.);
#160=VECTOR('',#2955,10.);
#161=VECTOR('',#2958,10.);
#162=VECTOR('',#2963,10.);
#163=VECTOR('',#2964,10.);
#164=VECTOR('',#2967,10.);
#165=VECTOR('',#2968,10.);
#166=VECTOR('',#2973,10.);
#167=VECTOR('',#2976,10.);
#168=VECTOR('',#2981,10.);
#169=VECTOR('',#2982,10.);
#170=VECTOR('',#2985,10.);
#171=VECTOR('',#2986,10.);
#172=VECTOR('',#2991,10.);
#173=VECTOR('',#2994,10.);
#174=VECTOR('',#2999,10.);
#175=VECTOR('',#3000,10.);
#176=VECTOR('',#3003,10.);
#177=VECTOR('',#3004,10.);
#178=VECTOR('',#3009,10.);
#179=VECTOR('',#3012,10.);
#180=VECTOR('',#3017,10.);
#181=VECTOR('',#3018,10.);
#182=VECTOR('',#3021,10.);
#183=VECTOR('',#3022,10.);
#184=VECTOR('',#3027,10.);
#185=VECTOR('',#3030,10.);
#186=VECTOR('',#3035,10.);
#187=VECTOR('',#3036,10.);
#188=VECTOR('',#3039,10.);
#189=VECTOR('',#3040,10.);
#190=VECTOR('',#3045,10.);
#191=VECTOR('',#3048,10.);
#192=VECTOR('',#3053,10.);
#193=VECTOR('',#3054,10.);
#194=VECTOR('',#3057,10.);
#195=VECTOR('',#3058,10.);
#196=VECTOR('',#3063,10.);
#197=VECTOR('',#3066,10.);
#198=VECTOR('',#3071,10.);
#199=VECTOR('',#3072,10.);
#200=VECTOR('',#3075,10.);
#201=VECTOR('',#3076,10.);
#202=VECTOR('',#3081,10.);
#203=VECTOR('',#3084,10.);
#204=VECTOR('',#3087,10.);
#205=VECTOR('',#3088,10.);
#206=VECTOR('',#3089,10.);
#207=VECTOR('',#3094,10.);
#208=VECTOR('',#3097,10.);
#209=VECTOR('',#3098,10.);
#210=PLANE('',#2203);
#211=PLANE('',#2207);
#212=PLANE('',#2211);
#213=PLANE('',#2215);
#214=PLANE('',#2219);
#215=PLANE('',#2253);
#216=PLANE('',#2322);
#217=PLANE('',#2324);
#218=PLANE('',#2326);
#219=PLANE('',#2328);
#220=PLANE('',#2330);
#221=PLANE('',#2332);
#222=PLANE('',#2334);
#223=PLANE('',#2336);
#224=PLANE('',#2338);
#225=PLANE('',#2340);
#226=PLANE('',#2342);
#227=PLANE('',#2344);
#228=PLANE('',#2346);
#229=PLANE('',#2348);
#230=PLANE('',#2350);
#231=PLANE('',#2352);
#232=PLANE('',#2354);
#233=PLANE('',#2356);
#234=PLANE('',#2358);
#235=PLANE('',#2360);
#236=PLANE('',#2362);
#237=PLANE('',#2364);
#238=PLANE('',#2366);
#239=PLANE('',#2368);
#240=PLANE('',#2370);
#241=PLANE('',#2372);
#242=PLANE('',#2374);
#243=PLANE('',#2376);
#244=PLANE('',#2378);
#245=PLANE('',#2380);
#246=PLANE('',#2382);
#247=PLANE('',#2384);
#248=PLANE('',#2392);
#249=PLANE('',#2395);
#250=PLANE('',#2398);
#251=PLANE('',#2401);
#252=PLANE('',#2404);
#253=PLANE('',#2407);
#254=PLANE('',#2410);
#255=PLANE('',#2413);
#256=PLANE('',#2416);
#257=PLANE('',#2419);
#258=PLANE('',#2422);
#259=PLANE('',#2425);
#260=PLANE('',#2428);
#261=PLANE('',#2431);
#262=PLANE('',#2434);
#263=PLANE('',#2437);
#264=PLANE('',#2440);
#265=PLANE('',#2443);
#266=PLANE('',#2444);
#267=PLANE('',#2447);
#268=PLANE('',#2494);
#269=FACE_BOUND('',#558,.T.);
#270=FACE_BOUND('',#560,.T.);
#271=FACE_BOUND('',#562,.T.);
#272=FACE_BOUND('',#565,.T.);
#273=FACE_BOUND('',#576,.T.);
#274=FACE_BOUND('',#578,.T.);
#275=FACE_BOUND('',#580,.T.);
#276=FACE_BOUND('',#582,.T.);
#277=FACE_BOUND('',#584,.T.);
#278=FACE_BOUND('',#586,.T.);
#279=FACE_BOUND('',#588,.T.);
#280=FACE_BOUND('',#590,.T.);
#281=FACE_BOUND('',#592,.T.);
#282=FACE_BOUND('',#594,.T.);
#283=FACE_BOUND('',#595,.T.);
#284=FACE_BOUND('',#596,.T.);
#285=FACE_BOUND('',#597,.T.);
#286=FACE_BOUND('',#598,.T.);
#287=FACE_BOUND('',#599,.T.);
#288=FACE_BOUND('',#600,.T.);
#289=FACE_BOUND('',#601,.T.);
#290=FACE_BOUND('',#602,.T.);
#291=FACE_BOUND('',#603,.T.);
#292=FACE_BOUND('',#604,.T.);
#293=FACE_BOUND('',#605,.T.);
#294=FACE_BOUND('',#606,.T.);
#295=FACE_BOUND('',#607,.T.);
#296=FACE_BOUND('',#608,.T.);
#297=FACE_BOUND('',#609,.T.);
#298=FACE_BOUND('',#610,.T.);
#299=FACE_BOUND('',#611,.T.);
#300=FACE_BOUND('',#612,.T.);
#301=FACE_BOUND('',#613,.T.);
#302=FACE_BOUND('',#614,.T.);
#303=FACE_BOUND('',#615,.T.);
#304=FACE_BOUND('',#616,.T.);
#305=FACE_BOUND('',#617,.T.);
#306=FACE_BOUND('',#618,.T.);
#307=FACE_BOUND('',#619,.T.);
#308=FACE_BOUND('',#620,.T.);
#309=FACE_BOUND('',#621,.T.);
#310=FACE_BOUND('',#622,.T.);
#311=FACE_BOUND('',#623,.T.);
#312=FACE_BOUND('',#624,.T.);
#313=FACE_BOUND('',#625,.T.);
#314=FACE_BOUND('',#626,.T.);
#315=FACE_BOUND('',#627,.T.);
#316=FACE_BOUND('',#628,.T.);
#317=FACE_BOUND('',#629,.T.);
#318=FACE_BOUND('',#630,.T.);
#319=FACE_BOUND('',#631,.T.);
#320=FACE_BOUND('',#632,.T.);
#321=FACE_BOUND('',#633,.T.);
#322=FACE_BOUND('',#634,.T.);
#323=FACE_BOUND('',#635,.T.);
#324=FACE_BOUND('',#636,.T.);
#325=FACE_BOUND('',#637,.T.);
#326=FACE_BOUND('',#638,.T.);
#327=FACE_BOUND('',#639,.T.);
#328=FACE_BOUND('',#640,.T.);
#329=FACE_BOUND('',#641,.T.);
#330=FACE_BOUND('',#642,.T.);
#331=FACE_BOUND('',#644,.T.);
#332=FACE_BOUND('',#646,.T.);
#333=FACE_BOUND('',#648,.T.);
#334=FACE_BOUND('',#650,.T.);
#335=FACE_BOUND('',#652,.T.);
#336=FACE_BOUND('',#654,.T.);
#337=FACE_BOUND('',#656,.T.);
#338=FACE_BOUND('',#658,.T.);
#339=FACE_BOUND('',#660,.T.);
#340=FACE_BOUND('',#662,.T.);
#341=FACE_BOUND('',#664,.T.);
#342=FACE_BOUND('',#698,.T.);
#343=FACE_BOUND('',#700,.T.);
#344=FACE_BOUND('',#742,.T.);
#345=FACE_BOUND('',#744,.T.);
#346=FACE_BOUND('',#746,.T.);
#347=FACE_BOUND('',#748,.T.);
#348=FACE_BOUND('',#750,.T.);
#349=FACE_BOUND('',#752,.T.);
#350=FACE_BOUND('',#754,.T.);
#351=FACE_BOUND('',#756,.T.);
#352=FACE_BOUND('',#758,.T.);
#353=FACE_BOUND('',#760,.T.);
#354=FACE_BOUND('',#762,.T.);
#355=FACE_BOUND('',#764,.T.);
#356=FACE_BOUND('',#766,.T.);
#357=FACE_BOUND('',#768,.T.);
#358=FACE_BOUND('',#770,.T.);
#359=FACE_BOUND('',#772,.T.);
#360=FACE_BOUND('',#774,.T.);
#361=FACE_BOUND('',#776,.T.);
#362=FACE_BOUND('',#778,.T.);
#363=FACE_BOUND('',#780,.T.);
#364=FACE_BOUND('',#782,.T.);
#365=FACE_BOUND('',#784,.T.);
#366=FACE_BOUND('',#786,.T.);
#367=FACE_BOUND('',#788,.T.);
#368=FACE_BOUND('',#790,.T.);
#369=FACE_BOUND('',#792,.T.);
#370=FACE_BOUND('',#794,.T.);
#371=FACE_BOUND('',#796,.T.);
#372=FACE_BOUND('',#798,.T.);
#373=FACE_BOUND('',#800,.T.);
#374=FACE_BOUND('',#802,.T.);
#375=FACE_BOUND('',#804,.T.);
#376=FACE_BOUND('',#806,.T.);
#377=FACE_BOUND('',#807,.T.);
#378=FACE_BOUND('',#808,.T.);
#379=FACE_BOUND('',#809,.T.);
#380=FACE_BOUND('',#810,.T.);
#381=FACE_BOUND('',#811,.T.);
#382=FACE_BOUND('',#812,.T.);
#383=FACE_BOUND('',#813,.T.);
#384=FACE_BOUND('',#814,.T.);
#385=FACE_BOUND('',#815,.T.);
#386=FACE_BOUND('',#816,.T.);
#387=FACE_BOUND('',#817,.T.);
#388=FACE_BOUND('',#818,.T.);
#389=FACE_BOUND('',#819,.T.);
#390=FACE_BOUND('',#820,.T.);
#391=FACE_BOUND('',#821,.T.);
#392=FACE_BOUND('',#822,.T.);
#393=FACE_BOUND('',#823,.T.);
#394=FACE_BOUND('',#824,.T.);
#395=FACE_BOUND('',#825,.T.);
#396=FACE_BOUND('',#826,.T.);
#397=FACE_BOUND('',#827,.T.);
#398=FACE_BOUND('',#828,.T.);
#399=FACE_BOUND('',#829,.T.);
#400=FACE_BOUND('',#830,.T.);
#401=FACE_BOUND('',#831,.T.);
#402=FACE_BOUND('',#832,.T.);
#403=FACE_BOUND('',#833,.T.);
#404=FACE_BOUND('',#834,.T.);
#405=FACE_BOUND('',#835,.T.);
#406=FACE_BOUND('',#836,.T.);
#407=FACE_BOUND('',#837,.T.);
#408=FACE_BOUND('',#838,.T.);
#409=FACE_BOUND('',#839,.T.);
#410=FACE_BOUND('',#840,.T.);
#411=FACE_BOUND('',#841,.T.);
#412=FACE_BOUND('',#842,.T.);
#413=FACE_BOUND('',#843,.T.);
#414=FACE_BOUND('',#844,.T.);
#415=FACE_OUTER_BOUND('',#557,.T.);
#416=FACE_OUTER_BOUND('',#559,.T.);
#417=FACE_OUTER_BOUND('',#561,.T.);
#418=FACE_OUTER_BOUND('',#563,.T.);
#419=FACE_OUTER_BOUND('',#564,.T.);
#420=FACE_OUTER_BOUND('',#566,.T.);
#421=FACE_OUTER_BOUND('',#567,.T.);
#422=FACE_OUTER_BOUND('',#568,.T.);
#423=FACE_OUTER_BOUND('',#569,.T.);
#424=FACE_OUTER_BOUND('',#570,.T.);
#425=FACE_OUTER_BOUND('',#571,.T.);
#426=FACE_OUTER_BOUND('',#572,.T.);
#427=FACE_OUTER_BOUND('',#573,.T.);
#428=FACE_OUTER_BOUND('',#574,.T.);
#429=FACE_OUTER_BOUND('',#575,.T.);
#430=FACE_OUTER_BOUND('',#577,.T.);
#431=FACE_OUTER_BOUND('',#579,.T.);
#432=FACE_OUTER_BOUND('',#581,.T.);
#433=FACE_OUTER_BOUND('',#583,.T.);
#434=FACE_OUTER_BOUND('',#585,.T.);
#435=FACE_OUTER_BOUND('',#587,.T.);
#436=FACE_OUTER_BOUND('',#589,.T.);
#437=FACE_OUTER_BOUND('',#591,.T.);
#438=FACE_OUTER_BOUND('',#593,.T.);
#439=FACE_OUTER_BOUND('',#643,.T.);
#440=FACE_OUTER_BOUND('',#645,.T.);
#441=FACE_OUTER_BOUND('',#647,.T.);
#442=FACE_OUTER_BOUND('',#649,.T.);
#443=FACE_OUTER_BOUND('',#651,.T.);
#444=FACE_OUTER_BOUND('',#653,.T.);
#445=FACE_OUTER_BOUND('',#655,.T.);
#446=FACE_OUTER_BOUND('',#657,.T.);
#447=FACE_OUTER_BOUND('',#659,.T.);
#448=FACE_OUTER_BOUND('',#661,.T.);
#449=FACE_OUTER_BOUND('',#663,.T.);
#450=FACE_OUTER_BOUND('',#665,.T.);
#451=FACE_OUTER_BOUND('',#666,.T.);
#452=FACE_OUTER_BOUND('',#667,.T.);
#453=FACE_OUTER_BOUND('',#668,.T.);
#454=FACE_OUTER_BOUND('',#669,.T.);
#455=FACE_OUTER_BOUND('',#670,.T.);
#456=FACE_OUTER_BOUND('',#671,.T.);
#457=FACE_OUTER_BOUND('',#672,.T.);
#458=FACE_OUTER_BOUND('',#673,.T.);
#459=FACE_OUTER_BOUND('',#674,.T.);
#460=FACE_OUTER_BOUND('',#675,.T.);
#461=FACE_OUTER_BOUND('',#676,.T.);
#462=FACE_OUTER_BOUND('',#677,.T.);
#463=FACE_OUTER_BOUND('',#678,.T.);
#464=FACE_OUTER_BOUND('',#679,.T.);
#465=FACE_OUTER_BOUND('',#680,.T.);
#466=FACE_OUTER_BOUND('',#681,.T.);
#467=FACE_OUTER_BOUND('',#682,.T.);
#468=FACE_OUTER_BOUND('',#683,.T.);
#469=FACE_OUTER_BOUND('',#684,.T.);
#470=FACE_OUTER_BOUND('',#685,.T.);
#471=FACE_OUTER_BOUND('',#686,.T.);
#472=FACE_OUTER_BOUND('',#687,.T.);
#473=FACE_OUTER_BOUND('',#688,.T.);
#474=FACE_OUTER_BOUND('',#689,.T.);
#475=FACE_OUTER_BOUND('',#690,.T.);
#476=FACE_OUTER_BOUND('',#691,.T.);
#477=FACE_OUTER_BOUND('',#692,.T.);
#478=FACE_OUTER_BOUND('',#693,.T.);
#479=FACE_OUTER_BOUND('',#694,.T.);
#480=FACE_OUTER_BOUND('',#695,.T.);
#481=FACE_OUTER_BOUND('',#696,.T.);
#482=FACE_OUTER_BOUND('',#697,.T.);
#483=FACE_OUTER_BOUND('',#699,.T.);
#484=FACE_OUTER_BOUND('',#701,.T.);
#485=FACE_OUTER_BOUND('',#702,.T.);
#486=FACE_OUTER_BOUND('',#703,.T.);
#487=FACE_OUTER_BOUND('',#704,.T.);
#488=FACE_OUTER_BOUND('',#705,.T.);
#489=FACE_OUTER_BOUND('',#706,.T.);
#490=FACE_OUTER_BOUND('',#707,.T.);
#491=FACE_OUTER_BOUND('',#708,.T.);
#492=FACE_OUTER_BOUND('',#709,.T.);
#493=FACE_OUTER_BOUND('',#710,.T.);
#494=FACE_OUTER_BOUND('',#711,.T.);
#495=FACE_OUTER_BOUND('',#712,.T.);
#496=FACE_OUTER_BOUND('',#713,.T.);
#497=FACE_OUTER_BOUND('',#714,.T.);
#498=FACE_OUTER_BOUND('',#715,.T.);
#499=FACE_OUTER_BOUND('',#716,.T.);
#500=FACE_OUTER_BOUND('',#717,.T.);
#501=FACE_OUTER_BOUND('',#718,.T.);
#502=FACE_OUTER_BOUND('',#719,.T.);
#503=FACE_OUTER_BOUND('',#720,.T.);
#504=FACE_OUTER_BOUND('',#721,.T.);
#505=FACE_OUTER_BOUND('',#722,.T.);
#506=FACE_OUTER_BOUND('',#723,.T.);
#507=FACE_OUTER_BOUND('',#724,.T.);
#508=FACE_OUTER_BOUND('',#725,.T.);
#509=FACE_OUTER_BOUND('',#726,.T.);
#510=FACE_OUTER_BOUND('',#727,.T.);
#511=FACE_OUTER_BOUND('',#728,.T.);
#512=FACE_OUTER_BOUND('',#729,.T.);
#513=FACE_OUTER_BOUND('',#730,.T.);
#514=FACE_OUTER_BOUND('',#731,.T.);
#515=FACE_OUTER_BOUND('',#732,.T.);
#516=FACE_OUTER_BOUND('',#733,.T.);
#517=FACE_OUTER_BOUND('',#734,.T.);
#518=FACE_OUTER_BOUND('',#735,.T.);
#519=FACE_OUTER_BOUND('',#736,.T.);
#520=FACE_OUTER_BOUND('',#737,.T.);
#521=FACE_OUTER_BOUND('',#738,.T.);
#522=FACE_OUTER_BOUND('',#739,.T.);
#523=FACE_OUTER_BOUND('',#740,.T.);
#524=FACE_OUTER_BOUND('',#741,.T.);
#525=FACE_OUTER_BOUND('',#743,.T.);
#526=FACE_OUTER_BOUND('',#745,.T.);
#527=FACE_OUTER_BOUND('',#747,.T.);
#528=FACE_OUTER_BOUND('',#749,.T.);
#529=FACE_OUTER_BOUND('',#751,.T.);
#530=FACE_OUTER_BOUND('',#753,.T.);
#531=FACE_OUTER_BOUND('',#755,.T.);
#532=FACE_OUTER_BOUND('',#757,.T.);
#533=FACE_OUTER_BOUND('',#759,.T.);
#534=FACE_OUTER_BOUND('',#761,.T.);
#535=FACE_OUTER_BOUND('',#763,.T.);
#536=FACE_OUTER_BOUND('',#765,.T.);
#537=FACE_OUTER_BOUND('',#767,.T.);
#538=FACE_OUTER_BOUND('',#769,.T.);
#539=FACE_OUTER_BOUND('',#771,.T.);
#540=FACE_OUTER_BOUND('',#773,.T.);
#541=FACE_OUTER_BOUND('',#775,.T.);
#542=FACE_OUTER_BOUND('',#777,.T.);
#543=FACE_OUTER_BOUND('',#779,.T.);
#544=FACE_OUTER_BOUND('',#781,.T.);
#545=FACE_OUTER_BOUND('',#783,.T.);
#546=FACE_OUTER_BOUND('',#785,.T.);
#547=FACE_OUTER_BOUND('',#787,.T.);
#548=FACE_OUTER_BOUND('',#789,.T.);
#549=FACE_OUTER_BOUND('',#791,.T.);
#550=FACE_OUTER_BOUND('',#793,.T.);
#551=FACE_OUTER_BOUND('',#795,.T.);
#552=FACE_OUTER_BOUND('',#797,.T.);
#553=FACE_OUTER_BOUND('',#799,.T.);
#554=FACE_OUTER_BOUND('',#801,.T.);
#555=FACE_OUTER_BOUND('',#803,.T.);
#556=FACE_OUTER_BOUND('',#805,.T.);
#557=EDGE_LOOP('',(#1462));
#558=EDGE_LOOP('',(#1463));
#559=EDGE_LOOP('',(#1464));
#560=EDGE_LOOP('',(#1465));
#561=EDGE_LOOP('',(#1466));
#562=EDGE_LOOP('',(#1467));
#563=EDGE_LOOP('',(#1468));
#564=EDGE_LOOP('',(#1469));
#565=EDGE_LOOP('',(#1470));
#566=EDGE_LOOP('',(#1471));
#567=EDGE_LOOP('',(#1472,#1473,#1474,#1475));
#568=EDGE_LOOP('',(#1476,#1477,#1478,#1479));
#569=EDGE_LOOP('',(#1480,#1481,#1482,#1483));
#570=EDGE_LOOP('',(#1484,#1485,#1486,#1487));
#571=EDGE_LOOP('',(#1488,#1489,#1490,#1491));
#572=EDGE_LOOP('',(#1492,#1493,#1494,#1495));
#573=EDGE_LOOP('',(#1496,#1497,#1498,#1499));
#574=EDGE_LOOP('',(#1500,#1501,#1502,#1503));
#575=EDGE_LOOP('',(#1504));
#576=EDGE_LOOP('',(#1505));
#577=EDGE_LOOP('',(#1506));
#578=EDGE_LOOP('',(#1507));
#579=EDGE_LOOP('',(#1508));
#580=EDGE_LOOP('',(#1509));
#581=EDGE_LOOP('',(#1510));
#582=EDGE_LOOP('',(#1511));
#583=EDGE_LOOP('',(#1512));
#584=EDGE_LOOP('',(#1513));
#585=EDGE_LOOP('',(#1514));
#586=EDGE_LOOP('',(#1515));
#587=EDGE_LOOP('',(#1516));
#588=EDGE_LOOP('',(#1517));
#589=EDGE_LOOP('',(#1518));
#590=EDGE_LOOP('',(#1519));
#591=EDGE_LOOP('',(#1520));
#592=EDGE_LOOP('',(#1521));
#593=EDGE_LOOP('',(#1522));
#594=EDGE_LOOP('',(#1523));
#595=EDGE_LOOP('',(#1524));
#596=EDGE_LOOP('',(#1525));
#597=EDGE_LOOP('',(#1526));
#598=EDGE_LOOP('',(#1527,#1528,#1529,#1530,#1531,#1532,#1533,#1534));
#599=EDGE_LOOP('',(#1535));
#600=EDGE_LOOP('',(#1536));
#601=EDGE_LOOP('',(#1537));
#602=EDGE_LOOP('',(#1538));
#603=EDGE_LOOP('',(#1539));
#604=EDGE_LOOP('',(#1540));
#605=EDGE_LOOP('',(#1541));
#606=EDGE_LOOP('',(#1542));
#607=EDGE_LOOP('',(#1543));
#608=EDGE_LOOP('',(#1544));
#609=EDGE_LOOP('',(#1545));
#610=EDGE_LOOP('',(#1546));
#611=EDGE_LOOP('',(#1547));
#612=EDGE_LOOP('',(#1548));
#613=EDGE_LOOP('',(#1549));
#614=EDGE_LOOP('',(#1550));
#615=EDGE_LOOP('',(#1551));
#616=EDGE_LOOP('',(#1552));
#617=EDGE_LOOP('',(#1553));
#618=EDGE_LOOP('',(#1554));
#619=EDGE_LOOP('',(#1555));
#620=EDGE_LOOP('',(#1556));
#621=EDGE_LOOP('',(#1557));
#622=EDGE_LOOP('',(#1558));
#623=EDGE_LOOP('',(#1559));
#624=EDGE_LOOP('',(#1560));
#625=EDGE_LOOP('',(#1561));
#626=EDGE_LOOP('',(#1562));
#627=EDGE_LOOP('',(#1563));
#628=EDGE_LOOP('',(#1564));
#629=EDGE_LOOP('',(#1565));
#630=EDGE_LOOP('',(#1566,#1567,#1568,#1569));
#631=EDGE_LOOP('',(#1570,#1571,#1572,#1573));
#632=EDGE_LOOP('',(#1574,#1575,#1576,#1577));
#633=EDGE_LOOP('',(#1578,#1579,#1580,#1581));
#634=EDGE_LOOP('',(#1582,#1583,#1584,#1585));
#635=EDGE_LOOP('',(#1586,#1587,#1588,#1589));
#636=EDGE_LOOP('',(#1590,#1591,#1592,#1593));
#637=EDGE_LOOP('',(#1594,#1595,#1596,#1597));
#638=EDGE_LOOP('',(#1598,#1599,#1600,#1601));
#639=EDGE_LOOP('',(#1602,#1603,#1604,#1605));
#640=EDGE_LOOP('',(#1606));
#641=EDGE_LOOP('',(#1607));
#642=EDGE_LOOP('',(#1608));
#643=EDGE_LOOP('',(#1609));
#644=EDGE_LOOP('',(#1610));
#645=EDGE_LOOP('',(#1611));
#646=EDGE_LOOP('',(#1612));
#647=EDGE_LOOP('',(#1613));
#648=EDGE_LOOP('',(#1614));
#649=EDGE_LOOP('',(#1615));
#650=EDGE_LOOP('',(#1616));
#651=EDGE_LOOP('',(#1617));
#652=EDGE_LOOP('',(#1618));
#653=EDGE_LOOP('',(#1619));
#654=EDGE_LOOP('',(#1620));
#655=EDGE_LOOP('',(#1621));
#656=EDGE_LOOP('',(#1622));
#657=EDGE_LOOP('',(#1623));
#658=EDGE_LOOP('',(#1624));
#659=EDGE_LOOP('',(#1625));
#660=EDGE_LOOP('',(#1626));
#661=EDGE_LOOP('',(#1627));
#662=EDGE_LOOP('',(#1628));
#663=EDGE_LOOP('',(#1629));
#664=EDGE_LOOP('',(#1630));
#665=EDGE_LOOP('',(#1631));
#666=EDGE_LOOP('',(#1632));
#667=EDGE_LOOP('',(#1633));
#668=EDGE_LOOP('',(#1634));
#669=EDGE_LOOP('',(#1635));
#670=EDGE_LOOP('',(#1636));
#671=EDGE_LOOP('',(#1637));
#672=EDGE_LOOP('',(#1638));
#673=EDGE_LOOP('',(#1639));
#674=EDGE_LOOP('',(#1640));
#675=EDGE_LOOP('',(#1641));
#676=EDGE_LOOP('',(#1642));
#677=EDGE_LOOP('',(#1643));
#678=EDGE_LOOP('',(#1644));
#679=EDGE_LOOP('',(#1645));
#680=EDGE_LOOP('',(#1646));
#681=EDGE_LOOP('',(#1647));
#682=EDGE_LOOP('',(#1648));
#683=EDGE_LOOP('',(#1649));
#684=EDGE_LOOP('',(#1650));
#685=EDGE_LOOP('',(#1651));
#686=EDGE_LOOP('',(#1652));
#687=EDGE_LOOP('',(#1653));
#688=EDGE_LOOP('',(#1654));
#689=EDGE_LOOP('',(#1655));
#690=EDGE_LOOP('',(#1656));
#691=EDGE_LOOP('',(#1657));
#692=EDGE_LOOP('',(#1658));
#693=EDGE_LOOP('',(#1659));
#694=EDGE_LOOP('',(#1660));
#695=EDGE_LOOP('',(#1661));
#696=EDGE_LOOP('',(#1662));
#697=EDGE_LOOP('',(#1663));
#698=EDGE_LOOP('',(#1664));
#699=EDGE_LOOP('',(#1665));
#700=EDGE_LOOP('',(#1666));
#701=EDGE_LOOP('',(#1667,#1668,#1669,#1670));
#702=EDGE_LOOP('',(#1671,#1672,#1673,#1674));
#703=EDGE_LOOP('',(#1675,#1676,#1677,#1678));
#704=EDGE_LOOP('',(#1679,#1680,#1681,#1682));
#705=EDGE_LOOP('',(#1683,#1684,#1685,#1686));
#706=EDGE_LOOP('',(#1687,#1688,#1689,#1690));
#707=EDGE_LOOP('',(#1691,#1692,#1693,#1694));
#708=EDGE_LOOP('',(#1695,#1696,#1697,#1698));
#709=EDGE_LOOP('',(#1699,#1700,#1701,#1702));
#710=EDGE_LOOP('',(#1703,#1704,#1705,#1706));
#711=EDGE_LOOP('',(#1707,#1708,#1709,#1710));
#712=EDGE_LOOP('',(#1711,#1712,#1713,#1714));
#713=EDGE_LOOP('',(#1715,#1716,#1717,#1718));
#714=EDGE_LOOP('',(#1719,#1720,#1721,#1722));
#715=EDGE_LOOP('',(#1723,#1724,#1725,#1726));
#716=EDGE_LOOP('',(#1727,#1728,#1729,#1730));
#717=EDGE_LOOP('',(#1731,#1732,#1733,#1734));
#718=EDGE_LOOP('',(#1735,#1736,#1737,#1738));
#719=EDGE_LOOP('',(#1739,#1740,#1741,#1742));
#720=EDGE_LOOP('',(#1743,#1744,#1745,#1746));
#721=EDGE_LOOP('',(#1747,#1748,#1749,#1750));
#722=EDGE_LOOP('',(#1751,#1752,#1753,#1754));
#723=EDGE_LOOP('',(#1755,#1756,#1757,#1758));
#724=EDGE_LOOP('',(#1759,#1760,#1761,#1762));
#725=EDGE_LOOP('',(#1763,#1764,#1765,#1766));
#726=EDGE_LOOP('',(#1767,#1768,#1769,#1770));
#727=EDGE_LOOP('',(#1771,#1772,#1773,#1774));
#728=EDGE_LOOP('',(#1775,#1776,#1777,#1778));
#729=EDGE_LOOP('',(#1779,#1780,#1781,#1782));
#730=EDGE_LOOP('',(#1783,#1784,#1785,#1786));
#731=EDGE_LOOP('',(#1787,#1788,#1789,#1790));
#732=EDGE_LOOP('',(#1791,#1792,#1793,#1794));
#733=EDGE_LOOP('',(#1795,#1796,#1797,#1798));
#734=EDGE_LOOP('',(#1799,#1800,#1801,#1802));
#735=EDGE_LOOP('',(#1803,#1804,#1805,#1806));
#736=EDGE_LOOP('',(#1807,#1808,#1809,#1810));
#737=EDGE_LOOP('',(#1811,#1812,#1813,#1814));
#738=EDGE_LOOP('',(#1815,#1816,#1817,#1818));
#739=EDGE_LOOP('',(#1819,#1820,#1821,#1822));
#740=EDGE_LOOP('',(#1823,#1824,#1825,#1826));
#741=EDGE_LOOP('',(#1827));
#742=EDGE_LOOP('',(#1828));
#743=EDGE_LOOP('',(#1829));
#744=EDGE_LOOP('',(#1830));
#745=EDGE_LOOP('',(#1831));
#746=EDGE_LOOP('',(#1832));
#747=EDGE_LOOP('',(#1833));
#748=EDGE_LOOP('',(#1834));
#749=EDGE_LOOP('',(#1835));
#750=EDGE_LOOP('',(#1836));
#751=EDGE_LOOP('',(#1837));
#752=EDGE_LOOP('',(#1838));
#753=EDGE_LOOP('',(#1839));
#754=EDGE_LOOP('',(#1840));
#755=EDGE_LOOP('',(#1841));
#756=EDGE_LOOP('',(#1842));
#757=EDGE_LOOP('',(#1843));
#758=EDGE_LOOP('',(#1844));
#759=EDGE_LOOP('',(#1845));
#760=EDGE_LOOP('',(#1846));
#761=EDGE_LOOP('',(#1847));
#762=EDGE_LOOP('',(#1848));
#763=EDGE_LOOP('',(#1849));
#764=EDGE_LOOP('',(#1850));
#765=EDGE_LOOP('',(#1851));
#766=EDGE_LOOP('',(#1852));
#767=EDGE_LOOP('',(#1853));
#768=EDGE_LOOP('',(#1854));
#769=EDGE_LOOP('',(#1855));
#770=EDGE_LOOP('',(#1856));
#771=EDGE_LOOP('',(#1857));
#772=EDGE_LOOP('',(#1858));
#773=EDGE_LOOP('',(#1859));
#774=EDGE_LOOP('',(#1860));
#775=EDGE_LOOP('',(#1861));
#776=EDGE_LOOP('',(#1862));
#777=EDGE_LOOP('',(#1863));
#778=EDGE_LOOP('',(#1864));
#779=EDGE_LOOP('',(#1865));
#780=EDGE_LOOP('',(#1866));
#781=EDGE_LOOP('',(#1867));
#782=EDGE_LOOP('',(#1868));
#783=EDGE_LOOP('',(#1869));
#784=EDGE_LOOP('',(#1870));
#785=EDGE_LOOP('',(#1871));
#786=EDGE_LOOP('',(#1872));
#787=EDGE_LOOP('',(#1873));
#788=EDGE_LOOP('',(#1874));
#789=EDGE_LOOP('',(#1875));
#790=EDGE_LOOP('',(#1876));
#791=EDGE_LOOP('',(#1877));
#792=EDGE_LOOP('',(#1878));
#793=EDGE_LOOP('',(#1879));
#794=EDGE_LOOP('',(#1880));
#795=EDGE_LOOP('',(#1881));
#796=EDGE_LOOP('',(#1882));
#797=EDGE_LOOP('',(#1883));
#798=EDGE_LOOP('',(#1884));
#799=EDGE_LOOP('',(#1885));
#800=EDGE_LOOP('',(#1886));
#801=EDGE_LOOP('',(#1887));
#802=EDGE_LOOP('',(#1888));
#803=EDGE_LOOP('',(#1889));
#804=EDGE_LOOP('',(#1890));
#805=EDGE_LOOP('',(#1891));
#806=EDGE_LOOP('',(#1892));
#807=EDGE_LOOP('',(#1893));
#808=EDGE_LOOP('',(#1894,#1895,#1896,#1897,#1898,#1899,#1900,#1901));
#809=EDGE_LOOP('',(#1902));
#810=EDGE_LOOP('',(#1903));
#811=EDGE_LOOP('',(#1904));
#812=EDGE_LOOP('',(#1905));
#813=EDGE_LOOP('',(#1906));
#814=EDGE_LOOP('',(#1907));
#815=EDGE_LOOP('',(#1908));
#816=EDGE_LOOP('',(#1909));
#817=EDGE_LOOP('',(#1910,#1911,#1912,#1913));
#818=EDGE_LOOP('',(#1914,#1915,#1916,#1917));
#819=EDGE_LOOP('',(#1918,#1919,#1920,#1921));
#820=EDGE_LOOP('',(#1922,#1923,#1924,#1925));
#821=EDGE_LOOP('',(#1926,#1927,#1928,#1929));
#822=EDGE_LOOP('',(#1930,#1931,#1932,#1933));
#823=EDGE_LOOP('',(#1934,#1935,#1936,#1937));
#824=EDGE_LOOP('',(#1938,#1939,#1940,#1941));
#825=EDGE_LOOP('',(#1942,#1943,#1944,#1945));
#826=EDGE_LOOP('',(#1946,#1947,#1948,#1949));
#827=EDGE_LOOP('',(#1950));
#828=EDGE_LOOP('',(#1951));
#829=EDGE_LOOP('',(#1952));
#830=EDGE_LOOP('',(#1953));
#831=EDGE_LOOP('',(#1954));
#832=EDGE_LOOP('',(#1955));
#833=EDGE_LOOP('',(#1956));
#834=EDGE_LOOP('',(#1957));
#835=EDGE_LOOP('',(#1958));
#836=EDGE_LOOP('',(#1959));
#837=EDGE_LOOP('',(#1960));
#838=EDGE_LOOP('',(#1961));
#839=EDGE_LOOP('',(#1962));
#840=EDGE_LOOP('',(#1963));
#841=EDGE_LOOP('',(#1964));
#842=EDGE_LOOP('',(#1965));
#843=EDGE_LOOP('',(#1966));
#844=EDGE_LOOP('',(#1967));
#845=CIRCLE('',#2195,4.);
#846=CIRCLE('',#2196,4.);
#847=CIRCLE('',#2198,4.);
#848=CIRCLE('',#2199,4.);
#849=CIRCLE('',#2201,1.2);
#850=CIRCLE('',#2202,1.2);
#851=CIRCLE('',#2205,1.2);
#852=CIRCLE('',#2206,1.2);
#853=CIRCLE('',#2209,2.4507821303308);
#854=CIRCLE('',#2210,2.4507821303308);
#855=CIRCLE('',#2213,0.650782130354962);
#856=CIRCLE('',#2214,0.650782130354962);
#857=CIRCLE('',#2217,0.650782130342912);
#858=CIRCLE('',#2218,0.650782130342912);
#859=CIRCLE('',#2221,2.45078213033061);
#860=CIRCLE('',#2222,2.45078213033061);
#861=CIRCLE('',#2224,11.2007821303308);
#862=CIRCLE('',#2225,11.2007821303308);
#863=CIRCLE('',#2227,1.2);
#864=CIRCLE('',#2228,1.2);
#865=CIRCLE('',#2230,1.2);
#866=CIRCLE('',#2231,1.2);
#867=CIRCLE('',#2233,11.9);
#868=CIRCLE('',#2234,11.9);
#869=CIRCLE('',#2236,1.2);
#870=CIRCLE('',#2237,1.2);
#871=CIRCLE('',#2239,1.2);
#872=CIRCLE('',#2240,1.2);
#873=CIRCLE('',#2242,1.2);
#874=CIRCLE('',#2243,1.2);
#875=CIRCLE('',#2245,1.2);
#876=CIRCLE('',#2246,1.2);
#877=CIRCLE('',#2248,11.9);
#878=CIRCLE('',#2249,11.9);
#879=CIRCLE('',#2251,2.125);
#880=CIRCLE('',#2252,4.12499999999999);
#881=CIRCLE('',#2254,114.);
#882=CIRCLE('',#2255,4.12499999999999);
#883=CIRCLE('',#2256,4.125);
#884=CIRCLE('',#2257,4.12499999999999);
#885=CIRCLE('',#2258,1.2);
#886=CIRCLE('',#2259,1.2);
#887=CIRCLE('',#2260,1.2);
#888=CIRCLE('',#2261,1.2);
#889=CIRCLE('',#2262,1.2);
#890=CIRCLE('',#2263,1.2);
#891=CIRCLE('',#2264,1.2);
#892=CIRCLE('',#2265,1.2);
#893=CIRCLE('',#2266,1.2);
#894=CIRCLE('',#2267,1.2);
#895=CIRCLE('',#2268,1.2);
#896=CIRCLE('',#2269,1.2);
#897=CIRCLE('',#2270,1.2);
#898=CIRCLE('',#2271,1.2);
#899=CIRCLE('',#2272,1.2);
#900=CIRCLE('',#2273,1.2);
#901=CIRCLE('',#2274,1.2);
#902=CIRCLE('',#2275,1.2);
#903=CIRCLE('',#2276,1.2);
#904=CIRCLE('',#2277,1.2);
#905=CIRCLE('',#2278,10.3);
#906=CIRCLE('',#2279,10.3);
#907=CIRCLE('',#2280,10.3);
#908=CIRCLE('',#2281,10.3);
#909=CIRCLE('',#2282,10.3);
#910=CIRCLE('',#2283,10.3);
#911=CIRCLE('',#2284,10.3);
#912=CIRCLE('',#2285,10.3);
#913=CIRCLE('',#2286,10.3);
#914=CIRCLE('',#2287,10.3);
#915=CIRCLE('',#2288,10.3);
#916=CIRCLE('',#2289,10.3);
#917=CIRCLE('',#2290,10.3);
#918=CIRCLE('',#2291,10.3);
#919=CIRCLE('',#2292,10.3);
#920=CIRCLE('',#2293,10.3);
#921=CIRCLE('',#2294,10.3);
#922=CIRCLE('',#2295,10.3);
#923=CIRCLE('',#2296,10.3);
#924=CIRCLE('',#2297,10.3);
#925=CIRCLE('',#2298,4.125);
#926=CIRCLE('',#2299,4.12499999999999);
#927=CIRCLE('',#2301,2.125);
#928=CIRCLE('',#2303,2.125);
#929=CIRCLE('',#2305,2.125);
#930=CIRCLE('',#2307,2.125);
#931=CIRCLE('',#2309,2.125);
#932=CIRCLE('',#2311,2.125);
#933=CIRCLE('',#2313,2.125);
#934=CIRCLE('',#2315,2.125);
#935=CIRCLE('',#2317,2.125);
#936=CIRCLE('',#2319,2.125);
#937=CIRCLE('',#2321,2.125);
#938=CIRCLE('',#2323,1.2);
#939=CIRCLE('',#2325,1.2);
#940=CIRCLE('',#2327,1.2);
#941=CIRCLE('',#2329,1.2);
#942=CIRCLE('',#2331,1.2);
#943=CIRCLE('',#2333,1.2);
#944=CIRCLE('',#2335,1.2);
#945=CIRCLE('',#2337,1.2);
#946=CIRCLE('',#2339,1.2);
#947=CIRCLE('',#2341,1.2);
#948=CIRCLE('',#2343,1.2);
#949=CIRCLE('',#2345,1.2);
#950=CIRCLE('',#2347,1.2);
#951=CIRCLE('',#2349,1.2);
#952=CIRCLE('',#2351,1.2);
#953=CIRCLE('',#2353,1.2);
#954=CIRCLE('',#2355,1.2);
#955=CIRCLE('',#2357,1.2);
#956=CIRCLE('',#2359,1.2);
#957=CIRCLE('',#2361,1.2);
#958=CIRCLE('',#2363,1.2);
#959=CIRCLE('',#2365,1.2);
#960=CIRCLE('',#2367,1.2);
#961=CIRCLE('',#2369,1.2);
#962=CIRCLE('',#2371,1.2);
#963=CIRCLE('',#2373,1.2);
#964=CIRCLE('',#2375,1.2);
#965=CIRCLE('',#2377,1.2);
#966=CIRCLE('',#2379,1.2);
#967=CIRCLE('',#2381,1.2);
#968=CIRCLE('',#2383,1.2);
#969=CIRCLE('',#2385,1.2);
#970=CIRCLE('',#2387,114.25);
#971=CIRCLE('',#2389,114.25);
#972=CIRCLE('',#2391,10.3);
#973=CIRCLE('',#2394,10.3);
#974=CIRCLE('',#2397,10.3);
#975=CIRCLE('',#2400,10.3);
#976=CIRCLE('',#2403,10.3);
#977=CIRCLE('',#2406,10.3);
#978=CIRCLE('',#2409,10.3);
#979=CIRCLE('',#2412,10.3);
#980=CIRCLE('',#2415,10.3);
#981=CIRCLE('',#2418,10.3);
#982=CIRCLE('',#2421,10.3);
#983=CIRCLE('',#2424,10.3);
#984=CIRCLE('',#2427,10.3);
#985=CIRCLE('',#2430,10.3);
#986=CIRCLE('',#2433,10.3);
#987=CIRCLE('',#2436,10.3);
#988=CIRCLE('',#2439,10.3);
#989=CIRCLE('',#2442,10.3);
#990=CIRCLE('',#2446,10.3);
#991=CIRCLE('',#2449,10.3);
#992=CIRCLE('',#2469,1.2);
#993=CIRCLE('',#2471,1.2);
#994=CIRCLE('',#2473,1.2);
#995=CIRCLE('',#2475,1.2);
#996=CIRCLE('',#2477,1.2);
#997=CIRCLE('',#2479,1.2);
#998=CIRCLE('',#2481,1.2);
#999=CIRCLE('',#2483,1.2);
#1000=CIRCLE('',#2485,1.2);
#1001=CIRCLE('',#2487,1.2);
#1002=CIRCLE('',#2489,1.2);
#1003=CIRCLE('',#2491,1.2);
#1004=VERTEX_POINT('',#3195);
#1005=VERTEX_POINT('',#3197);
#1006=VERTEX_POINT('',#3200);
#1007=VERTEX_POINT('',#3202);
#1008=VERTEX_POINT('',#3205);
#1009=VERTEX_POINT('',#3207);
#1010=VERTEX_POINT('',#3211);
#1011=VERTEX_POINT('',#3213);
#1012=VERTEX_POINT('',#3217);
#1013=VERTEX_POINT('',#3218);
#1014=VERTEX_POINT('',#3220);
#1015=VERTEX_POINT('',#3222);
#1016=VERTEX_POINT('',#3226);
#1017=VERTEX_POINT('',#3228);
#1018=VERTEX_POINT('',#3232);
#1019=VERTEX_POINT('',#3234);
#1020=VERTEX_POINT('',#3238);
#1021=VERTEX_POINT('',#3240);
#1022=VERTEX_POINT('',#3244);
#1023=VERTEX_POINT('',#3246);
#1024=VERTEX_POINT('',#3250);
#1025=VERTEX_POINT('',#3252);
#1026=VERTEX_POINT('',#3256);
#1027=VERTEX_POINT('',#3258);
#1028=VERTEX_POINT('',#3265);
#1029=VERTEX_POINT('',#3267);
#1030=VERTEX_POINT('',#3270);
#1031=VERTEX_POINT('',#3272);
#1032=VERTEX_POINT('',#3275);
#1033=VERTEX_POINT('',#3277);
#1034=VERTEX_POINT('',#3280);
#1035=VERTEX_POINT('',#3282);
#1036=VERTEX_POINT('',#3285);
#1037=VERTEX_POINT('',#3287);
#1038=VERTEX_POINT('',#3290);
#1039=VERTEX_POINT('',#3292);
#1040=VERTEX_POINT('',#3295);
#1041=VERTEX_POINT('',#3297);
#1042=VERTEX_POINT('',#3300);
#1043=VERTEX_POINT('',#3302);
#1044=VERTEX_POINT('',#3305);
#1045=VERTEX_POINT('',#3307);
#1046=VERTEX_POINT('',#3310);
#1047=VERTEX_POINT('',#3312);
#1048=VERTEX_POINT('',#3314);
#1049=VERTEX_POINT('',#3316);
#1050=VERTEX_POINT('',#3318);
#1051=VERTEX_POINT('',#3320);
#1052=VERTEX_POINT('',#3322);
#1053=VERTEX_POINT('',#3324);
#1054=VERTEX_POINT('',#3326);
#1055=VERTEX_POINT('',#3328);
#1056=VERTEX_POINT('',#3330);
#1057=VERTEX_POINT('',#3332);
#1058=VERTEX_POINT('',#3334);
#1059=VERTEX_POINT('',#3336);
#1060=VERTEX_POINT('',#3338);
#1061=VERTEX_POINT('',#3340);
#1062=VERTEX_POINT('',#3342);
#1063=VERTEX_POINT('',#3344);
#1064=VERTEX_POINT('',#3346);
#1065=VERTEX_POINT('',#3348);
#1066=VERTEX_POINT('',#3350);
#1067=VERTEX_POINT('',#3352);
#1068=VERTEX_POINT('',#3354);
#1069=VERTEX_POINT('',#3356);
#1070=VERTEX_POINT('',#3358);
#1071=VERTEX_POINT('',#3359);
#1072=VERTEX_POINT('',#3361);
#1073=VERTEX_POINT('',#3363);
#1074=VERTEX_POINT('',#3366);
#1075=VERTEX_POINT('',#3367);
#1076=VERTEX_POINT('',#3369);
#1077=VERTEX_POINT('',#3371);
#1078=VERTEX_POINT('',#3374);
#1079=VERTEX_POINT('',#3375);
#1080=VERTEX_POINT('',#3377);
#1081=VERTEX_POINT('',#3379);
#1082=VERTEX_POINT('',#3382);
#1083=VERTEX_POINT('',#3383);
#1084=VERTEX_POINT('',#3385);
#1085=VERTEX_POINT('',#3387);
#1086=VERTEX_POINT('',#3390);
#1087=VERTEX_POINT('',#3391);
#1088=VERTEX_POINT('',#3393);
#1089=VERTEX_POINT('',#3395);
#1090=VERTEX_POINT('',#3398);
#1091=VERTEX_POINT('',#3399);
#1092=VERTEX_POINT('',#3401);
#1093=VERTEX_POINT('',#3403);
#1094=VERTEX_POINT('',#3406);
#1095=VERTEX_POINT('',#3407);
#1096=VERTEX_POINT('',#3409);
#1097=VERTEX_POINT('',#3411);
#1098=VERTEX_POINT('',#3414);
#1099=VERTEX_POINT('',#3415);
#1100=VERTEX_POINT('',#3417);
#1101=VERTEX_POINT('',#3419);
#1102=VERTEX_POINT('',#3422);
#1103=VERTEX_POINT('',#3423);
#1104=VERTEX_POINT('',#3425);
#1105=VERTEX_POINT('',#3427);
#1106=VERTEX_POINT('',#3430);
#1107=VERTEX_POINT('',#3431);
#1108=VERTEX_POINT('',#3433);
#1109=VERTEX_POINT('',#3435);
#1110=VERTEX_POINT('',#3438);
#1111=VERTEX_POINT('',#3440);
#1112=VERTEX_POINT('',#3443);
#1113=VERTEX_POINT('',#3446);
#1114=VERTEX_POINT('',#3449);
#1115=VERTEX_POINT('',#3452);
#1116=VERTEX_POINT('',#3455);
#1117=VERTEX_POINT('',#3458);
#1118=VERTEX_POINT('',#3461);
#1119=VERTEX_POINT('',#3464);
#1120=VERTEX_POINT('',#3467);
#1121=VERTEX_POINT('',#3470);
#1122=VERTEX_POINT('',#3473);
#1123=VERTEX_POINT('',#3476);
#1124=VERTEX_POINT('',#3479);
#1125=VERTEX_POINT('',#3482);
#1126=VERTEX_POINT('',#3485);
#1127=VERTEX_POINT('',#3488);
#1128=VERTEX_POINT('',#3491);
#1129=VERTEX_POINT('',#3494);
#1130=VERTEX_POINT('',#3497);
#1131=VERTEX_POINT('',#3500);
#1132=VERTEX_POINT('',#3503);
#1133=VERTEX_POINT('',#3506);
#1134=VERTEX_POINT('',#3509);
#1135=VERTEX_POINT('',#3512);
#1136=VERTEX_POINT('',#3515);
#1137=VERTEX_POINT('',#3518);
#1138=VERTEX_POINT('',#3521);
#1139=VERTEX_POINT('',#3524);
#1140=VERTEX_POINT('',#3527);
#1141=VERTEX_POINT('',#3530);
#1142=VERTEX_POINT('',#3533);
#1143=VERTEX_POINT('',#3536);
#1144=VERTEX_POINT('',#3539);
#1145=VERTEX_POINT('',#3542);
#1146=VERTEX_POINT('',#3545);
#1147=VERTEX_POINT('',#3548);
#1148=VERTEX_POINT('',#3551);
#1149=VERTEX_POINT('',#3554);
#1150=VERTEX_POINT('',#3557);
#1151=VERTEX_POINT('',#3560);
#1152=VERTEX_POINT('',#3563);
#1153=VERTEX_POINT('',#3566);
#1154=VERTEX_POINT('',#3569);
#1155=VERTEX_POINT('',#3572);
#1156=VERTEX_POINT('',#3575);
#1157=VERTEX_POINT('',#3578);
#1158=VERTEX_POINT('',#3579);
#1159=VERTEX_POINT('',#3584);
#1160=VERTEX_POINT('',#3588);
#1161=VERTEX_POINT('',#3594);
#1162=VERTEX_POINT('',#3595);
#1163=VERTEX_POINT('',#3600);
#1164=VERTEX_POINT('',#3604);
#1165=VERTEX_POINT('',#3610);
#1166=VERTEX_POINT('',#3611);
#1167=VERTEX_POINT('',#3616);
#1168=VERTEX_POINT('',#3620);
#1169=VERTEX_POINT('',#3626);
#1170=VERTEX_POINT('',#3627);
#1171=VERTEX_POINT('',#3632);
#1172=VERTEX_POINT('',#3636);
#1173=VERTEX_POINT('',#3642);
#1174=VERTEX_POINT('',#3643);
#1175=VERTEX_POINT('',#3648);
#1176=VERTEX_POINT('',#3652);
#1177=VERTEX_POINT('',#3658);
#1178=VERTEX_POINT('',#3659);
#1179=VERTEX_POINT('',#3664);
#1180=VERTEX_POINT('',#3668);
#1181=VERTEX_POINT('',#3674);
#1182=VERTEX_POINT('',#3675);
#1183=VERTEX_POINT('',#3680);
#1184=VERTEX_POINT('',#3684);
#1185=VERTEX_POINT('',#3690);
#1186=VERTEX_POINT('',#3691);
#1187=VERTEX_POINT('',#3696);
#1188=VERTEX_POINT('',#3700);
#1189=VERTEX_POINT('',#3706);
#1190=VERTEX_POINT('',#3707);
#1191=VERTEX_POINT('',#3712);
#1192=VERTEX_POINT('',#3716);
#1193=VERTEX_POINT('',#3722);
#1194=VERTEX_POINT('',#3723);
#1195=VERTEX_POINT('',#3728);
#1196=VERTEX_POINT('',#3732);
#1197=VERTEX_POINT('',#3756);
#1198=VERTEX_POINT('',#3759);
#1199=VERTEX_POINT('',#3762);
#1200=VERTEX_POINT('',#3765);
#1201=VERTEX_POINT('',#3768);
#1202=VERTEX_POINT('',#3771);
#1203=VERTEX_POINT('',#3774);
#1204=VERTEX_POINT('',#3777);
#1205=VERTEX_POINT('',#3780);
#1206=VERTEX_POINT('',#3783);
#1207=VERTEX_POINT('',#3786);
#1208=VERTEX_POINT('',#3789);
#1209=EDGE_CURVE('',#1004,#1004,#845,.T.);
#1210=EDGE_CURVE('',#1005,#1005,#846,.T.);
#1211=EDGE_CURVE('',#1006,#1006,#847,.T.);
#1212=EDGE_CURVE('',#1007,#1007,#848,.T.);
#1213=EDGE_CURVE('',#1008,#1008,#849,.T.);
#1214=EDGE_CURVE('',#1009,#1009,#850,.T.);
#1215=EDGE_CURVE('',#1010,#1010,#851,.T.);
#1216=EDGE_CURVE('',#1011,#1011,#852,.T.);
#1217=EDGE_CURVE('',#1012,#1013,#853,.T.);
#1218=EDGE_CURVE('',#1014,#1012,#22,.T.);
#1219=EDGE_CURVE('',#1015,#1014,#854,.T.);
#1220=EDGE_CURVE('',#1015,#1013,#23,.T.);
#1221=EDGE_CURVE('',#1013,#1016,#24,.T.);
#1222=EDGE_CURVE('',#1017,#1015,#25,.T.);
#1223=EDGE_CURVE('',#1017,#1016,#26,.T.);
#1224=EDGE_CURVE('',#1016,#1018,#855,.T.);
#1225=EDGE_CURVE('',#1019,#1017,#856,.T.);
#1226=EDGE_CURVE('',#1019,#1018,#27,.T.);
#1227=EDGE_CURVE('',#1018,#1020,#28,.T.);
#1228=EDGE_CURVE('',#1021,#1019,#29,.T.);
#1229=EDGE_CURVE('',#1021,#1020,#30,.T.);
#1230=EDGE_CURVE('',#1020,#1022,#857,.T.);
#1231=EDGE_CURVE('',#1023,#1021,#858,.T.);
#1232=EDGE_CURVE('',#1023,#1022,#31,.T.);
#1233=EDGE_CURVE('',#1022,#1024,#32,.T.);
#1234=EDGE_CURVE('',#1025,#1023,#33,.T.);
#1235=EDGE_CURVE('',#1025,#1024,#34,.T.);
#1236=EDGE_CURVE('',#1024,#1026,#859,.T.);
#1237=EDGE_CURVE('',#1027,#1025,#860,.T.);
#1238=EDGE_CURVE('',#1027,#1026,#35,.T.);
#1239=EDGE_CURVE('',#1026,#1012,#861,.T.);
#1240=EDGE_CURVE('',#1014,#1027,#862,.T.);
#1241=EDGE_CURVE('',#1028,#1028,#863,.T.);
#1242=EDGE_CURVE('',#1029,#1029,#864,.T.);
#1243=EDGE_CURVE('',#1030,#1030,#865,.T.);
#1244=EDGE_CURVE('',#1031,#1031,#866,.T.);
#1245=EDGE_CURVE('',#1032,#1032,#867,.T.);
#1246=EDGE_CURVE('',#1033,#1033,#868,.T.);
#1247=EDGE_CURVE('',#1034,#1034,#869,.T.);
#1248=EDGE_CURVE('',#1035,#1035,#870,.T.);
#1249=EDGE_CURVE('',#1036,#1036,#871,.T.);
#1250=EDGE_CURVE('',#1037,#1037,#872,.T.);
#1251=EDGE_CURVE('',#1038,#1038,#873,.T.);
#1252=EDGE_CURVE('',#1039,#1039,#874,.T.);
#1253=EDGE_CURVE('',#1040,#1040,#875,.T.);
#1254=EDGE_CURVE('',#1041,#1041,#876,.T.);
#1255=EDGE_CURVE('',#1042,#1042,#877,.T.);
#1256=EDGE_CURVE('',#1043,#1043,#878,.T.);
#1257=EDGE_CURVE('',#1044,#1044,#879,.T.);
#1258=EDGE_CURVE('',#1045,#1045,#880,.T.);
#1259=EDGE_CURVE('',#1046,#1046,#881,.T.);
#1260=EDGE_CURVE('',#1047,#1047,#882,.T.);
#1261=EDGE_CURVE('',#1048,#1048,#883,.T.);
#1262=EDGE_CURVE('',#1049,#1049,#884,.T.);
#1263=EDGE_CURVE('',#1050,#1050,#885,.T.);
#1264=EDGE_CURVE('',#1051,#1051,#886,.T.);
#1265=EDGE_CURVE('',#1052,#1052,#887,.T.);
#1266=EDGE_CURVE('',#1053,#1053,#888,.T.);
#1267=EDGE_CURVE('',#1054,#1054,#889,.T.);
#1268=EDGE_CURVE('',#1055,#1055,#890,.T.);
#1269=EDGE_CURVE('',#1056,#1056,#891,.T.);
#1270=EDGE_CURVE('',#1057,#1057,#892,.T.);
#1271=EDGE_CURVE('',#1058,#1058,#893,.T.);
#1272=EDGE_CURVE('',#1059,#1059,#894,.T.);
#1273=EDGE_CURVE('',#1060,#1060,#895,.T.);
#1274=EDGE_CURVE('',#1061,#1061,#896,.T.);
#1275=EDGE_CURVE('',#1062,#1062,#897,.T.);
#1276=EDGE_CURVE('',#1063,#1063,#898,.T.);
#1277=EDGE_CURVE('',#1064,#1064,#899,.T.);
#1278=EDGE_CURVE('',#1065,#1065,#900,.T.);
#1279=EDGE_CURVE('',#1066,#1066,#901,.T.);
#1280=EDGE_CURVE('',#1067,#1067,#902,.T.);
#1281=EDGE_CURVE('',#1068,#1068,#903,.T.);
#1282=EDGE_CURVE('',#1069,#1069,#904,.T.);
#1283=EDGE_CURVE('',#1070,#1071,#36,.T.);
#1284=EDGE_CURVE('',#1071,#1072,#905,.T.);
#1285=EDGE_CURVE('',#1072,#1073,#37,.T.);
#1286=EDGE_CURVE('',#1073,#1070,#906,.T.);
#1287=EDGE_CURVE('',#1074,#1075,#907,.T.);
#1288=EDGE_CURVE('',#1075,#1076,#38,.T.);
#1289=EDGE_CURVE('',#1076,#1077,#908,.T.);
#1290=EDGE_CURVE('',#1077,#1074,#39,.T.);
#1291=EDGE_CURVE('',#1078,#1079,#909,.T.);
#1292=EDGE_CURVE('',#1079,#1080,#40,.T.);
#1293=EDGE_CURVE('',#1080,#1081,#910,.T.);
#1294=EDGE_CURVE('',#1081,#1078,#41,.T.);
#1295=EDGE_CURVE('',#1082,#1083,#911,.T.);
#1296=EDGE_CURVE('',#1083,#1084,#42,.T.);
#1297=EDGE_CURVE('',#1084,#1085,#912,.T.);
#1298=EDGE_CURVE('',#1085,#1082,#43,.T.);
#1299=EDGE_CURVE('',#1086,#1087,#913,.T.);
#1300=EDGE_CURVE('',#1087,#1088,#44,.T.);
#1301=EDGE_CURVE('',#1088,#1089,#914,.T.);
#1302=EDGE_CURVE('',#1089,#1086,#45,.T.);
#1303=EDGE_CURVE('',#1090,#1091,#915,.T.);
#1304=EDGE_CURVE('',#1091,#1092,#46,.T.);
#1305=EDGE_CURVE('',#1092,#1093,#916,.T.);
#1306=EDGE_CURVE('',#1093,#1090,#47,.T.);
#1307=EDGE_CURVE('',#1094,#1095,#917,.T.);
#1308=EDGE_CURVE('',#1095,#1096,#48,.T.);
#1309=EDGE_CURVE('',#1096,#1097,#918,.T.);
#1310=EDGE_CURVE('',#1097,#1094,#49,.T.);
#1311=EDGE_CURVE('',#1098,#1099,#919,.T.);
#1312=EDGE_CURVE('',#1099,#1100,#50,.T.);
#1313=EDGE_CURVE('',#1100,#1101,#920,.T.);
#1314=EDGE_CURVE('',#1101,#1098,#51,.T.);
#1315=EDGE_CURVE('',#1102,#1103,#921,.T.);
#1316=EDGE_CURVE('',#1103,#1104,#52,.T.);
#1317=EDGE_CURVE('',#1104,#1105,#922,.T.);
#1318=EDGE_CURVE('',#1105,#1102,#53,.T.);
#1319=EDGE_CURVE('',#1106,#1107,#923,.T.);
#1320=EDGE_CURVE('',#1107,#1108,#54,.T.);
#1321=EDGE_CURVE('',#1108,#1109,#924,.T.);
#1322=EDGE_CURVE('',#1109,#1106,#55,.T.);
#1323=EDGE_CURVE('',#1110,#1110,#925,.T.);
#1324=EDGE_CURVE('',#1111,#1111,#926,.T.);
#1325=EDGE_CURVE('',#1112,#1112,#927,.T.);
#1326=EDGE_CURVE('',#1113,#1113,#928,.T.);
#1327=EDGE_CURVE('',#1114,#1114,#929,.T.);
#1328=EDGE_CURVE('',#1115,#1115,#930,.T.);
#1329=EDGE_CURVE('',#1116,#1116,#931,.T.);
#1330=EDGE_CURVE('',#1117,#1117,#932,.T.);
#1331=EDGE_CURVE('',#1118,#1118,#933,.T.);
#1332=EDGE_CURVE('',#1119,#1119,#934,.T.);
#1333=EDGE_CURVE('',#1120,#1120,#935,.T.);
#1334=EDGE_CURVE('',#1121,#1121,#936,.T.);
#1335=EDGE_CURVE('',#1122,#1122,#937,.T.);
#1336=EDGE_CURVE('',#1123,#1123,#938,.T.);
#1337=EDGE_CURVE('',#1124,#1124,#939,.T.);
#1338=EDGE_CURVE('',#1125,#1125,#940,.T.);
#1339=EDGE_CURVE('',#1126,#1126,#941,.T.);
#1340=EDGE_CURVE('',#1127,#1127,#942,.T.);
#1341=EDGE_CURVE('',#1128,#1128,#943,.T.);
#1342=EDGE_CURVE('',#1129,#1129,#944,.T.);
#1343=EDGE_CURVE('',#1130,#1130,#945,.T.);
#1344=EDGE_CURVE('',#1131,#1131,#946,.T.);
#1345=EDGE_CURVE('',#1132,#1132,#947,.T.);
#1346=EDGE_CURVE('',#1133,#1133,#948,.T.);
#1347=EDGE_CURVE('',#1134,#1134,#949,.T.);
#1348=EDGE_CURVE('',#1135,#1135,#950,.T.);
#1349=EDGE_CURVE('',#1136,#1136,#951,.T.);
#1350=EDGE_CURVE('',#1137,#1137,#952,.T.);
#1351=EDGE_CURVE('',#1138,#1138,#953,.T.);
#1352=EDGE_CURVE('',#1139,#1139,#954,.T.);
#1353=EDGE_CURVE('',#1140,#1140,#955,.T.);
#1354=EDGE_CURVE('',#1141,#1141,#956,.T.);
#1355=EDGE_CURVE('',#1142,#1142,#957,.T.);
#1356=EDGE_CURVE('',#1143,#1143,#958,.T.);
#1357=EDGE_CURVE('',#1144,#1144,#959,.T.);
#1358=EDGE_CURVE('',#1145,#1145,#960,.T.);
#1359=EDGE_CURVE('',#1146,#1146,#961,.T.);
#1360=EDGE_CURVE('',#1147,#1147,#962,.T.);
#1361=EDGE_CURVE('',#1148,#1148,#963,.T.);
#1362=EDGE_CURVE('',#1149,#1149,#964,.T.);
#1363=EDGE_CURVE('',#1150,#1150,#965,.T.);
#1364=EDGE_CURVE('',#1151,#1151,#966,.T.);
#1365=EDGE_CURVE('',#1152,#1152,#967,.T.);
#1366=EDGE_CURVE('',#1153,#1153,#968,.T.);
#1367=EDGE_CURVE('',#1154,#1154,#969,.T.);
#1368=EDGE_CURVE('',#1155,#1155,#970,.T.);
#1369=EDGE_CURVE('',#1156,#1156,#971,.T.);
#1370=EDGE_CURVE('',#1157,#1158,#972,.T.);
#1371=EDGE_CURVE('',#1157,#1107,#56,.T.);
#1372=EDGE_CURVE('',#1158,#1106,#57,.T.);
#1373=EDGE_CURVE('',#1159,#1157,#58,.T.);
#1374=EDGE_CURVE('',#1159,#1108,#59,.T.);
#1375=EDGE_CURVE('',#1160,#1159,#973,.T.);
#1376=EDGE_CURVE('',#1160,#1109,#60,.T.);
#1377=EDGE_CURVE('',#1158,#1160,#61,.T.);
#1378=EDGE_CURVE('',#1161,#1162,#974,.T.);
#1379=EDGE_CURVE('',#1161,#1103,#62,.T.);
#1380=EDGE_CURVE('',#1162,#1102,#63,.T.);
#1381=EDGE_CURVE('',#1163,#1161,#64,.T.);
#1382=EDGE_CURVE('',#1163,#1104,#65,.T.);
#1383=EDGE_CURVE('',#1164,#1163,#975,.T.);
#1384=EDGE_CURVE('',#1164,#1105,#66,.T.);
#1385=EDGE_CURVE('',#1162,#1164,#67,.T.);
#1386=EDGE_CURVE('',#1165,#1166,#976,.T.);
#1387=EDGE_CURVE('',#1165,#1099,#68,.T.);
#1388=EDGE_CURVE('',#1166,#1098,#69,.T.);
#1389=EDGE_CURVE('',#1167,#1165,#70,.T.);
#1390=EDGE_CURVE('',#1167,#1100,#71,.T.);
#1391=EDGE_CURVE('',#1168,#1167,#977,.T.);
#1392=EDGE_CURVE('',#1168,#1101,#72,.T.);
#1393=EDGE_CURVE('',#1166,#1168,#73,.T.);
#1394=EDGE_CURVE('',#1169,#1170,#978,.T.);
#1395=EDGE_CURVE('',#1169,#1095,#74,.T.);
#1396=EDGE_CURVE('',#1170,#1094,#75,.T.);
#1397=EDGE_CURVE('',#1171,#1169,#76,.T.);
#1398=EDGE_CURVE('',#1171,#1096,#77,.T.);
#1399=EDGE_CURVE('',#1172,#1171,#979,.T.);
#1400=EDGE_CURVE('',#1172,#1097,#78,.T.);
#1401=EDGE_CURVE('',#1170,#1172,#79,.T.);
#1402=EDGE_CURVE('',#1173,#1174,#980,.T.);
#1403=EDGE_CURVE('',#1173,#1091,#80,.T.);
#1404=EDGE_CURVE('',#1174,#1090,#81,.T.);
#1405=EDGE_CURVE('',#1175,#1173,#82,.T.);
#1406=EDGE_CURVE('',#1175,#1092,#83,.T.);
#1407=EDGE_CURVE('',#1176,#1175,#981,.T.);
#1408=EDGE_CURVE('',#1176,#1093,#84,.T.);
#1409=EDGE_CURVE('',#1174,#1176,#85,.T.);
#1410=EDGE_CURVE('',#1177,#1178,#982,.T.);
#1411=EDGE_CURVE('',#1177,#1087,#86,.T.);
#1412=EDGE_CURVE('',#1178,#1086,#87,.T.);
#1413=EDGE_CURVE('',#1179,#1177,#88,.T.);
#1414=EDGE_CURVE('',#1179,#1088,#89,.T.);
#1415=EDGE_CURVE('',#1180,#1179,#983,.T.);
#1416=EDGE_CURVE('',#1180,#1089,#90,.T.);
#1417=EDGE_CURVE('',#1178,#1180,#91,.T.);
#1418=EDGE_CURVE('',#1181,#1182,#984,.T.);
#1419=EDGE_CURVE('',#1181,#1083,#92,.T.);
#1420=EDGE_CURVE('',#1182,#1082,#93,.T.);
#1421=EDGE_CURVE('',#1183,#1181,#94,.T.);
#1422=EDGE_CURVE('',#1183,#1084,#95,.T.);
#1423=EDGE_CURVE('',#1184,#1183,#985,.T.);
#1424=EDGE_CURVE('',#1184,#1085,#96,.T.);
#1425=EDGE_CURVE('',#1182,#1184,#97,.T.);
#1426=EDGE_CURVE('',#1185,#1186,#986,.T.);
#1427=EDGE_CURVE('',#1185,#1079,#98,.T.);
#1428=EDGE_CURVE('',#1186,#1078,#99,.T.);
#1429=EDGE_CURVE('',#1187,#1185,#100,.T.);
#1430=EDGE_CURVE('',#1187,#1080,#101,.T.);
#1431=EDGE_CURVE('',#1188,#1187,#987,.T.);
#1432=EDGE_CURVE('',#1188,#1081,#102,.T.);
#1433=EDGE_CURVE('',#1186,#1188,#103,.T.);
#1434=EDGE_CURVE('',#1189,#1190,#988,.T.);
#1435=EDGE_CURVE('',#1189,#1075,#104,.T.);
#1436=EDGE_CURVE('',#1190,#1074,#105,.T.);
#1437=EDGE_CURVE('',#1191,#1189,#106,.T.);
#1438=EDGE_CURVE('',#1191,#1076,#107,.T.);
#1439=EDGE_CURVE('',#1192,#1191,#989,.T.);
#1440=EDGE_CURVE('',#1192,#1077,#108,.T.);
#1441=EDGE_CURVE('',#1190,#1192,#109,.T.);
#1442=EDGE_CURVE('',#1193,#1194,#110,.T.);
#1443=EDGE_CURVE('',#1193,#1071,#111,.T.);
#1444=EDGE_CURVE('',#1194,#1070,#112,.T.);
#1445=EDGE_CURVE('',#1195,#1193,#990,.T.);
#1446=EDGE_CURVE('',#1195,#1072,#113,.T.);
#1447=EDGE_CURVE('',#1196,#1195,#114,.T.);
#1448=EDGE_CURVE('',#1196,#1073,#115,.T.);
#1449=EDGE_CURVE('',#1194,#1196,#991,.T.);
#1450=EDGE_CURVE('',#1197,#1197,#992,.T.);
#1451=EDGE_CURVE('',#1198,#1198,#993,.T.);
#1452=EDGE_CURVE('',#1199,#1199,#994,.T.);
#1453=EDGE_CURVE('',#1200,#1200,#995,.T.);
#1454=EDGE_CURVE('',#1201,#1201,#996,.T.);
#1455=EDGE_CURVE('',#1202,#1202,#997,.T.);
#1456=EDGE_CURVE('',#1203,#1203,#998,.T.);
#1457=EDGE_CURVE('',#1204,#1204,#999,.T.);
#1458=EDGE_CURVE('',#1205,#1205,#1000,.T.);
#1459=EDGE_CURVE('',#1206,#1206,#1001,.T.);
#1460=EDGE_CURVE('',#1207,#1207,#1002,.T.);
#1461=EDGE_CURVE('',#1208,#1208,#1003,.T.);
#1462=ORIENTED_EDGE('',*,*,#1209,.F.);
#1463=ORIENTED_EDGE('',*,*,#1210,.F.);
#1464=ORIENTED_EDGE('',*,*,#1211,.F.);
#1465=ORIENTED_EDGE('',*,*,#1212,.F.);
#1466=ORIENTED_EDGE('',*,*,#1213,.T.);
#1467=ORIENTED_EDGE('',*,*,#1214,.F.);
#1468=ORIENTED_EDGE('',*,*,#1213,.F.);
#1469=ORIENTED_EDGE('',*,*,#1215,.T.);
#1470=ORIENTED_EDGE('',*,*,#1216,.F.);
#1471=ORIENTED_EDGE('',*,*,#1215,.F.);
#1472=ORIENTED_EDGE('',*,*,#1217,.F.);
#1473=ORIENTED_EDGE('',*,*,#1218,.F.);
#1474=ORIENTED_EDGE('',*,*,#1219,.F.);
#1475=ORIENTED_EDGE('',*,*,#1220,.T.);
#1476=ORIENTED_EDGE('',*,*,#1221,.F.);
#1477=ORIENTED_EDGE('',*,*,#1220,.F.);
#1478=ORIENTED_EDGE('',*,*,#1222,.F.);
#1479=ORIENTED_EDGE('',*,*,#1223,.T.);
#1480=ORIENTED_EDGE('',*,*,#1224,.F.);
#1481=ORIENTED_EDGE('',*,*,#1223,.F.);
#1482=ORIENTED_EDGE('',*,*,#1225,.F.);
#1483=ORIENTED_EDGE('',*,*,#1226,.T.);
#1484=ORIENTED_EDGE('',*,*,#1227,.F.);
#1485=ORIENTED_EDGE('',*,*,#1226,.F.);
#1486=ORIENTED_EDGE('',*,*,#1228,.F.);
#1487=ORIENTED_EDGE('',*,*,#1229,.T.);
#1488=ORIENTED_EDGE('',*,*,#1230,.F.);
#1489=ORIENTED_EDGE('',*,*,#1229,.F.);
#1490=ORIENTED_EDGE('',*,*,#1231,.F.);
#1491=ORIENTED_EDGE('',*,*,#1232,.T.);
#1492=ORIENTED_EDGE('',*,*,#1233,.F.);
#1493=ORIENTED_EDGE('',*,*,#1232,.F.);
#1494=ORIENTED_EDGE('',*,*,#1234,.F.);
#1495=ORIENTED_EDGE('',*,*,#1235,.T.);
#1496=ORIENTED_EDGE('',*,*,#1236,.F.);
#1497=ORIENTED_EDGE('',*,*,#1235,.F.);
#1498=ORIENTED_EDGE('',*,*,#1237,.F.);
#1499=ORIENTED_EDGE('',*,*,#1238,.T.);
#1500=ORIENTED_EDGE('',*,*,#1239,.F.);
#1501=ORIENTED_EDGE('',*,*,#1238,.F.);
#1502=ORIENTED_EDGE('',*,*,#1240,.F.);
#1503=ORIENTED_EDGE('',*,*,#1218,.T.);
#1504=ORIENTED_EDGE('',*,*,#1241,.F.);
#1505=ORIENTED_EDGE('',*,*,#1242,.F.);
#1506=ORIENTED_EDGE('',*,*,#1243,.F.);
#1507=ORIENTED_EDGE('',*,*,#1244,.F.);
#1508=ORIENTED_EDGE('',*,*,#1245,.F.);
#1509=ORIENTED_EDGE('',*,*,#1246,.F.);
#1510=ORIENTED_EDGE('',*,*,#1247,.F.);
#1511=ORIENTED_EDGE('',*,*,#1248,.F.);
#1512=ORIENTED_EDGE('',*,*,#1249,.F.);
#1513=ORIENTED_EDGE('',*,*,#1250,.F.);
#1514=ORIENTED_EDGE('',*,*,#1251,.F.);
#1515=ORIENTED_EDGE('',*,*,#1252,.F.);
#1516=ORIENTED_EDGE('',*,*,#1253,.F.);
#1517=ORIENTED_EDGE('',*,*,#1254,.F.);
#1518=ORIENTED_EDGE('',*,*,#1255,.F.);
#1519=ORIENTED_EDGE('',*,*,#1256,.F.);
#1520=ORIENTED_EDGE('',*,*,#1257,.T.);
#1521=ORIENTED_EDGE('',*,*,#1258,.T.);
#1522=ORIENTED_EDGE('',*,*,#1259,.F.);
#1523=ORIENTED_EDGE('',*,*,#1210,.T.);
#1524=ORIENTED_EDGE('',*,*,#1212,.T.);
#1525=ORIENTED_EDGE('',*,*,#1214,.T.);
#1526=ORIENTED_EDGE('',*,*,#1216,.T.);
#1527=ORIENTED_EDGE('',*,*,#1231,.T.);
#1528=ORIENTED_EDGE('',*,*,#1228,.T.);
#1529=ORIENTED_EDGE('',*,*,#1225,.T.);
#1530=ORIENTED_EDGE('',*,*,#1222,.T.);
#1531=ORIENTED_EDGE('',*,*,#1219,.T.);
#1532=ORIENTED_EDGE('',*,*,#1240,.T.);
#1533=ORIENTED_EDGE('',*,*,#1237,.T.);
#1534=ORIENTED_EDGE('',*,*,#1234,.T.);
#1535=ORIENTED_EDGE('',*,*,#1242,.T.);
#1536=ORIENTED_EDGE('',*,*,#1244,.T.);
#1537=ORIENTED_EDGE('',*,*,#1246,.T.);
#1538=ORIENTED_EDGE('',*,*,#1248,.T.);
#1539=ORIENTED_EDGE('',*,*,#1250,.T.);
#1540=ORIENTED_EDGE('',*,*,#1252,.T.);
#1541=ORIENTED_EDGE('',*,*,#1254,.T.);
#1542=ORIENTED_EDGE('',*,*,#1256,.T.);
#1543=ORIENTED_EDGE('',*,*,#1260,.F.);
#1544=ORIENTED_EDGE('',*,*,#1261,.F.);
#1545=ORIENTED_EDGE('',*,*,#1262,.F.);
#1546=ORIENTED_EDGE('',*,*,#1263,.T.);
#1547=ORIENTED_EDGE('',*,*,#1264,.T.);
#1548=ORIENTED_EDGE('',*,*,#1265,.T.);
#1549=ORIENTED_EDGE('',*,*,#1266,.T.);
#1550=ORIENTED_EDGE('',*,*,#1267,.T.);
#1551=ORIENTED_EDGE('',*,*,#1268,.T.);
#1552=ORIENTED_EDGE('',*,*,#1269,.T.);
#1553=ORIENTED_EDGE('',*,*,#1270,.T.);
#1554=ORIENTED_EDGE('',*,*,#1271,.T.);
#1555=ORIENTED_EDGE('',*,*,#1272,.T.);
#1556=ORIENTED_EDGE('',*,*,#1273,.T.);
#1557=ORIENTED_EDGE('',*,*,#1274,.T.);
#1558=ORIENTED_EDGE('',*,*,#1275,.T.);
#1559=ORIENTED_EDGE('',*,*,#1276,.T.);
#1560=ORIENTED_EDGE('',*,*,#1277,.T.);
#1561=ORIENTED_EDGE('',*,*,#1278,.T.);
#1562=ORIENTED_EDGE('',*,*,#1279,.T.);
#1563=ORIENTED_EDGE('',*,*,#1280,.T.);
#1564=ORIENTED_EDGE('',*,*,#1281,.T.);
#1565=ORIENTED_EDGE('',*,*,#1282,.T.);
#1566=ORIENTED_EDGE('',*,*,#1283,.T.);
#1567=ORIENTED_EDGE('',*,*,#1284,.T.);
#1568=ORIENTED_EDGE('',*,*,#1285,.T.);
#1569=ORIENTED_EDGE('',*,*,#1286,.T.);
#1570=ORIENTED_EDGE('',*,*,#1287,.T.);
#1571=ORIENTED_EDGE('',*,*,#1288,.T.);
#1572=ORIENTED_EDGE('',*,*,#1289,.T.);
#1573=ORIENTED_EDGE('',*,*,#1290,.T.);
#1574=ORIENTED_EDGE('',*,*,#1291,.T.);
#1575=ORIENTED_EDGE('',*,*,#1292,.T.);
#1576=ORIENTED_EDGE('',*,*,#1293,.T.);
#1577=ORIENTED_EDGE('',*,*,#1294,.T.);
#1578=ORIENTED_EDGE('',*,*,#1295,.T.);
#1579=ORIENTED_EDGE('',*,*,#1296,.T.);
#1580=ORIENTED_EDGE('',*,*,#1297,.T.);
#1581=ORIENTED_EDGE('',*,*,#1298,.T.);
#1582=ORIENTED_EDGE('',*,*,#1299,.T.);
#1583=ORIENTED_EDGE('',*,*,#1300,.T.);
#1584=ORIENTED_EDGE('',*,*,#1301,.T.);
#1585=ORIENTED_EDGE('',*,*,#1302,.T.);
#1586=ORIENTED_EDGE('',*,*,#1303,.T.);
#1587=ORIENTED_EDGE('',*,*,#1304,.T.);
#1588=ORIENTED_EDGE('',*,*,#1305,.T.);
#1589=ORIENTED_EDGE('',*,*,#1306,.T.);
#1590=ORIENTED_EDGE('',*,*,#1307,.T.);
#1591=ORIENTED_EDGE('',*,*,#1308,.T.);
#1592=ORIENTED_EDGE('',*,*,#1309,.T.);
#1593=ORIENTED_EDGE('',*,*,#1310,.T.);
#1594=ORIENTED_EDGE('',*,*,#1311,.T.);
#1595=ORIENTED_EDGE('',*,*,#1312,.T.);
#1596=ORIENTED_EDGE('',*,*,#1313,.T.);
#1597=ORIENTED_EDGE('',*,*,#1314,.T.);
#1598=ORIENTED_EDGE('',*,*,#1315,.T.);
#1599=ORIENTED_EDGE('',*,*,#1316,.T.);
#1600=ORIENTED_EDGE('',*,*,#1317,.T.);
#1601=ORIENTED_EDGE('',*,*,#1318,.T.);
#1602=ORIENTED_EDGE('',*,*,#1319,.T.);
#1603=ORIENTED_EDGE('',*,*,#1320,.T.);
#1604=ORIENTED_EDGE('',*,*,#1321,.T.);
#1605=ORIENTED_EDGE('',*,*,#1322,.T.);
#1606=ORIENTED_EDGE('',*,*,#1323,.F.);
#1607=ORIENTED_EDGE('',*,*,#1324,.F.);
#1608=ORIENTED_EDGE('',*,*,#1258,.F.);
#1609=ORIENTED_EDGE('',*,*,#1325,.F.);
#1610=ORIENTED_EDGE('',*,*,#1257,.F.);
#1611=ORIENTED_EDGE('',*,*,#1326,.T.);
#1612=ORIENTED_EDGE('',*,*,#1260,.T.);
#1613=ORIENTED_EDGE('',*,*,#1327,.F.);
#1614=ORIENTED_EDGE('',*,*,#1326,.F.);
#1615=ORIENTED_EDGE('',*,*,#1328,.T.);
#1616=ORIENTED_EDGE('',*,*,#1324,.T.);
#1617=ORIENTED_EDGE('',*,*,#1329,.F.);
#1618=ORIENTED_EDGE('',*,*,#1328,.F.);
#1619=ORIENTED_EDGE('',*,*,#1330,.T.);
#1620=ORIENTED_EDGE('',*,*,#1261,.T.);
#1621=ORIENTED_EDGE('',*,*,#1331,.F.);
#1622=ORIENTED_EDGE('',*,*,#1330,.F.);
#1623=ORIENTED_EDGE('',*,*,#1332,.T.);
#1624=ORIENTED_EDGE('',*,*,#1323,.T.);
#1625=ORIENTED_EDGE('',*,*,#1333,.F.);
#1626=ORIENTED_EDGE('',*,*,#1332,.F.);
#1627=ORIENTED_EDGE('',*,*,#1334,.T.);
#1628=ORIENTED_EDGE('',*,*,#1262,.T.);
#1629=ORIENTED_EDGE('',*,*,#1335,.F.);
#1630=ORIENTED_EDGE('',*,*,#1334,.F.);
#1631=ORIENTED_EDGE('',*,*,#1336,.F.);
#1632=ORIENTED_EDGE('',*,*,#1337,.F.);
#1633=ORIENTED_EDGE('',*,*,#1338,.F.);
#1634=ORIENTED_EDGE('',*,*,#1339,.F.);
#1635=ORIENTED_EDGE('',*,*,#1340,.F.);
#1636=ORIENTED_EDGE('',*,*,#1341,.F.);
#1637=ORIENTED_EDGE('',*,*,#1342,.F.);
#1638=ORIENTED_EDGE('',*,*,#1343,.F.);
#1639=ORIENTED_EDGE('',*,*,#1344,.F.);
#1640=ORIENTED_EDGE('',*,*,#1345,.F.);
#1641=ORIENTED_EDGE('',*,*,#1346,.F.);
#1642=ORIENTED_EDGE('',*,*,#1347,.F.);
#1643=ORIENTED_EDGE('',*,*,#1348,.F.);
#1644=ORIENTED_EDGE('',*,*,#1349,.F.);
#1645=ORIENTED_EDGE('',*,*,#1350,.F.);
#1646=ORIENTED_EDGE('',*,*,#1351,.F.);
#1647=ORIENTED_EDGE('',*,*,#1352,.F.);
#1648=ORIENTED_EDGE('',*,*,#1353,.F.);
#1649=ORIENTED_EDGE('',*,*,#1354,.F.);
#1650=ORIENTED_EDGE('',*,*,#1355,.F.);
#1651=ORIENTED_EDGE('',*,*,#1356,.F.);
#1652=ORIENTED_EDGE('',*,*,#1357,.F.);
#1653=ORIENTED_EDGE('',*,*,#1358,.F.);
#1654=ORIENTED_EDGE('',*,*,#1359,.F.);
#1655=ORIENTED_EDGE('',*,*,#1360,.F.);
#1656=ORIENTED_EDGE('',*,*,#1361,.F.);
#1657=ORIENTED_EDGE('',*,*,#1362,.F.);
#1658=ORIENTED_EDGE('',*,*,#1363,.F.);
#1659=ORIENTED_EDGE('',*,*,#1364,.F.);
#1660=ORIENTED_EDGE('',*,*,#1365,.F.);
#1661=ORIENTED_EDGE('',*,*,#1366,.F.);
#1662=ORIENTED_EDGE('',*,*,#1367,.F.);
#1663=ORIENTED_EDGE('',*,*,#1368,.T.);
#1664=ORIENTED_EDGE('',*,*,#1259,.T.);
#1665=ORIENTED_EDGE('',*,*,#1369,.F.);
#1666=ORIENTED_EDGE('',*,*,#1368,.F.);
#1667=ORIENTED_EDGE('',*,*,#1370,.F.);
#1668=ORIENTED_EDGE('',*,*,#1371,.T.);
#1669=ORIENTED_EDGE('',*,*,#1319,.F.);
#1670=ORIENTED_EDGE('',*,*,#1372,.F.);
#1671=ORIENTED_EDGE('',*,*,#1373,.F.);
#1672=ORIENTED_EDGE('',*,*,#1374,.T.);
#1673=ORIENTED_EDGE('',*,*,#1320,.F.);
#1674=ORIENTED_EDGE('',*,*,#1371,.F.);
#1675=ORIENTED_EDGE('',*,*,#1375,.F.);
#1676=ORIENTED_EDGE('',*,*,#1376,.T.);
#1677=ORIENTED_EDGE('',*,*,#1321,.F.);
#1678=ORIENTED_EDGE('',*,*,#1374,.F.);
#1679=ORIENTED_EDGE('',*,*,#1377,.F.);
#1680=ORIENTED_EDGE('',*,*,#1372,.T.);
#1681=ORIENTED_EDGE('',*,*,#1322,.F.);
#1682=ORIENTED_EDGE('',*,*,#1376,.F.);
#1683=ORIENTED_EDGE('',*,*,#1378,.F.);
#1684=ORIENTED_EDGE('',*,*,#1379,.T.);
#1685=ORIENTED_EDGE('',*,*,#1315,.F.);
#1686=ORIENTED_EDGE('',*,*,#1380,.F.);
#1687=ORIENTED_EDGE('',*,*,#1381,.F.);
#1688=ORIENTED_EDGE('',*,*,#1382,.T.);
#1689=ORIENTED_EDGE('',*,*,#1316,.F.);
#1690=ORIENTED_EDGE('',*,*,#1379,.F.);
#1691=ORIENTED_EDGE('',*,*,#1383,.F.);
#1692=ORIENTED_EDGE('',*,*,#1384,.T.);
#1693=ORIENTED_EDGE('',*,*,#1317,.F.);
#1694=ORIENTED_EDGE('',*,*,#1382,.F.);
#1695=ORIENTED_EDGE('',*,*,#1385,.F.);
#1696=ORIENTED_EDGE('',*,*,#1380,.T.);
#1697=ORIENTED_EDGE('',*,*,#1318,.F.);
#1698=ORIENTED_EDGE('',*,*,#1384,.F.);
#1699=ORIENTED_EDGE('',*,*,#1386,.F.);
#1700=ORIENTED_EDGE('',*,*,#1387,.T.);
#1701=ORIENTED_EDGE('',*,*,#1311,.F.);
#1702=ORIENTED_EDGE('',*,*,#1388,.F.);
#1703=ORIENTED_EDGE('',*,*,#1389,.F.);
#1704=ORIENTED_EDGE('',*,*,#1390,.T.);
#1705=ORIENTED_EDGE('',*,*,#1312,.F.);
#1706=ORIENTED_EDGE('',*,*,#1387,.F.);
#1707=ORIENTED_EDGE('',*,*,#1391,.F.);
#1708=ORIENTED_EDGE('',*,*,#1392,.T.);
#1709=ORIENTED_EDGE('',*,*,#1313,.F.);
#1710=ORIENTED_EDGE('',*,*,#1390,.F.);
#1711=ORIENTED_EDGE('',*,*,#1393,.F.);
#1712=ORIENTED_EDGE('',*,*,#1388,.T.);
#1713=ORIENTED_EDGE('',*,*,#1314,.F.);
#1714=ORIENTED_EDGE('',*,*,#1392,.F.);
#1715=ORIENTED_EDGE('',*,*,#1394,.F.);
#1716=ORIENTED_EDGE('',*,*,#1395,.T.);
#1717=ORIENTED_EDGE('',*,*,#1307,.F.);
#1718=ORIENTED_EDGE('',*,*,#1396,.F.);
#1719=ORIENTED_EDGE('',*,*,#1397,.F.);
#1720=ORIENTED_EDGE('',*,*,#1398,.T.);
#1721=ORIENTED_EDGE('',*,*,#1308,.F.);
#1722=ORIENTED_EDGE('',*,*,#1395,.F.);
#1723=ORIENTED_EDGE('',*,*,#1399,.F.);
#1724=ORIENTED_EDGE('',*,*,#1400,.T.);
#1725=ORIENTED_EDGE('',*,*,#1309,.F.);
#1726=ORIENTED_EDGE('',*,*,#1398,.F.);
#1727=ORIENTED_EDGE('',*,*,#1401,.F.);
#1728=ORIENTED_EDGE('',*,*,#1396,.T.);
#1729=ORIENTED_EDGE('',*,*,#1310,.F.);
#1730=ORIENTED_EDGE('',*,*,#1400,.F.);
#1731=ORIENTED_EDGE('',*,*,#1402,.F.);
#1732=ORIENTED_EDGE('',*,*,#1403,.T.);
#1733=ORIENTED_EDGE('',*,*,#1303,.F.);
#1734=ORIENTED_EDGE('',*,*,#1404,.F.);
#1735=ORIENTED_EDGE('',*,*,#1405,.F.);
#1736=ORIENTED_EDGE('',*,*,#1406,.T.);
#1737=ORIENTED_EDGE('',*,*,#1304,.F.);
#1738=ORIENTED_EDGE('',*,*,#1403,.F.);
#1739=ORIENTED_EDGE('',*,*,#1407,.F.);
#1740=ORIENTED_EDGE('',*,*,#1408,.T.);
#1741=ORIENTED_EDGE('',*,*,#1305,.F.);
#1742=ORIENTED_EDGE('',*,*,#1406,.F.);
#1743=ORIENTED_EDGE('',*,*,#1409,.F.);
#1744=ORIENTED_EDGE('',*,*,#1404,.T.);
#1745=ORIENTED_EDGE('',*,*,#1306,.F.);
#1746=ORIENTED_EDGE('',*,*,#1408,.F.);
#1747=ORIENTED_EDGE('',*,*,#1410,.F.);
#1748=ORIENTED_EDGE('',*,*,#1411,.T.);
#1749=ORIENTED_EDGE('',*,*,#1299,.F.);
#1750=ORIENTED_EDGE('',*,*,#1412,.F.);
#1751=ORIENTED_EDGE('',*,*,#1413,.F.);
#1752=ORIENTED_EDGE('',*,*,#1414,.T.);
#1753=ORIENTED_EDGE('',*,*,#1300,.F.);
#1754=ORIENTED_EDGE('',*,*,#1411,.F.);
#1755=ORIENTED_EDGE('',*,*,#1415,.F.);
#1756=ORIENTED_EDGE('',*,*,#1416,.T.);
#1757=ORIENTED_EDGE('',*,*,#1301,.F.);
#1758=ORIENTED_EDGE('',*,*,#1414,.F.);
#1759=ORIENTED_EDGE('',*,*,#1417,.F.);
#1760=ORIENTED_EDGE('',*,*,#1412,.T.);
#1761=ORIENTED_EDGE('',*,*,#1302,.F.);
#1762=ORIENTED_EDGE('',*,*,#1416,.F.);
#1763=ORIENTED_EDGE('',*,*,#1418,.F.);
#1764=ORIENTED_EDGE('',*,*,#1419,.T.);
#1765=ORIENTED_EDGE('',*,*,#1295,.F.);
#1766=ORIENTED_EDGE('',*,*,#1420,.F.);
#1767=ORIENTED_EDGE('',*,*,#1421,.F.);
#1768=ORIENTED_EDGE('',*,*,#1422,.T.);
#1769=ORIENTED_EDGE('',*,*,#1296,.F.);
#1770=ORIENTED_EDGE('',*,*,#1419,.F.);
#1771=ORIENTED_EDGE('',*,*,#1423,.F.);
#1772=ORIENTED_EDGE('',*,*,#1424,.T.);
#1773=ORIENTED_EDGE('',*,*,#1297,.F.);
#1774=ORIENTED_EDGE('',*,*,#1422,.F.);
#1775=ORIENTED_EDGE('',*,*,#1425,.F.);
#1776=ORIENTED_EDGE('',*,*,#1420,.T.);
#1777=ORIENTED_EDGE('',*,*,#1298,.F.);
#1778=ORIENTED_EDGE('',*,*,#1424,.F.);
#1779=ORIENTED_EDGE('',*,*,#1426,.F.);
#1780=ORIENTED_EDGE('',*,*,#1427,.T.);
#1781=ORIENTED_EDGE('',*,*,#1291,.F.);
#1782=ORIENTED_EDGE('',*,*,#1428,.F.);
#1783=ORIENTED_EDGE('',*,*,#1429,.F.);
#1784=ORIENTED_EDGE('',*,*,#1430,.T.);
#1785=ORIENTED_EDGE('',*,*,#1292,.F.);
#1786=ORIENTED_EDGE('',*,*,#1427,.F.);
#1787=ORIENTED_EDGE('',*,*,#1431,.F.);
#1788=ORIENTED_EDGE('',*,*,#1432,.T.);
#1789=ORIENTED_EDGE('',*,*,#1293,.F.);
#1790=ORIENTED_EDGE('',*,*,#1430,.F.);
#1791=ORIENTED_EDGE('',*,*,#1433,.F.);
#1792=ORIENTED_EDGE('',*,*,#1428,.T.);
#1793=ORIENTED_EDGE('',*,*,#1294,.F.);
#1794=ORIENTED_EDGE('',*,*,#1432,.F.);
#1795=ORIENTED_EDGE('',*,*,#1434,.F.);
#1796=ORIENTED_EDGE('',*,*,#1435,.T.);
#1797=ORIENTED_EDGE('',*,*,#1287,.F.);
#1798=ORIENTED_EDGE('',*,*,#1436,.F.);
#1799=ORIENTED_EDGE('',*,*,#1437,.F.);
#1800=ORIENTED_EDGE('',*,*,#1438,.T.);
#1801=ORIENTED_EDGE('',*,*,#1288,.F.);
#1802=ORIENTED_EDGE('',*,*,#1435,.F.);
#1803=ORIENTED_EDGE('',*,*,#1439,.F.);
#1804=ORIENTED_EDGE('',*,*,#1440,.T.);
#1805=ORIENTED_EDGE('',*,*,#1289,.F.);
#1806=ORIENTED_EDGE('',*,*,#1438,.F.);
#1807=ORIENTED_EDGE('',*,*,#1441,.F.);
#1808=ORIENTED_EDGE('',*,*,#1436,.T.);
#1809=ORIENTED_EDGE('',*,*,#1290,.F.);
#1810=ORIENTED_EDGE('',*,*,#1440,.F.);
#1811=ORIENTED_EDGE('',*,*,#1442,.F.);
#1812=ORIENTED_EDGE('',*,*,#1443,.T.);
#1813=ORIENTED_EDGE('',*,*,#1283,.F.);
#1814=ORIENTED_EDGE('',*,*,#1444,.F.);
#1815=ORIENTED_EDGE('',*,*,#1445,.F.);
#1816=ORIENTED_EDGE('',*,*,#1446,.T.);
#1817=ORIENTED_EDGE('',*,*,#1284,.F.);
#1818=ORIENTED_EDGE('',*,*,#1443,.F.);
#1819=ORIENTED_EDGE('',*,*,#1447,.F.);
#1820=ORIENTED_EDGE('',*,*,#1448,.T.);
#1821=ORIENTED_EDGE('',*,*,#1285,.F.);
#1822=ORIENTED_EDGE('',*,*,#1446,.F.);
#1823=ORIENTED_EDGE('',*,*,#1449,.F.);
#1824=ORIENTED_EDGE('',*,*,#1444,.T.);
#1825=ORIENTED_EDGE('',*,*,#1286,.F.);
#1826=ORIENTED_EDGE('',*,*,#1448,.F.);
#1827=ORIENTED_EDGE('',*,*,#1344,.T.);
#1828=ORIENTED_EDGE('',*,*,#1282,.F.);
#1829=ORIENTED_EDGE('',*,*,#1345,.T.);
#1830=ORIENTED_EDGE('',*,*,#1281,.F.);
#1831=ORIENTED_EDGE('',*,*,#1343,.T.);
#1832=ORIENTED_EDGE('',*,*,#1280,.F.);
#1833=ORIENTED_EDGE('',*,*,#1346,.T.);
#1834=ORIENTED_EDGE('',*,*,#1279,.F.);
#1835=ORIENTED_EDGE('',*,*,#1342,.T.);
#1836=ORIENTED_EDGE('',*,*,#1278,.F.);
#1837=ORIENTED_EDGE('',*,*,#1347,.T.);
#1838=ORIENTED_EDGE('',*,*,#1277,.F.);
#1839=ORIENTED_EDGE('',*,*,#1341,.T.);
#1840=ORIENTED_EDGE('',*,*,#1276,.F.);
#1841=ORIENTED_EDGE('',*,*,#1348,.T.);
#1842=ORIENTED_EDGE('',*,*,#1275,.F.);
#1843=ORIENTED_EDGE('',*,*,#1340,.T.);
#1844=ORIENTED_EDGE('',*,*,#1274,.F.);
#1845=ORIENTED_EDGE('',*,*,#1349,.T.);
#1846=ORIENTED_EDGE('',*,*,#1273,.F.);
#1847=ORIENTED_EDGE('',*,*,#1339,.T.);
#1848=ORIENTED_EDGE('',*,*,#1272,.F.);
#1849=ORIENTED_EDGE('',*,*,#1350,.T.);
#1850=ORIENTED_EDGE('',*,*,#1271,.F.);
#1851=ORIENTED_EDGE('',*,*,#1338,.T.);
#1852=ORIENTED_EDGE('',*,*,#1270,.F.);
#1853=ORIENTED_EDGE('',*,*,#1351,.T.);
#1854=ORIENTED_EDGE('',*,*,#1269,.F.);
#1855=ORIENTED_EDGE('',*,*,#1336,.T.);
#1856=ORIENTED_EDGE('',*,*,#1268,.F.);
#1857=ORIENTED_EDGE('',*,*,#1337,.T.);
#1858=ORIENTED_EDGE('',*,*,#1267,.F.);
#1859=ORIENTED_EDGE('',*,*,#1353,.T.);
#1860=ORIENTED_EDGE('',*,*,#1266,.F.);
#1861=ORIENTED_EDGE('',*,*,#1352,.T.);
#1862=ORIENTED_EDGE('',*,*,#1265,.F.);
#1863=ORIENTED_EDGE('',*,*,#1367,.T.);
#1864=ORIENTED_EDGE('',*,*,#1450,.F.);
#1865=ORIENTED_EDGE('',*,*,#1356,.T.);
#1866=ORIENTED_EDGE('',*,*,#1451,.F.);
#1867=ORIENTED_EDGE('',*,*,#1366,.T.);
#1868=ORIENTED_EDGE('',*,*,#1452,.F.);
#1869=ORIENTED_EDGE('',*,*,#1357,.T.);
#1870=ORIENTED_EDGE('',*,*,#1453,.F.);
#1871=ORIENTED_EDGE('',*,*,#1365,.T.);
#1872=ORIENTED_EDGE('',*,*,#1454,.F.);
#1873=ORIENTED_EDGE('',*,*,#1358,.T.);
#1874=ORIENTED_EDGE('',*,*,#1455,.F.);
#1875=ORIENTED_EDGE('',*,*,#1364,.T.);
#1876=ORIENTED_EDGE('',*,*,#1456,.F.);
#1877=ORIENTED_EDGE('',*,*,#1359,.T.);
#1878=ORIENTED_EDGE('',*,*,#1457,.F.);
#1879=ORIENTED_EDGE('',*,*,#1363,.T.);
#1880=ORIENTED_EDGE('',*,*,#1458,.F.);
#1881=ORIENTED_EDGE('',*,*,#1360,.T.);
#1882=ORIENTED_EDGE('',*,*,#1459,.F.);
#1883=ORIENTED_EDGE('',*,*,#1362,.T.);
#1884=ORIENTED_EDGE('',*,*,#1460,.F.);
#1885=ORIENTED_EDGE('',*,*,#1361,.T.);
#1886=ORIENTED_EDGE('',*,*,#1461,.F.);
#1887=ORIENTED_EDGE('',*,*,#1354,.T.);
#1888=ORIENTED_EDGE('',*,*,#1264,.F.);
#1889=ORIENTED_EDGE('',*,*,#1355,.T.);
#1890=ORIENTED_EDGE('',*,*,#1263,.F.);
#1891=ORIENTED_EDGE('',*,*,#1369,.T.);
#1892=ORIENTED_EDGE('',*,*,#1209,.T.);
#1893=ORIENTED_EDGE('',*,*,#1211,.T.);
#1894=ORIENTED_EDGE('',*,*,#1230,.T.);
#1895=ORIENTED_EDGE('',*,*,#1233,.T.);
#1896=ORIENTED_EDGE('',*,*,#1236,.T.);
#1897=ORIENTED_EDGE('',*,*,#1239,.T.);
#1898=ORIENTED_EDGE('',*,*,#1217,.T.);
#1899=ORIENTED_EDGE('',*,*,#1221,.T.);
#1900=ORIENTED_EDGE('',*,*,#1224,.T.);
#1901=ORIENTED_EDGE('',*,*,#1227,.T.);
#1902=ORIENTED_EDGE('',*,*,#1241,.T.);
#1903=ORIENTED_EDGE('',*,*,#1243,.T.);
#1904=ORIENTED_EDGE('',*,*,#1245,.T.);
#1905=ORIENTED_EDGE('',*,*,#1247,.T.);
#1906=ORIENTED_EDGE('',*,*,#1249,.T.);
#1907=ORIENTED_EDGE('',*,*,#1251,.T.);
#1908=ORIENTED_EDGE('',*,*,#1253,.T.);
#1909=ORIENTED_EDGE('',*,*,#1255,.T.);
#1910=ORIENTED_EDGE('',*,*,#1370,.T.);
#1911=ORIENTED_EDGE('',*,*,#1377,.T.);
#1912=ORIENTED_EDGE('',*,*,#1375,.T.);
#1913=ORIENTED_EDGE('',*,*,#1373,.T.);
#1914=ORIENTED_EDGE('',*,*,#1378,.T.);
#1915=ORIENTED_EDGE('',*,*,#1385,.T.);
#1916=ORIENTED_EDGE('',*,*,#1383,.T.);
#1917=ORIENTED_EDGE('',*,*,#1381,.T.);
#1918=ORIENTED_EDGE('',*,*,#1386,.T.);
#1919=ORIENTED_EDGE('',*,*,#1393,.T.);
#1920=ORIENTED_EDGE('',*,*,#1391,.T.);
#1921=ORIENTED_EDGE('',*,*,#1389,.T.);
#1922=ORIENTED_EDGE('',*,*,#1394,.T.);
#1923=ORIENTED_EDGE('',*,*,#1401,.T.);
#1924=ORIENTED_EDGE('',*,*,#1399,.T.);
#1925=ORIENTED_EDGE('',*,*,#1397,.T.);
#1926=ORIENTED_EDGE('',*,*,#1402,.T.);
#1927=ORIENTED_EDGE('',*,*,#1409,.T.);
#1928=ORIENTED_EDGE('',*,*,#1407,.T.);
#1929=ORIENTED_EDGE('',*,*,#1405,.T.);
#1930=ORIENTED_EDGE('',*,*,#1410,.T.);
#1931=ORIENTED_EDGE('',*,*,#1417,.T.);
#1932=ORIENTED_EDGE('',*,*,#1415,.T.);
#1933=ORIENTED_EDGE('',*,*,#1413,.T.);
#1934=ORIENTED_EDGE('',*,*,#1418,.T.);
#1935=ORIENTED_EDGE('',*,*,#1425,.T.);
#1936=ORIENTED_EDGE('',*,*,#1423,.T.);
#1937=ORIENTED_EDGE('',*,*,#1421,.T.);
#1938=ORIENTED_EDGE('',*,*,#1426,.T.);
#1939=ORIENTED_EDGE('',*,*,#1433,.T.);
#1940=ORIENTED_EDGE('',*,*,#1431,.T.);
#1941=ORIENTED_EDGE('',*,*,#1429,.T.);
#1942=ORIENTED_EDGE('',*,*,#1434,.T.);
#1943=ORIENTED_EDGE('',*,*,#1441,.T.);
#1944=ORIENTED_EDGE('',*,*,#1439,.T.);
#1945=ORIENTED_EDGE('',*,*,#1437,.T.);
#1946=ORIENTED_EDGE('',*,*,#1442,.T.);
#1947=ORIENTED_EDGE('',*,*,#1449,.T.);
#1948=ORIENTED_EDGE('',*,*,#1447,.T.);
#1949=ORIENTED_EDGE('',*,*,#1445,.T.);
#1950=ORIENTED_EDGE('',*,*,#1331,.T.);
#1951=ORIENTED_EDGE('',*,*,#1333,.T.);
#1952=ORIENTED_EDGE('',*,*,#1335,.T.);
#1953=ORIENTED_EDGE('',*,*,#1325,.T.);
#1954=ORIENTED_EDGE('',*,*,#1327,.T.);
#1955=ORIENTED_EDGE('',*,*,#1329,.T.);
#1956=ORIENTED_EDGE('',*,*,#1450,.T.);
#1957=ORIENTED_EDGE('',*,*,#1451,.T.);
#1958=ORIENTED_EDGE('',*,*,#1452,.T.);
#1959=ORIENTED_EDGE('',*,*,#1453,.T.);
#1960=ORIENTED_EDGE('',*,*,#1454,.T.);
#1961=ORIENTED_EDGE('',*,*,#1455,.T.);
#1962=ORIENTED_EDGE('',*,*,#1456,.T.);
#1963=ORIENTED_EDGE('',*,*,#1457,.T.);
#1964=ORIENTED_EDGE('',*,*,#1458,.T.);
#1965=ORIENTED_EDGE('',*,*,#1459,.T.);
#1966=ORIENTED_EDGE('',*,*,#1460,.T.);
#1967=ORIENTED_EDGE('',*,*,#1461,.T.);
#1968=CYLINDRICAL_SURFACE('',#2194,4.);
#1969=CYLINDRICAL_SURFACE('',#2197,4.);
#1970=CYLINDRICAL_SURFACE('',#2200,1.2);
#1971=CYLINDRICAL_SURFACE('',#2204,1.2);
#1972=CYLINDRICAL_SURFACE('',#2208,2.4507821303308);
#1973=CYLINDRICAL_SURFACE('',#2212,0.650782130354962);
#1974=CYLINDRICAL_SURFACE('',#2216,0.650782130342912);
#1975=CYLINDRICAL_SURFACE('',#2220,2.45078213033061);
#1976=CYLINDRICAL_SURFACE('',#2223,11.2007821303308);
#1977=CYLINDRICAL_SURFACE('',#2226,1.2);
#1978=CYLINDRICAL_SURFACE('',#2229,1.2);
#1979=CYLINDRICAL_SURFACE('',#2232,11.9);
#1980=CYLINDRICAL_SURFACE('',#2235,1.2);
#1981=CYLINDRICAL_SURFACE('',#2238,1.2);
#1982=CYLINDRICAL_SURFACE('',#2241,1.2);
#1983=CYLINDRICAL_SURFACE('',#2244,1.2);
#1984=CYLINDRICAL_SURFACE('',#2247,11.9);
#1985=CYLINDRICAL_SURFACE('',#2300,2.125);
#1986=CYLINDRICAL_SURFACE('',#2304,2.125);
#1987=CYLINDRICAL_SURFACE('',#2308,2.125);
#1988=CYLINDRICAL_SURFACE('',#2312,2.125);
#1989=CYLINDRICAL_SURFACE('',#2316,2.125);
#1990=CYLINDRICAL_SURFACE('',#2320,2.125);
#1991=CYLINDRICAL_SURFACE('',#2388,114.25);
#1992=CYLINDRICAL_SURFACE('',#2390,10.3);
#1993=CYLINDRICAL_SURFACE('',#2393,10.3);
#1994=CYLINDRICAL_SURFACE('',#2396,10.3);
#1995=CYLINDRICAL_SURFACE('',#2399,10.3);
#1996=CYLINDRICAL_SURFACE('',#2402,10.3);
#1997=CYLINDRICAL_SURFACE('',#2405,10.3);
#1998=CYLINDRICAL_SURFACE('',#2408,10.3);
#1999=CYLINDRICAL_SURFACE('',#2411,10.3);
#2000=CYLINDRICAL_SURFACE('',#2414,10.3);
#2001=CYLINDRICAL_SURFACE('',#2417,10.3);
#2002=CYLINDRICAL_SURFACE('',#2420,10.3);
#2003=CYLINDRICAL_SURFACE('',#2423,10.3);
#2004=CYLINDRICAL_SURFACE('',#2426,10.3);
#2005=CYLINDRICAL_SURFACE('',#2429,10.3);
#2006=CYLINDRICAL_SURFACE('',#2432,10.3);
#2007=CYLINDRICAL_SURFACE('',#2435,10.3);
#2008=CYLINDRICAL_SURFACE('',#2438,10.3);
#2009=CYLINDRICAL_SURFACE('',#2441,10.3);
#2010=CYLINDRICAL_SURFACE('',#2445,10.3);
#2011=CYLINDRICAL_SURFACE('',#2448,10.3);
#2012=CYLINDRICAL_SURFACE('',#2450,1.2);
#2013=CYLINDRICAL_SURFACE('',#2451,1.2);
#2014=CYLINDRICAL_SURFACE('',#2452,1.2);
#2015=CYLINDRICAL_SURFACE('',#2453,1.2);
#2016=CYLINDRICAL_SURFACE('',#2454,1.2);
#2017=CYLINDRICAL_SURFACE('',#2455,1.2);
#2018=CYLINDRICAL_SURFACE('',#2456,1.2);
#2019=CYLINDRICAL_SURFACE('',#2457,1.2);
#2020=CYLINDRICAL_SURFACE('',#2458,1.2);
#2021=CYLINDRICAL_SURFACE('',#2459,1.2);
#2022=CYLINDRICAL_SURFACE('',#2460,1.2);
#2023=CYLINDRICAL_SURFACE('',#2461,1.2);
#2024=CYLINDRICAL_SURFACE('',#2462,1.2);
#2025=CYLINDRICAL_SURFACE('',#2463,1.2);
#2026=CYLINDRICAL_SURFACE('',#2464,1.2);
#2027=CYLINDRICAL_SURFACE('',#2465,1.2);
#2028=CYLINDRICAL_SURFACE('',#2466,1.2);
#2029=CYLINDRICAL_SURFACE('',#2467,1.2);
#2030=CYLINDRICAL_SURFACE('',#2468,1.2);
#2031=CYLINDRICAL_SURFACE('',#2470,1.2);
#2032=CYLINDRICAL_SURFACE('',#2472,1.2);
#2033=CYLINDRICAL_SURFACE('',#2474,1.2);
#2034=CYLINDRICAL_SURFACE('',#2476,1.2);
#2035=CYLINDRICAL_SURFACE('',#2478,1.2);
#2036=CYLINDRICAL_SURFACE('',#2480,1.2);
#2037=CYLINDRICAL_SURFACE('',#2482,1.2);
#2038=CYLINDRICAL_SURFACE('',#2484,1.2);
#2039=CYLINDRICAL_SURFACE('',#2486,1.2);
#2040=CYLINDRICAL_SURFACE('',#2488,1.2);
#2041=CYLINDRICAL_SURFACE('',#2490,1.2);
#2042=CYLINDRICAL_SURFACE('',#2492,1.2);
#2043=CYLINDRICAL_SURFACE('',#2493,1.2);
#2044=ADVANCED_FACE('',(#415,#269),#1968,.F.);
#2045=ADVANCED_FACE('',(#416,#270),#1969,.F.);
#2046=ADVANCED_FACE('',(#417,#271),#1970,.F.);
#2047=ADVANCED_FACE('',(#418),#210,.T.);
#2048=ADVANCED_FACE('',(#419,#272),#1971,.F.);
#2049=ADVANCED_FACE('',(#420),#211,.T.);
#2050=ADVANCED_FACE('',(#421),#1972,.F.);
#2051=ADVANCED_FACE('',(#422),#212,.F.);
#2052=ADVANCED_FACE('',(#423),#1973,.F.);
#2053=ADVANCED_FACE('',(#424),#213,.F.);
#2054=ADVANCED_FACE('',(#425),#1974,.F.);
#2055=ADVANCED_FACE('',(#426),#214,.F.);
#2056=ADVANCED_FACE('',(#427),#1975,.F.);
#2057=ADVANCED_FACE('',(#428),#1976,.F.);
#2058=ADVANCED_FACE('',(#429,#273),#1977,.F.);
#2059=ADVANCED_FACE('',(#430,#274),#1978,.F.);
#2060=ADVANCED_FACE('',(#431,#275),#1979,.F.);
#2061=ADVANCED_FACE('',(#432,#276),#1980,.F.);
#2062=ADVANCED_FACE('',(#433,#277),#1981,.F.);
#2063=ADVANCED_FACE('',(#434,#278),#1982,.F.);
#2064=ADVANCED_FACE('',(#435,#279),#1983,.F.);
#2065=ADVANCED_FACE('',(#436,#280),#1984,.F.);
#2066=ADVANCED_FACE('',(#437,#281),#15,.F.);
#2067=ADVANCED_FACE('',(#438,#282,#283,#284,#285,#286,#287,#288,#289,#290,
#291,#292,#293,#294,#295,#296,#297,#298,#299,#300,#301,#302,#303,#304,#305,
#306,#307,#308,#309,#310,#311,#312,#313,#314,#315,#316,#317,#318,#319,#320,
#321,#322,#323,#324,#325,#326,#327,#328,#329,#330),#215,.T.);
#2068=ADVANCED_FACE('',(#439,#331),#1985,.F.);
#2069=ADVANCED_FACE('',(#440,#332),#16,.F.);
#2070=ADVANCED_FACE('',(#441,#333),#1986,.F.);
#2071=ADVANCED_FACE('',(#442,#334),#17,.F.);
#2072=ADVANCED_FACE('',(#443,#335),#1987,.F.);
#2073=ADVANCED_FACE('',(#444,#336),#18,.F.);
#2074=ADVANCED_FACE('',(#445,#337),#1988,.F.);
#2075=ADVANCED_FACE('',(#446,#338),#19,.F.);
#2076=ADVANCED_FACE('',(#447,#339),#1989,.F.);
#2077=ADVANCED_FACE('',(#448,#340),#20,.F.);
#2078=ADVANCED_FACE('',(#449,#341),#1990,.F.);
#2079=ADVANCED_FACE('',(#450),#216,.T.);
#2080=ADVANCED_FACE('',(#451),#217,.T.);
#2081=ADVANCED_FACE('',(#452),#218,.T.);
#2082=ADVANCED_FACE('',(#453),#219,.T.);
#2083=ADVANCED_FACE('',(#454),#220,.T.);
#2084=ADVANCED_FACE('',(#455),#221,.T.);
#2085=ADVANCED_FACE('',(#456),#222,.T.);
#2086=ADVANCED_FACE('',(#457),#223,.T.);
#2087=ADVANCED_FACE('',(#458),#224,.T.);
#2088=ADVANCED_FACE('',(#459),#225,.T.);
#2089=ADVANCED_FACE('',(#460),#226,.T.);
#2090=ADVANCED_FACE('',(#461),#227,.T.);
#2091=ADVANCED_FACE('',(#462),#228,.T.);
#2092=ADVANCED_FACE('',(#463),#229,.T.);
#2093=ADVANCED_FACE('',(#464),#230,.T.);
#2094=ADVANCED_FACE('',(#465),#231,.T.);
#2095=ADVANCED_FACE('',(#466),#232,.T.);
#2096=ADVANCED_FACE('',(#467),#233,.T.);
#2097=ADVANCED_FACE('',(#468),#234,.T.);
#2098=ADVANCED_FACE('',(#469),#235,.T.);
#2099=ADVANCED_FACE('',(#470),#236,.F.);
#2100=ADVANCED_FACE('',(#471),#237,.F.);
#2101=ADVANCED_FACE('',(#472),#238,.F.);
#2102=ADVANCED_FACE('',(#473),#239,.F.);
#2103=ADVANCED_FACE('',(#474),#240,.F.);
#2104=ADVANCED_FACE('',(#475),#241,.F.);
#2105=ADVANCED_FACE('',(#476),#242,.F.);
#2106=ADVANCED_FACE('',(#477),#243,.F.);
#2107=ADVANCED_FACE('',(#478),#244,.F.);
#2108=ADVANCED_FACE('',(#479),#245,.F.);
#2109=ADVANCED_FACE('',(#480),#246,.F.);
#2110=ADVANCED_FACE('',(#481),#247,.F.);
#2111=ADVANCED_FACE('',(#482,#342),#21,.T.);
#2112=ADVANCED_FACE('',(#483,#343),#1991,.T.);
#2113=ADVANCED_FACE('',(#484),#1992,.F.);
#2114=ADVANCED_FACE('',(#485),#248,.F.);
#2115=ADVANCED_FACE('',(#486),#1993,.F.);
#2116=ADVANCED_FACE('',(#487),#249,.F.);
#2117=ADVANCED_FACE('',(#488),#1994,.F.);
#2118=ADVANCED_FACE('',(#489),#250,.F.);
#2119=ADVANCED_FACE('',(#490),#1995,.F.);
#2120=ADVANCED_FACE('',(#491),#251,.F.);
#2121=ADVANCED_FACE('',(#492),#1996,.F.);
#2122=ADVANCED_FACE('',(#493),#252,.F.);
#2123=ADVANCED_FACE('',(#494),#1997,.F.);
#2124=ADVANCED_FACE('',(#495),#253,.F.);
#2125=ADVANCED_FACE('',(#496),#1998,.F.);
#2126=ADVANCED_FACE('',(#497),#254,.F.);
#2127=ADVANCED_FACE('',(#498),#1999,.F.);
#2128=ADVANCED_FACE('',(#499),#255,.F.);
#2129=ADVANCED_FACE('',(#500),#2000,.F.);
#2130=ADVANCED_FACE('',(#501),#256,.F.);
#2131=ADVANCED_FACE('',(#502),#2001,.F.);
#2132=ADVANCED_FACE('',(#503),#257,.F.);
#2133=ADVANCED_FACE('',(#504),#2002,.F.);
#2134=ADVANCED_FACE('',(#505),#258,.F.);
#2135=ADVANCED_FACE('',(#506),#2003,.F.);
#2136=ADVANCED_FACE('',(#507),#259,.F.);
#2137=ADVANCED_FACE('',(#508),#2004,.F.);
#2138=ADVANCED_FACE('',(#509),#260,.F.);
#2139=ADVANCED_FACE('',(#510),#2005,.F.);
#2140=ADVANCED_FACE('',(#511),#261,.F.);
#2141=ADVANCED_FACE('',(#512),#2006,.F.);
#2142=ADVANCED_FACE('',(#513),#262,.F.);
#2143=ADVANCED_FACE('',(#514),#2007,.F.);
#2144=ADVANCED_FACE('',(#515),#263,.F.);
#2145=ADVANCED_FACE('',(#516),#2008,.F.);
#2146=ADVANCED_FACE('',(#517),#264,.F.);
#2147=ADVANCED_FACE('',(#518),#2009,.F.);
#2148=ADVANCED_FACE('',(#519),#265,.F.);
#2149=ADVANCED_FACE('',(#520),#266,.F.);
#2150=ADVANCED_FACE('',(#521),#2010,.F.);
#2151=ADVANCED_FACE('',(#522),#267,.F.);
#2152=ADVANCED_FACE('',(#523),#2011,.F.);
#2153=ADVANCED_FACE('',(#524,#344),#2012,.F.);
#2154=ADVANCED_FACE('',(#525,#345),#2013,.F.);
#2155=ADVANCED_FACE('',(#526,#346),#2014,.F.);
#2156=ADVANCED_FACE('',(#527,#347),#2015,.F.);
#2157=ADVANCED_FACE('',(#528,#348),#2016,.F.);
#2158=ADVANCED_FACE('',(#529,#349),#2017,.F.);
#2159=ADVANCED_FACE('',(#530,#350),#2018,.F.);
#2160=ADVANCED_FACE('',(#531,#351),#2019,.F.);
#2161=ADVANCED_FACE('',(#532,#352),#2020,.F.);
#2162=ADVANCED_FACE('',(#533,#353),#2021,.F.);
#2163=ADVANCED_FACE('',(#534,#354),#2022,.F.);
#2164=ADVANCED_FACE('',(#535,#355),#2023,.F.);
#2165=ADVANCED_FACE('',(#536,#356),#2024,.F.);
#2166=ADVANCED_FACE('',(#537,#357),#2025,.F.);
#2167=ADVANCED_FACE('',(#538,#358),#2026,.F.);
#2168=ADVANCED_FACE('',(#539,#359),#2027,.F.);
#2169=ADVANCED_FACE('',(#540,#360),#2028,.F.);
#2170=ADVANCED_FACE('',(#541,#361),#2029,.F.);
#2171=ADVANCED_FACE('',(#542,#362),#2030,.F.);
#2172=ADVANCED_FACE('',(#543,#363),#2031,.F.);
#2173=ADVANCED_FACE('',(#544,#364),#2032,.F.);
#2174=ADVANCED_FACE('',(#545,#365),#2033,.F.);
#2175=ADVANCED_FACE('',(#546,#366),#2034,.F.);
#2176=ADVANCED_FACE('',(#547,#367),#2035,.F.);
#2177=ADVANCED_FACE('',(#548,#368),#2036,.F.);
#2178=ADVANCED_FACE('',(#549,#369),#2037,.F.);
#2179=ADVANCED_FACE('',(#550,#370),#2038,.F.);
#2180=ADVANCED_FACE('',(#551,#371),#2039,.F.);
#2181=ADVANCED_FACE('',(#552,#372),#2040,.F.);
#2182=ADVANCED_FACE('',(#553,#373),#2041,.F.);
#2183=ADVANCED_FACE('',(#554,#374),#2042,.F.);
#2184=ADVANCED_FACE('',(#555,#375),#2043,.F.);
#2185=ADVANCED_FACE('',(#556,#376,#377,#378,#379,#380,#381,#382,#383,#384,
#385,#386,#387,#388,#389,#390,#391,#392,#393,#394,#395,#396,#397,#398,#399,
#400,#401,#402,#403,#404,#405,#406,#407,#408,#409,#410,#411,#412,#413,#414),
#268,.F.);
#2186=CLOSED_SHELL('',(#2044,#2045,#2046,#2047,#2048,#2049,#2050,#2051,
#2052,#2053,#2054,#2055,#2056,#2057,#2058,#2059,#2060,#2061,#2062,#2063,
#2064,#2065,#2066,#2067,#2068,#2069,#2070,#2071,#2072,#2073,#2074,#2075,
#2076,#2077,#2078,#2079,#2080,#2081,#2082,#2083,#2084,#2085,#2086,#2087,
#2088,#2089,#2090,#2091,#2092,#2093,#2094,#2095,#2096,#2097,#2098,#2099,
#2100,#2101,#2102,#2103,#2104,#2105,#2106,#2107,#2108,#2109,#2110,#2111,
#2112,#2113,#2114,#2115,#2116,#2117,#2118,#2119,#2120,#2121,#2122,#2123,
#2124,#2125,#2126,#2127,#2128,#2129,#2130,#2131,#2132,#2133,#2134,#2135,
#2136,#2137,#2138,#2139,#2140,#2141,#2142,#2143,#2144,#2145,#2146,#2147,
#2148,#2149,#2150,#2151,#2152,#2153,#2154,#2155,#2156,#2157,#2158,#2159,
#2160,#2161,#2162,#2163,#2164,#2165,#2166,#2167,#2168,#2169,#2170,#2171,
#2172,#2173,#2174,#2175,#2176,#2177,#2178,#2179,#2180,#2181,#2182,#2183,
#2184,#2185));
#2187=DATE_TIME_ROLE('creation_date');
#2188=APPLIED_DATE_AND_TIME_ASSIGNMENT(#2189,#2187,(#3808));
#2189=DATE_AND_TIME(#2190,#2191);
#2190=CALENDAR_DATE(2014,3,9);
#2191=LOCAL_TIME(13,36,8.,#2192);
#2192=COORDINATED_UNIVERSAL_TIME_OFFSET(0,0,.BEHIND.);
#2193=AXIS2_PLACEMENT_3D('placement',#3193,#2495,#2496);
#2194=AXIS2_PLACEMENT_3D('',#3194,#2497,#2498);
#2195=AXIS2_PLACEMENT_3D('',#3196,#2499,#2500);
#2196=AXIS2_PLACEMENT_3D('',#3198,#2501,#2502);
#2197=AXIS2_PLACEMENT_3D('',#3199,#2503,#2504);
#2198=AXIS2_PLACEMENT_3D('',#3201,#2505,#2506);
#2199=AXIS2_PLACEMENT_3D('',#3203,#2507,#2508);
#2200=AXIS2_PLACEMENT_3D('',#3204,#2509,#2510);
#2201=AXIS2_PLACEMENT_3D('',#3206,#2511,#2512);
#2202=AXIS2_PLACEMENT_3D('',#3208,#2513,#2514);
#2203=AXIS2_PLACEMENT_3D('',#3209,#2515,#2516);
#2204=AXIS2_PLACEMENT_3D('',#3210,#2517,#2518);
#2205=AXIS2_PLACEMENT_3D('',#3212,#2519,#2520);
#2206=AXIS2_PLACEMENT_3D('',#3214,#2521,#2522);
#2207=AXIS2_PLACEMENT_3D('',#3215,#2523,#2524);
#2208=AXIS2_PLACEMENT_3D('',#3216,#2525,#2526);
#2209=AXIS2_PLACEMENT_3D('',#3219,#2527,#2528);
#2210=AXIS2_PLACEMENT_3D('',#3223,#2530,#2531);
#2211=AXIS2_PLACEMENT_3D('',#3225,#2533,#2534);
#2212=AXIS2_PLACEMENT_3D('',#3231,#2538,#2539);
#2213=AXIS2_PLACEMENT_3D('',#3233,#2540,#2541);
#2214=AXIS2_PLACEMENT_3D('',#3235,#2542,#2543);
#2215=AXIS2_PLACEMENT_3D('',#3237,#2545,#2546);
#2216=AXIS2_PLACEMENT_3D('',#3243,#2550,#2551);
#2217=AXIS2_PLACEMENT_3D('',#3245,#2552,#2553);
#2218=AXIS2_PLACEMENT_3D('',#3247,#2554,#2555);
#2219=AXIS2_PLACEMENT_3D('',#3249,#2557,#2558);
#2220=AXIS2_PLACEMENT_3D('',#3255,#2562,#2563);
#2221=AXIS2_PLACEMENT_3D('',#3257,#2564,#2565);
#2222=AXIS2_PLACEMENT_3D('',#3259,#2566,#2567);
#2223=AXIS2_PLACEMENT_3D('',#3261,#2569,#2570);
#2224=AXIS2_PLACEMENT_3D('',#3262,#2571,#2572);
#2225=AXIS2_PLACEMENT_3D('',#3263,#2573,#2574);
#2226=AXIS2_PLACEMENT_3D('',#3264,#2575,#2576);
#2227=AXIS2_PLACEMENT_3D('',#3266,#2577,#2578);
#2228=AXIS2_PLACEMENT_3D('',#3268,#2579,#2580);
#2229=AXIS2_PLACEMENT_3D('',#3269,#2581,#2582);
#2230=AXIS2_PLACEMENT_3D('',#3271,#2583,#2584);
#2231=AXIS2_PLACEMENT_3D('',#3273,#2585,#2586);
#2232=AXIS2_PLACEMENT_3D('',#3274,#2587,#2588);
#2233=AXIS2_PLACEMENT_3D('',#3276,#2589,#2590);
#2234=AXIS2_PLACEMENT_3D('',#3278,#2591,#2592);
#2235=AXIS2_PLACEMENT_3D('',#3279,#2593,#2594);
#2236=AXIS2_PLACEMENT_3D('',#3281,#2595,#2596);
#2237=AXIS2_PLACEMENT_3D('',#3283,#2597,#2598);
#2238=AXIS2_PLACEMENT_3D('',#3284,#2599,#2600);
#2239=AXIS2_PLACEMENT_3D('',#3286,#2601,#2602);
#2240=AXIS2_PLACEMENT_3D('',#3288,#2603,#2604);
#2241=AXIS2_PLACEMENT_3D('',#3289,#2605,#2606);
#2242=AXIS2_PLACEMENT_3D('',#3291,#2607,#2608);
#2243=AXIS2_PLACEMENT_3D('',#3293,#2609,#2610);
#2244=AXIS2_PLACEMENT_3D('',#3294,#2611,#2612);
#2245=AXIS2_PLACEMENT_3D('',#3296,#2613,#2614);
#2246=AXIS2_PLACEMENT_3D('',#3298,#2615,#2616);
#2247=AXIS2_PLACEMENT_3D('',#3299,#2617,#2618);
#2248=AXIS2_PLACEMENT_3D('',#3301,#2619,#2620);
#2249=AXIS2_PLACEMENT_3D('',#3303,#2621,#2622);
#2250=AXIS2_PLACEMENT_3D('',#3304,#2623,#2624);
#2251=AXIS2_PLACEMENT_3D('',#3306,#2625,#2626);
#2252=AXIS2_PLACEMENT_3D('',#3308,#2627,#2628);
#2253=AXIS2_PLACEMENT_3D('',#3309,#2629,#2630);
#2254=AXIS2_PLACEMENT_3D('',#3311,#2631,#2632);
#2255=AXIS2_PLACEMENT_3D('',#3313,#2633,#2634);
#2256=AXIS2_PLACEMENT_3D('',#3315,#2635,#2636);
#2257=AXIS2_PLACEMENT_3D('',#3317,#2637,#2638);
#2258=AXIS2_PLACEMENT_3D('',#3319,#2639,#2640);
#2259=AXIS2_PLACEMENT_3D('',#3321,#2641,#2642);
#2260=AXIS2_PLACEMENT_3D('',#3323,#2643,#2644);
#2261=AXIS2_PLACEMENT_3D('',#3325,#2645,#2646);
#2262=AXIS2_PLACEMENT_3D('',#3327,#2647,#2648);
#2263=AXIS2_PLACEMENT_3D('',#3329,#2649,#2650);
#2264=AXIS2_PLACEMENT_3D('',#3331,#2651,#2652);
#2265=AXIS2_PLACEMENT_3D('',#3333,#2653,#2654);
#2266=AXIS2_PLACEMENT_3D('',#3335,#2655,#2656);
#2267=AXIS2_PLACEMENT_3D('',#3337,#2657,#2658);
#2268=AXIS2_PLACEMENT_3D('',#3339,#2659,#2660);
#2269=AXIS2_PLACEMENT_3D('',#3341,#2661,#2662);
#2270=AXIS2_PLACEMENT_3D('',#3343,#2663,#2664);
#2271=AXIS2_PLACEMENT_3D('',#3345,#2665,#2666);
#2272=AXIS2_PLACEMENT_3D('',#3347,#2667,#2668);
#2273=AXIS2_PLACEMENT_3D('',#3349,#2669,#2670);
#2274=AXIS2_PLACEMENT_3D('',#3351,#2671,#2672);
#2275=AXIS2_PLACEMENT_3D('',#3353,#2673,#2674);
#2276=AXIS2_PLACEMENT_3D('',#3355,#2675,#2676);
#2277=AXIS2_PLACEMENT_3D('',#3357,#2677,#2678);
#2278=AXIS2_PLACEMENT_3D('',#3362,#2680,#2681);
#2279=AXIS2_PLACEMENT_3D('',#3365,#2683,#2684);
#2280=AXIS2_PLACEMENT_3D('',#3368,#2685,#2686);
#2281=AXIS2_PLACEMENT_3D('',#3372,#2688,#2689);
#2282=AXIS2_PLACEMENT_3D('',#3376,#2691,#2692);
#2283=AXIS2_PLACEMENT_3D('',#3380,#2694,#2695);
#2284=AXIS2_PLACEMENT_3D('',#3384,#2697,#2698);
#2285=AXIS2_PLACEMENT_3D('',#3388,#2700,#2701);
#2286=AXIS2_PLACEMENT_3D('',#3392,#2703,#2704);
#2287=AXIS2_PLACEMENT_3D('',#3396,#2706,#2707);
#2288=AXIS2_PLACEMENT_3D('',#3400,#2709,#2710);
#2289=AXIS2_PLACEMENT_3D('',#3404,#2712,#2713);
#2290=AXIS2_PLACEMENT_3D('',#3408,#2715,#2716);
#2291=AXIS2_PLACEMENT_3D('',#3412,#2718,#2719);
#2292=AXIS2_PLACEMENT_3D('',#3416,#2721,#2722);
#2293=AXIS2_PLACEMENT_3D('',#3420,#2724,#2725);
#2294=AXIS2_PLACEMENT_3D('',#3424,#2727,#2728);
#2295=AXIS2_PLACEMENT_3D('',#3428,#2730,#2731);
#2296=AXIS2_PLACEMENT_3D('',#3432,#2733,#2734);
#2297=AXIS2_PLACEMENT_3D('',#3436,#2736,#2737);
#2298=AXIS2_PLACEMENT_3D('',#3439,#2739,#2740);
#2299=AXIS2_PLACEMENT_3D('',#3441,#2741,#2742);
#2300=AXIS2_PLACEMENT_3D('',#3442,#2743,#2744);
#2301=AXIS2_PLACEMENT_3D('',#3444,#2745,#2746);
#2302=AXIS2_PLACEMENT_3D('',#3445,#2747,#2748);
#2303=AXIS2_PLACEMENT_3D('',#3447,#2749,#2750);
#2304=AXIS2_PLACEMENT_3D('',#3448,#2751,#2752);
#2305=AXIS2_PLACEMENT_3D('',#3450,#2753,#2754);
#2306=AXIS2_PLACEMENT_3D('',#3451,#2755,#2756);
#2307=AXIS2_PLACEMENT_3D('',#3453,#2757,#2758);
#2308=AXIS2_PLACEMENT_3D('',#3454,#2759,#2760);
#2309=AXIS2_PLACEMENT_3D('',#3456,#2761,#2762);
#2310=AXIS2_PLACEMENT_3D('',#3457,#2763,#2764);
#2311=AXIS2_PLACEMENT_3D('',#3459,#2765,#2766);
#2312=AXIS2_PLACEMENT_3D('',#3460,#2767,#2768);
#2313=AXIS2_PLACEMENT_3D('',#3462,#2769,#2770);
#2314=AXIS2_PLACEMENT_3D('',#3463,#2771,#2772);
#2315=AXIS2_PLACEMENT_3D('',#3465,#2773,#2774);
#2316=AXIS2_PLACEMENT_3D('',#3466,#2775,#2776);
#2317=AXIS2_PLACEMENT_3D('',#3468,#2777,#2778);
#2318=AXIS2_PLACEMENT_3D('',#3469,#2779,#2780);
#2319=AXIS2_PLACEMENT_3D('',#3471,#2781,#2782);
#2320=AXIS2_PLACEMENT_3D('',#3472,#2783,#2784);
#2321=AXIS2_PLACEMENT_3D('',#3474,#2785,#2786);
#2322=AXIS2_PLACEMENT_3D('',#3475,#2787,#2788);
#2323=AXIS2_PLACEMENT_3D('',#3477,#2789,#2790);
#2324=AXIS2_PLACEMENT_3D('',#3478,#2791,#2792);
#2325=AXIS2_PLACEMENT_3D('',#3480,#2793,#2794);
#2326=AXIS2_PLACEMENT_3D('',#3481,#2795,#2796);
#2327=AXIS2_PLACEMENT_3D('',#3483,#2797,#2798);
#2328=AXIS2_PLACEMENT_3D('',#3484,#2799,#2800);
#2329=AXIS2_PLACEMENT_3D('',#3486,#2801,#2802);
#2330=AXIS2_PLACEMENT_3D('',#3487,#2803,#2804);
#2331=AXIS2_PLACEMENT_3D('',#3489,#2805,#2806);
#2332=AXIS2_PLACEMENT_3D('',#3490,#2807,#2808);
#2333=AXIS2_PLACEMENT_3D('',#3492,#2809,#2810);
#2334=AXIS2_PLACEMENT_3D('',#3493,#2811,#2812);
#2335=AXIS2_PLACEMENT_3D('',#3495,#2813,#2814);
#2336=AXIS2_PLACEMENT_3D('',#3496,#2815,#2816);
#2337=AXIS2_PLACEMENT_3D('',#3498,#2817,#2818);
#2338=AXIS2_PLACEMENT_3D('',#3499,#2819,#2820);
#2339=AXIS2_PLACEMENT_3D('',#3501,#2821,#2822);
#2340=AXIS2_PLACEMENT_3D('',#3502,#2823,#2824);
#2341=AXIS2_PLACEMENT_3D('',#3504,#2825,#2826);
#2342=AXIS2_PLACEMENT_3D('',#3505,#2827,#2828);
#2343=AXIS2_PLACEMENT_3D('',#3507,#2829,#2830);
#2344=AXIS2_PLACEMENT_3D('',#3508,#2831,#2832);
#2345=AXIS2_PLACEMENT_3D('',#3510,#2833,#2834);
#2346=AXIS2_PLACEMENT_3D('',#3511,#2835,#2836);
#2347=AXIS2_PLACEMENT_3D('',#3513,#2837,#2838);
#2348=AXIS2_PLACEMENT_3D('',#3514,#2839,#2840);
#2349=AXIS2_PLACEMENT_3D('',#3516,#2841,#2842);
#2350=AXIS2_PLACEMENT_3D('',#3517,#2843,#2844);
#2351=AXIS2_PLACEMENT_3D('',#3519,#2845,#2846);
#2352=AXIS2_PLACEMENT_3D('',#3520,#2847,#2848);
#2353=AXIS2_PLACEMENT_3D('',#3522,#2849,#2850);
#2354=AXIS2_PLACEMENT_3D('',#3523,#2851,#2852);
#2355=AXIS2_PLACEMENT_3D('',#3525,#2853,#2854);
#2356=AXIS2_PLACEMENT_3D('',#3526,#2855,#2856);
#2357=AXIS2_PLACEMENT_3D('',#3528,#2857,#2858);
#2358=AXIS2_PLACEMENT_3D('',#3529,#2859,#2860);
#2359=AXIS2_PLACEMENT_3D('',#3531,#2861,#2862);
#2360=AXIS2_PLACEMENT_3D('',#3532,#2863,#2864);
#2361=AXIS2_PLACEMENT_3D('',#3534,#2865,#2866);
#2362=AXIS2_PLACEMENT_3D('',#3535,#2867,#2868);
#2363=AXIS2_PLACEMENT_3D('',#3537,#2869,#2870);
#2364=AXIS2_PLACEMENT_3D('',#3538,#2871,#2872);
#2365=AXIS2_PLACEMENT_3D('',#3540,#2873,#2874);
#2366=AXIS2_PLACEMENT_3D('',#3541,#2875,#2876);
#2367=AXIS2_PLACEMENT_3D('',#3543,#2877,#2878);
#2368=AXIS2_PLACEMENT_3D('',#3544,#2879,#2880);
#2369=AXIS2_PLACEMENT_3D('',#3546,#2881,#2882);
#2370=AXIS2_PLACEMENT_3D('',#3547,#2883,#2884);
#2371=AXIS2_PLACEMENT_3D('',#3549,#2885,#2886);
#2372=AXIS2_PLACEMENT_3D('',#3550,#2887,#2888);
#2373=AXIS2_PLACEMENT_3D('',#3552,#2889,#2890);
#2374=AXIS2_PLACEMENT_3D('',#3553,#2891,#2892);
#2375=AXIS2_PLACEMENT_3D('',#3555,#2893,#2894);
#2376=AXIS2_PLACEMENT_3D('',#3556,#2895,#2896);
#2377=AXIS2_PLACEMENT_3D('',#3558,#2897,#2898);
#2378=AXIS2_PLACEMENT_3D('',#3559,#2899,#2900);
#2379=AXIS2_PLACEMENT_3D('',#3561,#2901,#2902);
#2380=AXIS2_PLACEMENT_3D('',#3562,#2903,#2904);
#2381=AXIS2_PLACEMENT_3D('',#3564,#2905,#2906);
#2382=AXIS2_PLACEMENT_3D('',#3565,#2907,#2908);
#2383=AXIS2_PLACEMENT_3D('',#3567,#2909,#2910);
#2384=AXIS2_PLACEMENT_3D('',#3568,#2911,#2912);
#2385=AXIS2_PLACEMENT_3D('',#3570,#2913,#2914);
#2386=AXIS2_PLACEMENT_3D('',#3571,#2915,#2916);
#2387=AXIS2_PLACEMENT_3D('',#3573,#2917,#2918);
#2388=AXIS2_PLACEMENT_3D('',#3574,#2919,#2920);
#2389=AXIS2_PLACEMENT_3D('',#3576,#2921,#2922);
#2390=AXIS2_PLACEMENT_3D('',#3577,#2923,#2924);
#2391=AXIS2_PLACEMENT_3D('',#3580,#2925,#2926);
#2392=AXIS2_PLACEMENT_3D('',#3583,#2929,#2930);
#2393=AXIS2_PLACEMENT_3D('',#3587,#2933,#2934);
#2394=AXIS2_PLACEMENT_3D('',#3589,#2935,#2936);
#2395=AXIS2_PLACEMENT_3D('',#3591,#2938,#2939);
#2396=AXIS2_PLACEMENT_3D('',#3593,#2941,#2942);
#2397=AXIS2_PLACEMENT_3D('',#3596,#2943,#2944);
#2398=AXIS2_PLACEMENT_3D('',#3599,#2947,#2948);
#2399=AXIS2_PLACEMENT_3D('',#3603,#2951,#2952);
#2400=AXIS2_PLACEMENT_3D('',#3605,#2953,#2954);
#2401=AXIS2_PLACEMENT_3D('',#3607,#2956,#2957);
#2402=AXIS2_PLACEMENT_3D('',#3609,#2959,#2960);
#2403=AXIS2_PLACEMENT_3D('',#3612,#2961,#2962);
#2404=AXIS2_PLACEMENT_3D('',#3615,#2965,#2966);
#2405=AXIS2_PLACEMENT_3D('',#3619,#2969,#2970);
#2406=AXIS2_PLACEMENT_3D('',#3621,#2971,#2972);
#2407=AXIS2_PLACEMENT_3D('',#3623,#2974,#2975);
#2408=AXIS2_PLACEMENT_3D('',#3625,#2977,#2978);
#2409=AXIS2_PLACEMENT_3D('',#3628,#2979,#2980);
#2410=AXIS2_PLACEMENT_3D('',#3631,#2983,#2984);
#2411=AXIS2_PLACEMENT_3D('',#3635,#2987,#2988);
#2412=AXIS2_PLACEMENT_3D('',#3637,#2989,#2990);
#2413=AXIS2_PLACEMENT_3D('',#3639,#2992,#2993);
#2414=AXIS2_PLACEMENT_3D('',#3641,#2995,#2996);
#2415=AXIS2_PLACEMENT_3D('',#3644,#2997,#2998);
#2416=AXIS2_PLACEMENT_3D('',#3647,#3001,#3002);
#2417=AXIS2_PLACEMENT_3D('',#3651,#3005,#3006);
#2418=AXIS2_PLACEMENT_3D('',#3653,#3007,#3008);
#2419=AXIS2_PLACEMENT_3D('',#3655,#3010,#3011);
#2420=AXIS2_PLACEMENT_3D('',#3657,#3013,#3014);
#2421=AXIS2_PLACEMENT_3D('',#3660,#3015,#3016);
#2422=AXIS2_PLACEMENT_3D('',#3663,#3019,#3020);
#2423=AXIS2_PLACEMENT_3D('',#3667,#3023,#3024);
#2424=AXIS2_PLACEMENT_3D('',#3669,#3025,#3026);
#2425=AXIS2_PLACEMENT_3D('',#3671,#3028,#3029);
#2426=AXIS2_PLACEMENT_3D('',#3673,#3031,#3032);
#2427=AXIS2_PLACEMENT_3D('',#3676,#3033,#3034);
#2428=AXIS2_PLACEMENT_3D('',#3679,#3037,#3038);
#2429=AXIS2_PLACEMENT_3D('',#3683,#3041,#3042);
#2430=AXIS2_PLACEMENT_3D('',#3685,#3043,#3044);
#2431=AXIS2_PLACEMENT_3D('',#3687,#3046,#3047);
#2432=AXIS2_PLACEMENT_3D('',#3689,#3049,#3050);
#2433=AXIS2_PLACEMENT_3D('',#3692,#3051,#3052);
#2434=AXIS2_PLACEMENT_3D('',#3695,#3055,#3056);
#2435=AXIS2_PLACEMENT_3D('',#3699,#3059,#3060);
#2436=AXIS2_PLACEMENT_3D('',#3701,#3061,#3062);
#2437=AXIS2_PLACEMENT_3D('',#3703,#3064,#3065);
#2438=AXIS2_PLACEMENT_3D('',#3705,#3067,#3068);
#2439=AXIS2_PLACEMENT_3D('',#3708,#3069,#3070);
#2440=AXIS2_PLACEMENT_3D('',#3711,#3073,#3074);
#2441=AXIS2_PLACEMENT_3D('',#3715,#3077,#3078);
#2442=AXIS2_PLACEMENT_3D('',#3717,#3079,#3080);
#2443=AXIS2_PLACEMENT_3D('',#3719,#3082,#3083);
#2444=AXIS2_PLACEMENT_3D('',#3721,#3085,#3086);
#2445=AXIS2_PLACEMENT_3D('',#3727,#3090,#3091);
#2446=AXIS2_PLACEMENT_3D('',#3729,#3092,#3093);
#2447=AXIS2_PLACEMENT_3D('',#3731,#3095,#3096);
#2448=AXIS2_PLACEMENT_3D('',#3735,#3099,#3100);
#2449=AXIS2_PLACEMENT_3D('',#3736,#3101,#3102);
#2450=AXIS2_PLACEMENT_3D('',#3737,#3103,#3104);
#2451=AXIS2_PLACEMENT_3D('',#3738,#3105,#3106);
#2452=AXIS2_PLACEMENT_3D('',#3739,#3107,#3108);
#2453=AXIS2_PLACEMENT_3D('',#3740,#3109,#3110);
#2454=AXIS2_PLACEMENT_3D('',#3741,#3111,#3112);
#2455=AXIS2_PLACEMENT_3D('',#3742,#3113,#3114);
#2456=AXIS2_PLACEMENT_3D('',#3743,#3115,#3116);
#2457=AXIS2_PLACEMENT_3D('',#3744,#3117,#3118);
#2458=AXIS2_PLACEMENT_3D('',#3745,#3119,#3120);
#2459=AXIS2_PLACEMENT_3D('',#3746,#3121,#3122);
#2460=AXIS2_PLACEMENT_3D('',#3747,#3123,#3124);
#2461=AXIS2_PLACEMENT_3D('',#3748,#3125,#3126);
#2462=AXIS2_PLACEMENT_3D('',#3749,#3127,#3128);
#2463=AXIS2_PLACEMENT_3D('',#3750,#3129,#3130);
#2464=AXIS2_PLACEMENT_3D('',#3751,#3131,#3132);
#2465=AXIS2_PLACEMENT_3D('',#3752,#3133,#3134);
#2466=AXIS2_PLACEMENT_3D('',#3753,#3135,#3136);
#2467=AXIS2_PLACEMENT_3D('',#3754,#3137,#3138);
#2468=AXIS2_PLACEMENT_3D('',#3755,#3139,#3140);
#2469=AXIS2_PLACEMENT_3D('',#3757,#3141,#3142);
#2470=AXIS2_PLACEMENT_3D('',#3758,#3143,#3144);
#2471=AXIS2_PLACEMENT_3D('',#3760,#3145,#3146);
#2472=AXIS2_PLACEMENT_3D('',#3761,#3147,#3148);
#2473=AXIS2_PLACEMENT_3D('',#3763,#3149,#3150);
#2474=AXIS2_PLACEMENT_3D('',#3764,#3151,#3152);
#2475=AXIS2_PLACEMENT_3D('',#3766,#3153,#3154);
#2476=AXIS2_PLACEMENT_3D('',#3767,#3155,#3156);
#2477=AXIS2_PLACEMENT_3D('',#3769,#3157,#3158);
#2478=AXIS2_PLACEMENT_3D('',#3770,#3159,#3160);
#2479=AXIS2_PLACEMENT_3D('',#3772,#3161,#3162);
#2480=AXIS2_PLACEMENT_3D('',#3773,#3163,#3164);
#2481=AXIS2_PLACEMENT_3D('',#3775,#3165,#3166);
#2482=AXIS2_PLACEMENT_3D('',#3776,#3167,#3168);
#2483=AXIS2_PLACEMENT_3D('',#3778,#3169,#3170);
#2484=AXIS2_PLACEMENT_3D('',#3779,#3171,#3172);
#2485=AXIS2_PLACEMENT_3D('',#3781,#3173,#3174);
#2486=AXIS2_PLACEMENT_3D('',#3782,#3175,#3176);
#2487=AXIS2_PLACEMENT_3D('',#3784,#3177,#3178);
#2488=AXIS2_PLACEMENT_3D('',#3785,#3179,#3180);
#2489=AXIS2_PLACEMENT_3D('',#3787,#3181,#3182);
#2490=AXIS2_PLACEMENT_3D('',#3788,#3183,#3184);
#2491=AXIS2_PLACEMENT_3D('',#3790,#3185,#3186);
#2492=AXIS2_PLACEMENT_3D('',#3791,#3187,#3188);
#2493=AXIS2_PLACEMENT_3D('',#3792,#3189,#3190);
#2494=AXIS2_PLACEMENT_3D('',#3793,#3191,#3192);
#2495=DIRECTION('axis',(0.,0.,1.));
#2496=DIRECTION('refdir',(1.,0.,0.));
#2497=DIRECTION('center_axis',(0.,-1.,0.));
#2498=DIRECTION('ref_axis',(-1.,0.,0.));
#2499=DIRECTION('center_axis',(0.,1.,0.));
#2500=DIRECTION('ref_axis',(-1.,0.,0.));
#2501=DIRECTION('center_axis',(0.,-1.,0.));
#2502=DIRECTION('ref_axis',(-1.,0.,0.));
#2503=DIRECTION('center_axis',(0.,-1.,0.));
#2504=DIRECTION('ref_axis',(-1.,0.,0.));
#2505=DIRECTION('center_axis',(0.,1.,0.));
#2506=DIRECTION('ref_axis',(-1.,0.,0.));
#2507=DIRECTION('center_axis',(0.,-1.,0.));
#2508=DIRECTION('ref_axis',(-1.,0.,0.));
#2509=DIRECTION('center_axis',(0.,-1.,0.));
#2510=DIRECTION('ref_axis',(-1.,0.,0.));
#2511=DIRECTION('center_axis',(0.,-1.,0.));
#2512=DIRECTION('ref_axis',(-1.,0.,0.));
#2513=DIRECTION('center_axis',(0.,-1.,0.));
#2514=DIRECTION('ref_axis',(-1.,0.,0.));
#2515=DIRECTION('center_axis',(0.,1.,0.));
#2516=DIRECTION('ref_axis',(0.,0.,1.));
#2517=DIRECTION('center_axis',(0.,-1.,0.));
#2518=DIRECTION('ref_axis',(-1.,0.,0.));
#2519=DIRECTION('center_axis',(0.,-1.,0.));
#2520=DIRECTION('ref_axis',(-1.,0.,0.));
#2521=DIRECTION('center_axis',(0.,-1.,0.));
#2522=DIRECTION('ref_axis',(-1.,0.,0.));
#2523=DIRECTION('center_axis',(0.,1.,0.));
#2524=DIRECTION('ref_axis',(0.,0.,1.));
#2525=DIRECTION('center_axis',(0.,-1.,0.));
#2526=DIRECTION('ref_axis',(-0.729152148484244,0.,0.684351623334679));
#2527=DIRECTION('center_axis',(0.,1.,0.));
#2528=DIRECTION('ref_axis',(-0.729152148484244,0.,0.684351623334679));
#2529=DIRECTION('',(0.,-1.,0.));
#2530=DIRECTION('center_axis',(0.,-1.,0.));
#2531=DIRECTION('ref_axis',(-0.729152148484244,0.,0.684351623334679));
#2532=DIRECTION('',(0.,-1.,0.));
#2533=DIRECTION('center_axis',(0.871365114023797,0.,0.490635137410985));
#2534=DIRECTION('ref_axis',(-0.490635137410984,0.,0.871365114023797));
#2535=DIRECTION('',(0.490635137410985,0.,-0.871365114023797));
#2536=DIRECTION('',(-0.490635137410985,0.,0.871365114023797));
#2537=DIRECTION('',(0.,-1.,0.));
#2538=DIRECTION('center_axis',(0.,-1.,0.));
#2539=DIRECTION('ref_axis',(0.800522223329304,0.,0.599303070203972));
#2540=DIRECTION('center_axis',(0.,1.,0.));
#2541=DIRECTION('ref_axis',(0.800522223329304,0.,0.599303070203972));
#2542=DIRECTION('center_axis',(0.,-1.,0.));
#2543=DIRECTION('ref_axis',(0.800522223329304,0.,0.599303070203972));
#2544=DIRECTION('',(0.,-1.,0.));
#2545=DIRECTION('center_axis',(0.989825957539367,0.,-0.142283427641011));
#2546=DIRECTION('ref_axis',(0.142283427641012,0.,0.989825957539367));
#2547=DIRECTION('',(-0.142283427641011,0.,-0.989825957539367));
#2548=DIRECTION('',(0.142283427641011,0.,0.989825957539367));
#2549=DIRECTION('',(0.,-1.,0.));
#2550=DIRECTION('center_axis',(0.,-1.,0.));
#2551=DIRECTION('ref_axis',(0.98982595754247,0.,-0.142283427619423));
#2552=DIRECTION('center_axis',(0.,1.,0.));
#2553=DIRECTION('ref_axis',(0.98982595754247,0.,-0.142283427619423));
#2554=DIRECTION('center_axis',(0.,-1.,0.));
#2555=DIRECTION('ref_axis',(0.98982595754247,0.,-0.142283427619423));
#2556=DIRECTION('',(0.,-1.,0.));
#2557=DIRECTION('center_axis',(0.698923986860934,0.,-0.71519595957361));
#2558=DIRECTION('ref_axis',(0.71519595957361,0.,0.698923986860934));
#2559=DIRECTION('',(-0.71519595957361,0.,-0.698923986860934));
#2560=DIRECTION('',(0.71519595957361,0.,0.698923986860934));
#2561=DIRECTION('',(0.,-1.,0.));
#2562=DIRECTION('center_axis',(0.,-1.,0.));
#2563=DIRECTION('ref_axis',(0.715031888247077,0.,-0.699091838594772));
#2564=DIRECTION('center_axis',(0.,1.,0.));
#2565=DIRECTION('ref_axis',(0.715031888247077,0.,-0.699091838594772));
#2566=DIRECTION('center_axis',(0.,-1.,0.));
#2567=DIRECTION('ref_axis',(0.715031888247077,0.,-0.699091838594772));
#2568=DIRECTION('',(0.,-1.,0.));
#2569=DIRECTION('center_axis',(0.,-1.,0.));
#2570=DIRECTION('ref_axis',(0.17345102513028,0.,-0.984842495976516));
#2571=DIRECTION('center_axis',(0.,1.,0.));
#2572=DIRECTION('ref_axis',(0.17345102513028,0.,-0.984842495976516));
#2573=DIRECTION('center_axis',(0.,-1.,0.));
#2574=DIRECTION('ref_axis',(0.17345102513028,0.,-0.984842495976516));
#2575=DIRECTION('center_axis',(0.,-1.,0.));
#2576=DIRECTION('ref_axis',(-1.,0.,0.));
#2577=DIRECTION('center_axis',(0.,1.,0.));
#2578=DIRECTION('ref_axis',(-1.,0.,0.));
#2579=DIRECTION('center_axis',(0.,-1.,0.));
#2580=DIRECTION('ref_axis',(-1.,0.,0.));
#2581=DIRECTION('center_axis',(0.,-1.,0.));
#2582=DIRECTION('ref_axis',(-1.,0.,0.));
#2583=DIRECTION('center_axis',(0.,1.,0.));
#2584=DIRECTION('ref_axis',(-1.,0.,0.));
#2585=DIRECTION('center_axis',(0.,-1.,0.));
#2586=DIRECTION('ref_axis',(-1.,0.,0.));
#2587=DIRECTION('center_axis',(0.,-1.,0.));
#2588=DIRECTION('ref_axis',(-1.,0.,0.));
#2589=DIRECTION('center_axis',(0.,1.,0.));
#2590=DIRECTION('ref_axis',(-1.,0.,0.));
#2591=DIRECTION('center_axis',(0.,-1.,0.));
#2592=DIRECTION('ref_axis',(-1.,0.,0.));
#2593=DIRECTION('center_axis',(0.,-1.,0.));
#2594=DIRECTION('ref_axis',(-1.,0.,0.));
#2595=DIRECTION('center_axis',(0.,1.,0.));
#2596=DIRECTION('ref_axis',(-1.,0.,0.));
#2597=DIRECTION('center_axis',(0.,-1.,0.));
#2598=DIRECTION('ref_axis',(-1.,0.,0.));
#2599=DIRECTION('center_axis',(0.,-1.,0.));
#2600=DIRECTION('ref_axis',(-1.,0.,0.));
#2601=DIRECTION('center_axis',(0.,1.,0.));
#2602=DIRECTION('ref_axis',(-1.,0.,0.));
#2603=DIRECTION('center_axis',(0.,-1.,0.));
#2604=DIRECTION('ref_axis',(-1.,0.,0.));
#2605=DIRECTION('center_axis',(0.,-1.,0.));
#2606=DIRECTION('ref_axis',(-1.,0.,0.));
#2607=DIRECTION('center_axis',(0.,1.,0.));
#2608=DIRECTION('ref_axis',(-1.,0.,0.));
#2609=DIRECTION('center_axis',(0.,-1.,0.));
#2610=DIRECTION('ref_axis',(-1.,0.,0.));
#2611=DIRECTION('center_axis',(0.,-1.,0.));
#2612=DIRECTION('ref_axis',(-1.,0.,0.));
#2613=DIRECTION('center_axis',(0.,1.,0.));
#2614=DIRECTION('ref_axis',(-1.,0.,0.));
#2615=DIRECTION('center_axis',(0.,-1.,0.));
#2616=DIRECTION('ref_axis',(-1.,0.,0.));
#2617=DIRECTION('center_axis',(0.,-1.,0.));
#2618=DIRECTION('ref_axis',(-1.,0.,0.));
#2619=DIRECTION('center_axis',(0.,1.,0.));
#2620=DIRECTION('ref_axis',(-1.,0.,0.));
#2621=DIRECTION('center_axis',(0.,-1.,0.));
#2622=DIRECTION('ref_axis',(-1.,0.,0.));
#2623=DIRECTION('center_axis',(0.,1.,0.));
#2624=DIRECTION('ref_axis',(1.,0.,0.));
#2625=DIRECTION('center_axis',(0.,-1.,0.));
#2626=DIRECTION('ref_axis',(1.,0.,0.));
#2627=DIRECTION('center_axis',(0.,1.,0.));
#2628=DIRECTION('ref_axis',(1.,0.,0.));
#2629=DIRECTION('center_axis',(0.,1.,0.));
#2630=DIRECTION('ref_axis',(0.,0.,1.));
#2631=DIRECTION('center_axis',(0.,-1.,0.));
#2632=DIRECTION('ref_axis',(1.,0.,0.));
#2633=DIRECTION('center_axis',(0.,1.,0.));
#2634=DIRECTION('ref_axis',(1.,0.,0.));
#2635=DIRECTION('center_axis',(0.,1.,0.));
#2636=DIRECTION('ref_axis',(1.,0.,0.));
#2637=DIRECTION('center_axis',(0.,1.,0.));
#2638=DIRECTION('ref_axis',(1.,0.,0.));
#2639=DIRECTION('center_axis',(0.,-1.,0.));
#2640=DIRECTION('ref_axis',(1.,0.,0.));
#2641=DIRECTION('center_axis',(0.,-1.,0.));
#2642=DIRECTION('ref_axis',(1.,0.,0.));
#2643=DIRECTION('center_axis',(0.,-1.,0.));
#2644=DIRECTION('ref_axis',(1.,0.,0.));
#2645=DIRECTION('center_axis',(0.,-1.,0.));
#2646=DIRECTION('ref_axis',(1.,0.,0.));
#2647=DIRECTION('center_axis',(0.,-1.,0.));
#2648=DIRECTION('ref_axis',(1.,0.,0.));
#2649=DIRECTION('center_axis',(0.,-1.,0.));
#2650=DIRECTION('ref_axis',(1.,0.,0.));
#2651=DIRECTION('center_axis',(0.,-1.,0.));
#2652=DIRECTION('ref_axis',(1.,0.,0.));
#2653=DIRECTION('center_axis',(0.,-1.,0.));
#2654=DIRECTION('ref_axis',(1.,0.,0.));
#2655=DIRECTION('center_axis',(0.,-1.,0.));
#2656=DIRECTION('ref_axis',(1.,0.,0.));
#2657=DIRECTION('center_axis',(0.,-1.,0.));
#2658=DIRECTION('ref_axis',(1.,0.,0.));
#2659=DIRECTION('center_axis',(0.,-1.,0.));
#2660=DIRECTION('ref_axis',(1.,0.,0.));
#2661=DIRECTION('center_axis',(0.,-1.,0.));
#2662=DIRECTION('ref_axis',(1.,0.,0.));
#2663=DIRECTION('center_axis',(0.,-1.,0.));
#2664=DIRECTION('ref_axis',(1.,0.,0.));
#2665=DIRECTION('center_axis',(0.,-1.,0.));
#2666=DIRECTION('ref_axis',(1.,0.,0.));
#2667=DIRECTION('center_axis',(0.,-1.,0.));
#2668=DIRECTION('ref_axis',(1.,0.,0.));
#2669=DIRECTION('center_axis',(0.,-1.,0.));
#2670=DIRECTION('ref_axis',(1.,0.,0.));
#2671=DIRECTION('center_axis',(0.,-1.,0.));
#2672=DIRECTION('ref_axis',(1.,0.,0.));
#2673=DIRECTION('center_axis',(0.,-1.,0.));
#2674=DIRECTION('ref_axis',(1.,0.,0.));
#2675=DIRECTION('center_axis',(0.,-1.,0.));
#2676=DIRECTION('ref_axis',(1.,0.,0.));
#2677=DIRECTION('center_axis',(0.,-1.,0.));
#2678=DIRECTION('ref_axis',(1.,0.,0.));
#2679=DIRECTION('',(0.,0.,1.));
#2680=DIRECTION('center_axis',(0.,-1.,0.));
#2681=DIRECTION('ref_axis',(0.922330097087378,0.,-0.386402888196747));
#2682=DIRECTION('',(0.,0.,-1.));
#2683=DIRECTION('center_axis',(0.,-1.,0.));
#2684=DIRECTION('ref_axis',(-0.922330097087378,0.,0.386402888196747));
#2685=DIRECTION('center_axis',(0.,-1.,0.));
#2686=DIRECTION('ref_axis',(-0.567008279269387,0.,0.823712092444908));
#2687=DIRECTION('',(-0.540640817455599,0.,-0.84125353283118));
#2688=DIRECTION('center_axis',(0.,-1.,0.));
#2689=DIRECTION('ref_axis',(0.567008279269392,0.,-0.823712092444904));
#2690=DIRECTION('',(0.540640817455599,0.,0.84125353283118));
#2691=DIRECTION('center_axis',(0.,-1.,0.));
#2692=DIRECTION('ref_axis',(-0.0316653390724259,0.,0.999498527413337));
#2693=DIRECTION('',(-0.909631995354517,0.,-0.415415013001889));
#2694=DIRECTION('center_axis',(0.,-1.,0.));
#2695=DIRECTION('ref_axis',(0.0316653390724294,0.,-0.999498527413337));
#2696=DIRECTION('',(0.909631995354519,0.,0.415415013001886));
#2697=DIRECTION('center_axis',(0.,-1.,0.));
#2698=DIRECTION('ref_axis',(0.896021582602416,0.,0.444010499324803));
#2699=DIRECTION('',(-0.755749574354259,0.,0.654860733945284));
#2700=DIRECTION('center_axis',(0.,-1.,0.));
#2701=DIRECTION('ref_axis',(-0.896021582602411,0.,-0.444010499324814));
#2702=DIRECTION('',(0.755749574354259,0.,-0.654860733945284));
#2703=DIRECTION('center_axis',(0.,-1.,0.));
#2704=DIRECTION('ref_axis',(0.993831521171098,0.,-0.110900439704905));
#2705=DIRECTION('',(-0.281732556841427,0.,0.959492973614498));
#2706=DIRECTION('center_axis',(0.,-1.,0.));
#2707=DIRECTION('ref_axis',(-0.9938315211711,0.,0.110900439704889));
#2708=DIRECTION('',(0.281732556841431,0.,-0.959492973614497));
#2709=DIRECTION('center_axis',(0.,-1.,0.));
#2710=DIRECTION('ref_axis',(0.776106973845934,0.,-0.630601272713357));
#2711=DIRECTION('',(0.281732556841431,0.,0.959492973614497));
#2712=DIRECTION('center_axis',(0.,-1.,0.));
#2713=DIRECTION('ref_axis',(-0.776106973845933,0.,0.630601272713359));
#2714=DIRECTION('',(-0.281732556841432,0.,-0.959492973614497));
#2715=DIRECTION('center_axis',(0.,-1.,0.));
#2716=DIRECTION('ref_axis',(0.311973946034523,0.,-0.950090657251006));
#2717=DIRECTION('',(0.755749574354259,0.,0.654860733945284));
#2718=DIRECTION('center_axis',(0.,-1.,0.));
#2719=DIRECTION('ref_axis',(-0.311973946034511,0.,0.95009065725101));
#2720=DIRECTION('',(-0.755749574354257,0.,-0.654860733945287));
#2721=DIRECTION('center_axis',(0.,-1.,0.));
#2722=DIRECTION('ref_axis',(-0.251208605340281,0.,-0.967932971131261));
#2723=DIRECTION('',(0.989821441880933,0.,0.142314838273284));
#2724=DIRECTION('center_axis',(0.,-1.,0.));
#2725=DIRECTION('ref_axis',(0.251208605340294,0.,0.967932971131258));
#2726=DIRECTION('',(-0.989821441880933,0.,-0.142314838273284));
#2727=DIRECTION('center_axis',(0.,-1.,0.));
#2728=DIRECTION('ref_axis',(-0.734634199474738,0.,-0.678463405764902));
#2729=DIRECTION('',(0.909631995354521,0.,-0.41541501300188));
#2730=DIRECTION('center_axis',(0.,-1.,0.));
#2731=DIRECTION('ref_axis',(0.734634199474742,0.,0.678463405764899));
#2732=DIRECTION('',(-0.909631995354516,0.,0.415415013001891));
#2733=DIRECTION('center_axis',(0.,-1.,0.));
#2734=DIRECTION('ref_axis',(-0.984818625953177,0.,-0.173586502861532));
#2735=DIRECTION('',(0.540640817455602,0.,-0.841253532831178));
#2736=DIRECTION('center_axis',(0.,-1.,0.));
#2737=DIRECTION('ref_axis',(0.984818625953176,0.,0.173586502861538));
#2738=DIRECTION('',(-0.540640817455602,0.,0.841253532831178));
#2739=DIRECTION('center_axis',(0.,1.,0.));
#2740=DIRECTION('ref_axis',(1.,0.,0.));
#2741=DIRECTION('center_axis',(0.,1.,0.));
#2742=DIRECTION('ref_axis',(1.,0.,0.));
#2743=DIRECTION('center_axis',(0.,1.,0.));
#2744=DIRECTION('ref_axis',(1.,0.,0.));
#2745=DIRECTION('center_axis',(0.,1.,0.));
#2746=DIRECTION('ref_axis',(1.,0.,0.));
#2747=DIRECTION('center_axis',(0.,1.,0.));
#2748=DIRECTION('ref_axis',(1.,0.,0.));
#2749=DIRECTION('center_axis',(0.,-1.,0.));
#2750=DIRECTION('ref_axis',(1.,0.,0.));
#2751=DIRECTION('center_axis',(0.,1.,0.));
#2752=DIRECTION('ref_axis',(1.,0.,0.));
#2753=DIRECTION('center_axis',(0.,1.,0.));
#2754=DIRECTION('ref_axis',(1.,0.,0.));
#2755=DIRECTION('center_axis',(0.,1.,0.));
#2756=DIRECTION('ref_axis',(1.,0.,0.));
#2757=DIRECTION('center_axis',(0.,-1.,0.));
#2758=DIRECTION('ref_axis',(1.,0.,0.));
#2759=DIRECTION('center_axis',(0.,1.,0.));
#2760=DIRECTION('ref_axis',(1.,0.,0.));
#2761=DIRECTION('center_axis',(0.,1.,0.));
#2762=DIRECTION('ref_axis',(1.,0.,0.));
#2763=DIRECTION('center_axis',(0.,1.,0.));
#2764=DIRECTION('ref_axis',(1.,0.,0.));
#2765=DIRECTION('center_axis',(0.,-1.,0.));
#2766=DIRECTION('ref_axis',(1.,0.,0.));
#2767=DIRECTION('center_axis',(0.,1.,0.));
#2768=DIRECTION('ref_axis',(1.,0.,0.));
#2769=DIRECTION('center_axis',(0.,1.,0.));
#2770=DIRECTION('ref_axis',(1.,0.,0.));
#2771=DIRECTION('center_axis',(0.,1.,0.));
#2772=DIRECTION('ref_axis',(1.,0.,0.));
#2773=DIRECTION('center_axis',(0.,-1.,0.));
#2774=DIRECTION('ref_axis',(1.,0.,0.));
#2775=DIRECTION('center_axis',(0.,1.,0.));
#2776=DIRECTION('ref_axis',(1.,0.,0.));
#2777=DIRECTION('center_axis',(0.,1.,0.));
#2778=DIRECTION('ref_axis',(1.,0.,0.));
#2779=DIRECTION('center_axis',(0.,1.,0.));
#2780=DIRECTION('ref_axis',(1.,0.,0.));
#2781=DIRECTION('center_axis',(0.,-1.,0.));
#2782=DIRECTION('ref_axis',(1.,0.,0.));
#2783=DIRECTION('center_axis',(0.,1.,0.));
#2784=DIRECTION('ref_axis',(1.,0.,0.));
#2785=DIRECTION('center_axis',(0.,1.,0.));
#2786=DIRECTION('ref_axis',(1.,0.,0.));
#2787=DIRECTION('center_axis',(0.,1.,0.));
#2788=DIRECTION('ref_axis',(0.,0.,1.));
#2789=DIRECTION('center_axis',(0.,-1.,0.));
#2790=DIRECTION('ref_axis',(1.,0.,0.));
#2791=DIRECTION('center_axis',(0.,1.,0.));
#2792=DIRECTION('ref_axis',(0.,0.,1.));
#2793=DIRECTION('center_axis',(0.,-1.,0.));
#2794=DIRECTION('ref_axis',(1.,0.,0.));
#2795=DIRECTION('center_axis',(0.,1.,0.));
#2796=DIRECTION('ref_axis',(0.,0.,1.));
#2797=DIRECTION('center_axis',(0.,-1.,0.));
#2798=DIRECTION('ref_axis',(1.,0.,0.));
#2799=DIRECTION('center_axis',(0.,1.,0.));
#2800=DIRECTION('ref_axis',(0.,0.,1.));
#2801=DIRECTION('center_axis',(0.,-1.,0.));
#2802=DIRECTION('ref_axis',(1.,0.,0.));
#2803=DIRECTION('center_axis',(0.,1.,0.));
#2804=DIRECTION('ref_axis',(0.,0.,1.));
#2805=DIRECTION('center_axis',(0.,-1.,0.));
#2806=DIRECTION('ref_axis',(1.,0.,0.));
#2807=DIRECTION('center_axis',(0.,1.,0.));
#2808=DIRECTION('ref_axis',(0.,0.,1.));
#2809=DIRECTION('center_axis',(0.,-1.,0.));
#2810=DIRECTION('ref_axis',(1.,0.,0.));
#2811=DIRECTION('center_axis',(0.,1.,0.));
#2812=DIRECTION('ref_axis',(0.,0.,1.));
#2813=DIRECTION('center_axis',(0.,-1.,0.));
#2814=DIRECTION('ref_axis',(1.,0.,0.));
#2815=DIRECTION('center_axis',(0.,1.,0.));
#2816=DIRECTION('ref_axis',(0.,0.,1.));
#2817=DIRECTION('center_axis',(0.,-1.,0.));
#2818=DIRECTION('ref_axis',(1.,0.,0.));
#2819=DIRECTION('center_axis',(0.,1.,0.));
#2820=DIRECTION('ref_axis',(0.,0.,1.));
#2821=DIRECTION('center_axis',(0.,-1.,0.));
#2822=DIRECTION('ref_axis',(1.,0.,0.));
#2823=DIRECTION('center_axis',(0.,1.,0.));
#2824=DIRECTION('ref_axis',(0.,0.,1.));
#2825=DIRECTION('center_axis',(0.,-1.,0.));
#2826=DIRECTION('ref_axis',(1.,0.,0.));
#2827=DIRECTION('center_axis',(0.,1.,0.));
#2828=DIRECTION('ref_axis',(0.,0.,1.));
#2829=DIRECTION('center_axis',(0.,-1.,0.));
#2830=DIRECTION('ref_axis',(1.,0.,0.));
#2831=DIRECTION('center_axis',(0.,1.,0.));
#2832=DIRECTION('ref_axis',(0.,0.,1.));
#2833=DIRECTION('center_axis',(0.,-1.,0.));
#2834=DIRECTION('ref_axis',(1.,0.,0.));
#2835=DIRECTION('center_axis',(0.,1.,0.));
#2836=DIRECTION('ref_axis',(0.,0.,1.));
#2837=DIRECTION('center_axis',(0.,-1.,0.));
#2838=DIRECTION('ref_axis',(1.,0.,0.));
#2839=DIRECTION('center_axis',(0.,1.,0.));
#2840=DIRECTION('ref_axis',(0.,0.,1.));
#2841=DIRECTION('center_axis',(0.,-1.,0.));
#2842=DIRECTION('ref_axis',(1.,0.,0.));
#2843=DIRECTION('center_axis',(0.,1.,0.));
#2844=DIRECTION('ref_axis',(0.,0.,1.));
#2845=DIRECTION('center_axis',(0.,-1.,0.));
#2846=DIRECTION('ref_axis',(1.,0.,0.));
#2847=DIRECTION('center_axis',(0.,1.,0.));
#2848=DIRECTION('ref_axis',(0.,0.,1.));
#2849=DIRECTION('center_axis',(0.,-1.,0.));
#2850=DIRECTION('ref_axis',(1.,0.,0.));
#2851=DIRECTION('center_axis',(0.,1.,0.));
#2852=DIRECTION('ref_axis',(0.,0.,1.));
#2853=DIRECTION('center_axis',(0.,-1.,0.));
#2854=DIRECTION('ref_axis',(1.,0.,0.));
#2855=DIRECTION('center_axis',(0.,1.,0.));
#2856=DIRECTION('ref_axis',(0.,0.,1.));
#2857=DIRECTION('center_axis',(0.,-1.,0.));
#2858=DIRECTION('ref_axis',(1.,0.,0.));
#2859=DIRECTION('center_axis',(0.,1.,0.));
#2860=DIRECTION('ref_axis',(0.,0.,1.));
#2861=DIRECTION('center_axis',(0.,-1.,0.));
#2862=DIRECTION('ref_axis',(1.,0.,0.));
#2863=DIRECTION('center_axis',(0.,1.,0.));
#2864=DIRECTION('ref_axis',(0.,0.,1.));
#2865=DIRECTION('center_axis',(0.,-1.,0.));
#2866=DIRECTION('ref_axis',(1.,0.,0.));
#2867=DIRECTION('center_axis',(0.,1.,0.));
#2868=DIRECTION('ref_axis',(0.,0.,1.));
#2869=DIRECTION('center_axis',(0.,1.,0.));
#2870=DIRECTION('ref_axis',(1.,0.,0.));
#2871=DIRECTION('center_axis',(0.,1.,0.));
#2872=DIRECTION('ref_axis',(0.,0.,1.));
#2873=DIRECTION('center_axis',(0.,1.,0.));
#2874=DIRECTION('ref_axis',(1.,0.,0.));
#2875=DIRECTION('center_axis',(0.,1.,0.));
#2876=DIRECTION('ref_axis',(0.,0.,1.));
#2877=DIRECTION('center_axis',(0.,1.,0.));
#2878=DIRECTION('ref_axis',(1.,0.,0.));
#2879=DIRECTION('center_axis',(0.,1.,0.));
#2880=DIRECTION('ref_axis',(0.,0.,1.));
#2881=DIRECTION('center_axis',(0.,1.,0.));
#2882=DIRECTION('ref_axis',(1.,0.,0.));
#2883=DIRECTION('center_axis',(0.,1.,0.));
#2884=DIRECTION('ref_axis',(0.,0.,1.));
#2885=DIRECTION('center_axis',(0.,1.,0.));
#2886=DIRECTION('ref_axis',(1.,0.,0.));
#2887=DIRECTION('center_axis',(0.,1.,0.));
#2888=DIRECTION('ref_axis',(0.,0.,1.));
#2889=DIRECTION('center_axis',(0.,1.,0.));
#2890=DIRECTION('ref_axis',(1.,0.,0.));
#2891=DIRECTION('center_axis',(0.,1.,0.));
#2892=DIRECTION('ref_axis',(0.,0.,1.));
#2893=DIRECTION('center_axis',(0.,1.,0.));
#2894=DIRECTION('ref_axis',(1.,0.,0.));
#2895=DIRECTION('center_axis',(0.,1.,0.));
#2896=DIRECTION('ref_axis',(0.,0.,1.));
#2897=DIRECTION('center_axis',(0.,1.,0.));
#2898=DIRECTION('ref_axis',(1.,0.,0.));
#2899=DIRECTION('center_axis',(0.,1.,0.));
#2900=DIRECTION('ref_axis',(0.,0.,1.));
#2901=DIRECTION('center_axis',(0.,1.,0.));
#2902=DIRECTION('ref_axis',(1.,0.,0.));
#2903=DIRECTION('center_axis',(0.,1.,0.));
#2904=DIRECTION('ref_axis',(0.,0.,1.));
#2905=DIRECTION('center_axis',(0.,1.,0.));
#2906=DIRECTION('ref_axis',(1.,0.,0.));
#2907=DIRECTION('center_axis',(0.,1.,0.));
#2908=DIRECTION('ref_axis',(0.,0.,1.));
#2909=DIRECTION('center_axis',(0.,1.,0.));
#2910=DIRECTION('ref_axis',(1.,0.,0.));
#2911=DIRECTION('center_axis',(0.,1.,0.));
#2912=DIRECTION('ref_axis',(0.,0.,1.));
#2913=DIRECTION('center_axis',(0.,1.,0.));
#2914=DIRECTION('ref_axis',(1.,0.,0.));
#2915=DIRECTION('center_axis',(0.,-1.,0.));
#2916=DIRECTION('ref_axis',(1.,0.,0.));
#2917=DIRECTION('center_axis',(0.,1.,0.));
#2918=DIRECTION('ref_axis',(1.,0.,0.));
#2919=DIRECTION('center_axis',(0.,1.,0.));
#2920=DIRECTION('ref_axis',(1.,0.,0.));
#2921=DIRECTION('center_axis',(0.,-1.,0.));
#2922=DIRECTION('ref_axis',(1.,0.,0.));
#2923=DIRECTION('center_axis',(0.,1.,0.));
#2924=DIRECTION('ref_axis',(-0.984818625953177,0.,-0.173586502861532));
#2925=DIRECTION('center_axis',(0.,1.,0.));
#2926=DIRECTION('ref_axis',(-0.984818625953177,0.,-0.173586502861532));
#2927=DIRECTION('',(0.,1.,0.));
#2928=DIRECTION('',(0.,1.,0.));
#2929=DIRECTION('center_axis',(-0.841253532831178,0.,-0.540640817455603));
#2930=DIRECTION('ref_axis',(-0.540640817455602,0.,0.841253532831178));
#2931=DIRECTION('',(-0.540640817455602,0.,0.841253532831178));
#2932=DIRECTION('',(0.,1.,0.));
#2933=DIRECTION('center_axis',(0.,1.,0.));
#2934=DIRECTION('ref_axis',(0.984818625953176,0.,0.173586502861538));
#2935=DIRECTION('center_axis',(0.,1.,0.));
#2936=DIRECTION('ref_axis',(0.984818625953176,0.,0.173586502861538));
#2937=DIRECTION('',(0.,1.,0.));
#2938=DIRECTION('center_axis',(0.841253532831178,0.,0.540640817455603));
#2939=DIRECTION('ref_axis',(0.540640817455602,0.,-0.841253532831178));
#2940=DIRECTION('',(0.540640817455602,0.,-0.841253532831178));
#2941=DIRECTION('center_axis',(0.,1.,0.));
#2942=DIRECTION('ref_axis',(-0.734634199474738,0.,-0.678463405764902));
#2943=DIRECTION('center_axis',(0.,1.,0.));
#2944=DIRECTION('ref_axis',(-0.734634199474738,0.,-0.678463405764902));
#2945=DIRECTION('',(0.,1.,0.));
#2946=DIRECTION('',(0.,1.,0.));
#2947=DIRECTION('center_axis',(-0.41541501300188,0.,-0.909631995354521));
#2948=DIRECTION('ref_axis',(-0.909631995354522,0.,0.415415013001879));
#2949=DIRECTION('',(-0.909631995354521,0.,0.41541501300188));
#2950=DIRECTION('',(0.,1.,0.));
#2951=DIRECTION('center_axis',(0.,1.,0.));
#2952=DIRECTION('ref_axis',(0.734634199474742,0.,0.678463405764899));
#2953=DIRECTION('center_axis',(0.,1.,0.));
#2954=DIRECTION('ref_axis',(0.734634199474742,0.,0.678463405764899));
#2955=DIRECTION('',(0.,1.,0.));
#2956=DIRECTION('center_axis',(0.415415013001891,0.,0.909631995354516));
#2957=DIRECTION('ref_axis',(0.909631995354517,0.,-0.415415013001891));
#2958=DIRECTION('',(0.909631995354516,0.,-0.415415013001891));
#2959=DIRECTION('center_axis',(0.,1.,0.));
#2960=DIRECTION('ref_axis',(-0.251208605340281,0.,-0.967932971131261));
#2961=DIRECTION('center_axis',(0.,1.,0.));
#2962=DIRECTION('ref_axis',(-0.251208605340281,0.,-0.967932971131261));
#2963=DIRECTION('',(0.,1.,0.));
#2964=DIRECTION('',(0.,1.,0.));
#2965=DIRECTION('center_axis',(0.142314838273284,0.,-0.989821441880933));
#2966=DIRECTION('ref_axis',(-0.989821441880933,0.,-0.142314838273284));
#2967=DIRECTION('',(-0.989821441880933,0.,-0.142314838273284));
#2968=DIRECTION('',(0.,1.,0.));
#2969=DIRECTION('center_axis',(0.,1.,0.));
#2970=DIRECTION('ref_axis',(0.251208605340294,0.,0.967932971131258));
#2971=DIRECTION('center_axis',(0.,1.,0.));
#2972=DIRECTION('ref_axis',(0.251208605340294,0.,0.967932971131258));
#2973=DIRECTION('',(0.,1.,0.));
#2974=DIRECTION('center_axis',(-0.142314838273284,0.,0.989821441880933));
#2975=DIRECTION('ref_axis',(0.989821441880933,0.,0.142314838273285));
#2976=DIRECTION('',(0.989821441880933,0.,0.142314838273284));
#2977=DIRECTION('center_axis',(0.,1.,0.));
#2978=DIRECTION('ref_axis',(0.311973946034523,0.,-0.950090657251006));
#2979=DIRECTION('center_axis',(0.,1.,0.));
#2980=DIRECTION('ref_axis',(0.311973946034523,0.,-0.950090657251006));
#2981=DIRECTION('',(0.,1.,0.));
#2982=DIRECTION('',(0.,1.,0.));
#2983=DIRECTION('center_axis',(0.654860733945284,0.,-0.755749574354259));
#2984=DIRECTION('ref_axis',(-0.755749574354259,0.,-0.654860733945284));
#2985=DIRECTION('',(-0.755749574354259,0.,-0.654860733945284));
#2986=DIRECTION('',(0.,1.,0.));
#2987=DIRECTION('center_axis',(0.,1.,0.));
#2988=DIRECTION('ref_axis',(-0.311973946034511,0.,0.95009065725101));
#2989=DIRECTION('center_axis',(0.,1.,0.));
#2990=DIRECTION('ref_axis',(-0.311973946034511,0.,0.95009065725101));
#2991=DIRECTION('',(0.,1.,0.));
#2992=DIRECTION('center_axis',(-0.654860733945287,0.,0.755749574354257));
#2993=DIRECTION('ref_axis',(0.755749574354257,0.,0.654860733945287));
#2994=DIRECTION('',(0.755749574354257,0.,0.654860733945287));
#2995=DIRECTION('center_axis',(0.,1.,0.));
#2996=DIRECTION('ref_axis',(0.776106973845934,0.,-0.630601272713357));
#2997=DIRECTION('center_axis',(0.,1.,0.));
#2998=DIRECTION('ref_axis',(0.776106973845934,0.,-0.630601272713357));
#2999=DIRECTION('',(0.,1.,0.));
#3000=DIRECTION('',(0.,1.,0.));
#3001=DIRECTION('center_axis',(0.959492973614497,0.,-0.281732556841431));
#3002=DIRECTION('ref_axis',(-0.28173255684143,0.,-0.959492973614497));
#3003=DIRECTION('',(-0.281732556841431,0.,-0.959492973614497));
#3004=DIRECTION('',(0.,1.,0.));
#3005=DIRECTION('center_axis',(0.,1.,0.));
#3006=DIRECTION('ref_axis',(-0.776106973845933,0.,0.630601272713359));
#3007=DIRECTION('center_axis',(0.,1.,0.));
#3008=DIRECTION('ref_axis',(-0.776106973845933,0.,0.630601272713359));
#3009=DIRECTION('',(0.,1.,0.));
#3010=DIRECTION('center_axis',(-0.959492973614497,0.,0.281732556841432));
#3011=DIRECTION('ref_axis',(0.281732556841433,0.,0.959492973614496));
#3012=DIRECTION('',(0.281732556841432,0.,0.959492973614497));
#3013=DIRECTION('center_axis',(0.,1.,0.));
#3014=DIRECTION('ref_axis',(0.993831521171098,0.,-0.110900439704905));
#3015=DIRECTION('center_axis',(0.,1.,0.));
#3016=DIRECTION('ref_axis',(0.993831521171098,0.,-0.110900439704905));
#3017=DIRECTION('',(0.,1.,0.));
#3018=DIRECTION('',(0.,1.,0.));
#3019=DIRECTION('center_axis',(0.959492973614498,0.,0.281732556841427));
#3020=DIRECTION('ref_axis',(0.281732556841426,0.,-0.959492973614499));
#3021=DIRECTION('',(0.281732556841427,0.,-0.959492973614498));
#3022=DIRECTION('',(0.,1.,0.));
#3023=DIRECTION('center_axis',(0.,1.,0.));
#3024=DIRECTION('ref_axis',(-0.9938315211711,0.,0.110900439704889));
#3025=DIRECTION('center_axis',(0.,1.,0.));
#3026=DIRECTION('ref_axis',(-0.9938315211711,0.,0.110900439704889));
#3027=DIRECTION('',(0.,1.,0.));
#3028=DIRECTION('center_axis',(-0.959492973614497,0.,-0.281732556841431));
#3029=DIRECTION('ref_axis',(-0.28173255684143,0.,0.959492973614497));
#3030=DIRECTION('',(-0.281732556841431,0.,0.959492973614497));
#3031=DIRECTION('center_axis',(0.,1.,0.));
#3032=DIRECTION('ref_axis',(0.896021582602416,0.,0.444010499324803));
#3033=DIRECTION('center_axis',(0.,1.,0.));
#3034=DIRECTION('ref_axis',(0.896021582602416,0.,0.444010499324803));
#3035=DIRECTION('',(0.,1.,0.));
#3036=DIRECTION('',(0.,1.,0.));
#3037=DIRECTION('center_axis',(0.654860733945284,0.,0.755749574354259));
#3038=DIRECTION('ref_axis',(0.755749574354259,0.,-0.654860733945284));
#3039=DIRECTION('',(0.755749574354259,0.,-0.654860733945284));
#3040=DIRECTION('',(0.,1.,0.));
#3041=DIRECTION('center_axis',(0.,1.,0.));
#3042=DIRECTION('ref_axis',(-0.896021582602411,0.,-0.444010499324814));
#3043=DIRECTION('center_axis',(0.,1.,0.));
#3044=DIRECTION('ref_axis',(-0.896021582602411,0.,-0.444010499324814));
#3045=DIRECTION('',(0.,1.,0.));
#3046=DIRECTION('center_axis',(-0.654860733945284,0.,-0.755749574354259));
#3047=DIRECTION('ref_axis',(-0.755749574354259,0.,0.654860733945284));
#3048=DIRECTION('',(-0.755749574354259,0.,0.654860733945284));
#3049=DIRECTION('center_axis',(0.,1.,0.));
#3050=DIRECTION('ref_axis',(-0.0316653390724259,0.,0.999498527413337));
#3051=DIRECTION('center_axis',(0.,1.,0.));
#3052=DIRECTION('ref_axis',(-0.0316653390724259,0.,0.999498527413337));
#3053=DIRECTION('',(0.,1.,0.));
#3054=DIRECTION('',(0.,1.,0.));
#3055=DIRECTION('center_axis',(-0.415415013001889,0.,0.909631995354517));
#3056=DIRECTION('ref_axis',(0.909631995354517,0.,0.41541501300189));
#3057=DIRECTION('',(0.909631995354517,0.,0.415415013001889));
#3058=DIRECTION('',(0.,1.,0.));
#3059=DIRECTION('center_axis',(0.,1.,0.));
#3060=DIRECTION('ref_axis',(0.0316653390724294,0.,-0.999498527413337));
#3061=DIRECTION('center_axis',(0.,1.,0.));
#3062=DIRECTION('ref_axis',(0.0316653390724294,0.,-0.999498527413337));
#3063=DIRECTION('',(0.,1.,0.));
#3064=DIRECTION('center_axis',(0.415415013001886,0.,-0.909631995354519));
#3065=DIRECTION('ref_axis',(-0.909631995354519,0.,-0.415415013001885));
#3066=DIRECTION('',(-0.909631995354519,0.,-0.415415013001886));
#3067=DIRECTION('center_axis',(0.,1.,0.));
#3068=DIRECTION('ref_axis',(-0.567008279269387,0.,0.823712092444908));
#3069=DIRECTION('center_axis',(0.,1.,0.));
#3070=DIRECTION('ref_axis',(-0.567008279269387,0.,0.823712092444908));
#3071=DIRECTION('',(0.,1.,0.));
#3072=DIRECTION('',(0.,1.,0.));
#3073=DIRECTION('center_axis',(-0.84125353283118,0.,0.540640817455599));
#3074=DIRECTION('ref_axis',(0.540640817455599,0.,0.84125353283118));
#3075=DIRECTION('',(0.540640817455599,0.,0.84125353283118));
#3076=DIRECTION('',(0.,1.,0.));
#3077=DIRECTION('center_axis',(0.,1.,0.));
#3078=DIRECTION('ref_axis',(0.567008279269392,0.,-0.823712092444904));
#3079=DIRECTION('center_axis',(0.,1.,0.));
#3080=DIRECTION('ref_axis',(0.567008279269392,0.,-0.823712092444904));
#3081=DIRECTION('',(0.,1.,0.));
#3082=DIRECTION('center_axis',(0.84125353283118,0.,-0.540640817455599));
#3083=DIRECTION('ref_axis',(-0.540640817455599,0.,-0.84125353283118));
#3084=DIRECTION('',(-0.540640817455599,0.,-0.84125353283118));
#3085=DIRECTION('center_axis',(1.,0.,0.));
#3086=DIRECTION('ref_axis',(0.,0.,-1.));
#3087=DIRECTION('',(0.,0.,-1.));
#3088=DIRECTION('',(0.,1.,0.));
#3089=DIRECTION('',(0.,1.,0.));
#3090=DIRECTION('center_axis',(0.,1.,0.));
#3091=DIRECTION('ref_axis',(0.922330097087378,0.,-0.386402888196747));
#3092=DIRECTION('center_axis',(0.,1.,0.));
#3093=DIRECTION('ref_axis',(0.922330097087378,0.,-0.386402888196747));
#3094=DIRECTION('',(0.,1.,0.));
#3095=DIRECTION('center_axis',(-1.,0.,0.));
#3096=DIRECTION('ref_axis',(0.,0.,1.));
#3097=DIRECTION('',(0.,0.,1.));
#3098=DIRECTION('',(0.,1.,0.));
#3099=DIRECTION('center_axis',(0.,1.,0.));
#3100=DIRECTION('ref_axis',(-0.922330097087378,0.,0.386402888196747));
#3101=DIRECTION('center_axis',(0.,1.,0.));
#3102=DIRECTION('ref_axis',(-0.922330097087378,0.,0.386402888196747));
#3103=DIRECTION('center_axis',(0.,1.,0.));
#3104=DIRECTION('ref_axis',(1.,0.,0.));
#3105=DIRECTION('center_axis',(0.,1.,0.));
#3106=DIRECTION('ref_axis',(1.,0.,0.));
#3107=DIRECTION('center_axis',(0.,1.,0.));
#3108=DIRECTION('ref_axis',(1.,0.,0.));
#3109=DIRECTION('center_axis',(0.,1.,0.));
#3110=DIRECTION('ref_axis',(1.,0.,0.));
#3111=DIRECTION('center_axis',(0.,1.,0.));
#3112=DIRECTION('ref_axis',(1.,0.,0.));
#3113=DIRECTION('center_axis',(0.,1.,0.));
#3114=DIRECTION('ref_axis',(1.,0.,0.));
#3115=DIRECTION('center_axis',(0.,1.,0.));
#3116=DIRECTION('ref_axis',(1.,0.,0.));
#3117=DIRECTION('center_axis',(0.,1.,0.));
#3118=DIRECTION('ref_axis',(1.,0.,0.));
#3119=DIRECTION('center_axis',(0.,1.,0.));
#3120=DIRECTION('ref_axis',(1.,0.,0.));
#3121=DIRECTION('center_axis',(0.,1.,0.));
#3122=DIRECTION('ref_axis',(1.,0.,0.));
#3123=DIRECTION('center_axis',(0.,1.,0.));
#3124=DIRECTION('ref_axis',(1.,0.,0.));
#3125=DIRECTION('center_axis',(0.,1.,0.));
#3126=DIRECTION('ref_axis',(1.,0.,0.));
#3127=DIRECTION('center_axis',(0.,1.,0.));
#3128=DIRECTION('ref_axis',(1.,0.,0.));
#3129=DIRECTION('center_axis',(0.,1.,0.));
#3130=DIRECTION('ref_axis',(1.,0.,0.));
#3131=DIRECTION('center_axis',(0.,1.,0.));
#3132=DIRECTION('ref_axis',(1.,0.,0.));
#3133=DIRECTION('center_axis',(0.,1.,0.));
#3134=DIRECTION('ref_axis',(1.,0.,0.));
#3135=DIRECTION('center_axis',(0.,1.,0.));
#3136=DIRECTION('ref_axis',(1.,0.,0.));
#3137=DIRECTION('center_axis',(0.,1.,0.));
#3138=DIRECTION('ref_axis',(1.,0.,0.));
#3139=DIRECTION('center_axis',(0.,1.,0.));
#3140=DIRECTION('ref_axis',(1.,0.,0.));
#3141=DIRECTION('center_axis',(0.,1.,0.));
#3142=DIRECTION('ref_axis',(1.,0.,0.));
#3143=DIRECTION('center_axis',(0.,1.,0.));
#3144=DIRECTION('ref_axis',(1.,0.,0.));
#3145=DIRECTION('center_axis',(0.,1.,0.));
#3146=DIRECTION('ref_axis',(1.,0.,0.));
#3147=DIRECTION('center_axis',(0.,1.,0.));
#3148=DIRECTION('ref_axis',(1.,0.,0.));
#3149=DIRECTION('center_axis',(0.,1.,0.));
#3150=DIRECTION('ref_axis',(1.,0.,0.));
#3151=DIRECTION('center_axis',(0.,1.,0.));
#3152=DIRECTION('ref_axis',(1.,0.,0.));
#3153=DIRECTION('center_axis',(0.,1.,0.));
#3154=DIRECTION('ref_axis',(1.,0.,0.));
#3155=DIRECTION('center_axis',(0.,1.,0.));
#3156=DIRECTION('ref_axis',(1.,0.,0.));
#3157=DIRECTION('center_axis',(0.,1.,0.));
#3158=DIRECTION('ref_axis',(1.,0.,0.));
#3159=DIRECTION('center_axis',(0.,1.,0.));
#3160=DIRECTION('ref_axis',(1.,0.,0.));
#3161=DIRECTION('center_axis',(0.,1.,0.));
#3162=DIRECTION('ref_axis',(1.,0.,0.));
#3163=DIRECTION('center_axis',(0.,1.,0.));
#3164=DIRECTION('ref_axis',(1.,0.,0.));
#3165=DIRECTION('center_axis',(0.,1.,0.));
#3166=DIRECTION('ref_axis',(1.,0.,0.));
#3167=DIRECTION('center_axis',(0.,1.,0.));
#3168=DIRECTION('ref_axis',(1.,0.,0.));
#3169=DIRECTION('center_axis',(0.,1.,0.));
#3170=DIRECTION('ref_axis',(1.,0.,0.));
#3171=DIRECTION('center_axis',(0.,1.,0.));
#3172=DIRECTION('ref_axis',(1.,0.,0.));
#3173=DIRECTION('center_axis',(0.,1.,0.));
#3174=DIRECTION('ref_axis',(1.,0.,0.));
#3175=DIRECTION('center_axis',(0.,1.,0.));
#3176=DIRECTION('ref_axis',(1.,0.,0.));
#3177=DIRECTION('center_axis',(0.,1.,0.));
#3178=DIRECTION('ref_axis',(1.,0.,0.));
#3179=DIRECTION('center_axis',(0.,1.,0.));
#3180=DIRECTION('ref_axis',(1.,0.,0.));
#3181=DIRECTION('center_axis',(0.,1.,0.));
#3182=DIRECTION('ref_axis',(1.,0.,0.));
#3183=DIRECTION('center_axis',(0.,1.,0.));
#3184=DIRECTION('ref_axis',(1.,0.,0.));
#3185=DIRECTION('center_axis',(0.,1.,0.));
#3186=DIRECTION('ref_axis',(1.,0.,0.));
#3187=DIRECTION('center_axis',(0.,1.,0.));
#3188=DIRECTION('ref_axis',(1.,0.,0.));
#3189=DIRECTION('center_axis',(0.,1.,0.));
#3190=DIRECTION('ref_axis',(1.,0.,0.));
#3191=DIRECTION('center_axis',(0.,1.,0.));
#3192=DIRECTION('ref_axis',(0.,0.,1.));
#3193=CARTESIAN_POINT('',(0.,0.,0.));
#3194=CARTESIAN_POINT('Origin',(-184.58784664102,5.,168.242570305348));
#3195=CARTESIAN_POINT('',(-180.58784664102,0.,168.242570305348));
#3196=CARTESIAN_POINT('Origin',(-184.58784664102,0.,168.242570305348));
#3197=CARTESIAN_POINT('',(-180.58784664102,5.,168.242570305348));
#3198=CARTESIAN_POINT('Origin',(-184.58784664102,5.,168.242570305348));
#3199=CARTESIAN_POINT('Origin',(-184.58784664102,5.,126.257431534518));
#3200=CARTESIAN_POINT('',(-180.58784664102,0.,126.257431534518));
#3201=CARTESIAN_POINT('Origin',(-184.58784664102,0.,126.257431534518));
#3202=CARTESIAN_POINT('',(-180.58784664102,5.,126.257431534518));
#3203=CARTESIAN_POINT('Origin',(-184.58784664102,5.,126.257431534518));
#3204=CARTESIAN_POINT('Origin',(-87.7602511425905,5.,148.367762527042));
#3205=CARTESIAN_POINT('',(-86.5602511425905,1.,148.367762527042));
#3206=CARTESIAN_POINT('Origin',(-87.7602511425905,1.,148.367762527042));
#3207=CARTESIAN_POINT('',(-86.5602511425905,5.,148.367762527042));
#3208=CARTESIAN_POINT('Origin',(-87.7602511425905,5.,148.367762527042));
#3209=CARTESIAN_POINT('Origin',(-87.7602511425905,1.,148.367762527042));
#3210=CARTESIAN_POINT('Origin',(-65.8962715553652,5.,124.98416822601));
#3211=CARTESIAN_POINT('',(-64.6962715553652,1.,124.98416822601));
#3212=CARTESIAN_POINT('Origin',(-65.8962715553652,1.,124.98416822601));
#3213=CARTESIAN_POINT('',(-64.6962715553652,5.,124.98416822601));
#3214=CARTESIAN_POINT('Origin',(-65.8962715553652,5.,124.98416822601));
#3215=CARTESIAN_POINT('Origin',(-65.8962715553652,1.,124.98416822601));
#3216=CARTESIAN_POINT('Origin',(-70.0520206780105,5.,145.050905481939));
#3217=CARTESIAN_POINT('',(-71.8390137338079,0.,146.72810221127));
#3218=CARTESIAN_POINT('',(-68.03761219395,0.,146.446789255644));
#3219=CARTESIAN_POINT('Origin',(-70.0520206780105,0.,145.050905481939));
#3220=CARTESIAN_POINT('',(-71.8390137338079,5.,146.72810221127));
#3221=CARTESIAN_POINT('',(-71.8390137338079,5.,146.72810221127));
#3222=CARTESIAN_POINT('',(-68.03761219395,5.,146.446789255644));
#3223=CARTESIAN_POINT('Origin',(-70.0520206780105,5.,145.050905481939));
#3224=CARTESIAN_POINT('',(-68.03761219395,5.,146.446789255644));
#3225=CARTESIAN_POINT('Origin',(-64.5438900310762,5.,140.241959273665));
#3226=CARTESIAN_POINT('',(-64.5438900310762,0.,140.241959273665));
#3227=CARTESIAN_POINT('',(-76.3576465930684,0.,161.223121340471));
#3228=CARTESIAN_POINT('',(-64.5438900310762,5.,140.241959273665));
#3229=CARTESIAN_POINT('',(-76.3576465930684,5.,161.223121340471));
#3230=CARTESIAN_POINT('',(-64.5438900310762,5.,140.241959273665));
#3231=CARTESIAN_POINT('Origin',(-65.0648555889708,5.,139.85194354491));
#3232=CARTESIAN_POINT('',(-64.4206945436601,0.,139.759348032636));
#3233=CARTESIAN_POINT('Origin',(-65.0648555889708,0.,139.85194354491));
#3234=CARTESIAN_POINT('',(-64.4206945436601,5.,139.759348032636));
#3235=CARTESIAN_POINT('Origin',(-65.0648555889708,5.,139.85194354491));
#3236=CARTESIAN_POINT('',(-64.4206945436601,5.,139.759348032636));
#3237=CARTESIAN_POINT('Origin',(-65.7866154490138,5.,130.257018840258));
#3238=CARTESIAN_POINT('',(-65.7866154490138,0.,130.257018840258));
#3239=CARTESIAN_POINT('',(-65.4449677214069,0.,132.633766397765));
#3240=CARTESIAN_POINT('',(-65.7866154490138,5.,130.257018840258));
#3241=CARTESIAN_POINT('',(-65.4449677214069,5.,132.633766397765));
#3242=CARTESIAN_POINT('',(-65.7866154490138,5.,130.257018840258));
#3243=CARTESIAN_POINT('Origin',(-66.4307764943318,5.,130.349614352396));
#3244=CARTESIAN_POINT('',(-66.0407607656781,0.,129.828648794441));
#3245=CARTESIAN_POINT('Origin',(-66.4307764943318,0.,130.349614352396));
#3246=CARTESIAN_POINT('',(-66.0407607656781,5.,129.828648794441));
#3247=CARTESIAN_POINT('Origin',(-66.4307764943318,5.,130.349614352396));
#3248=CARTESIAN_POINT('',(-66.0407607656781,5.,129.828648794441));
#3249=CARTESIAN_POINT('Origin',(-71.0078709499377,5.,124.974549149876));
#3250=CARTESIAN_POINT('',(-71.0078709499377,0.,124.974549149876));
#3251=CARTESIAN_POINT('',(-85.7068662063604,0.,110.609982026771));
#3252=CARTESIAN_POINT('',(-71.0078709499377,5.,124.974549149876));
#3253=CARTESIAN_POINT('',(-85.7068662063604,5.,110.609982026771));
#3254=CARTESIAN_POINT('',(-71.0078709499377,5.,124.974549149876));
#3255=CARTESIAN_POINT('Origin',(-72.6804157402648,5.,126.765896959403));
#3256=CARTESIAN_POINT('',(-74.8674738009843,0.,125.659953882482));
#3257=CARTESIAN_POINT('Origin',(-72.6804157402648,0.,126.765896959403));
#3258=CARTESIAN_POINT('',(-74.8674738009843,5.,125.659953882482));
#3259=CARTESIAN_POINT('Origin',(-72.6804157402648,5.,126.765896959403));
#3260=CARTESIAN_POINT('',(-74.8674738009843,5.,125.659953882482));
#3261=CARTESIAN_POINT('Origin',(-76.8102609437511,5.,136.690960112606));
#3262=CARTESIAN_POINT('Origin',(-76.8102609437511,0.,136.690960112606));
#3263=CARTESIAN_POINT('Origin',(-76.8102609437511,5.,136.690960112606));
#3264=CARTESIAN_POINT('Origin',(-148.58784664102,5.,177.742570305348));
#3265=CARTESIAN_POINT('',(-147.38784664102,0.,177.742570305348));
#3266=CARTESIAN_POINT('Origin',(-148.58784664102,0.,177.742570305348));
#3267=CARTESIAN_POINT('',(-147.38784664102,5.,177.742570305348));
#3268=CARTESIAN_POINT('Origin',(-148.58784664102,5.,177.742570305348));
#3269=CARTESIAN_POINT('Origin',(-124.58784664102,5.,158.742570305348));
#3270=CARTESIAN_POINT('',(-123.38784664102,0.,158.742570305348));
#3271=CARTESIAN_POINT('Origin',(-124.58784664102,0.,158.742570305348));
#3272=CARTESIAN_POINT('',(-123.38784664102,5.,158.742570305348));
#3273=CARTESIAN_POINT('Origin',(-124.58784664102,5.,158.742570305348));
#3274=CARTESIAN_POINT('Origin',(-136.58784664102,5.,168.242570305348));
#3275=CARTESIAN_POINT('',(-124.68784664102,0.,168.242570305348));
#3276=CARTESIAN_POINT('Origin',(-136.58784664102,0.,168.242570305348));
#3277=CARTESIAN_POINT('',(-124.68784664102,5.,168.242570305348));
#3278=CARTESIAN_POINT('Origin',(-136.58784664102,5.,168.242570305348));
#3279=CARTESIAN_POINT('Origin',(-125.08164664102,5.,137.763631534518));
#3280=CARTESIAN_POINT('',(-123.88164664102,0.,137.763631534518));
#3281=CARTESIAN_POINT('Origin',(-125.08164664102,0.,137.763631534518));
#3282=CARTESIAN_POINT('',(-123.88164664102,5.,137.763631534518));
#3283=CARTESIAN_POINT('Origin',(-125.08164664102,5.,137.763631534518));
#3284=CARTESIAN_POINT('Origin',(-125.08164664102,5.,114.751231534518));
#3285=CARTESIAN_POINT('',(-123.88164664102,0.,114.751231534518));
#3286=CARTESIAN_POINT('Origin',(-125.08164664102,0.,114.751231534518));
#3287=CARTESIAN_POINT('',(-123.88164664102,5.,114.751231534518));
#3288=CARTESIAN_POINT('Origin',(-125.08164664102,5.,114.751231534518));
#3289=CARTESIAN_POINT('Origin',(-148.09404664102,5.,137.763631534518));
#3290=CARTESIAN_POINT('',(-146.89404664102,0.,137.763631534518));
#3291=CARTESIAN_POINT('Origin',(-148.09404664102,0.,137.763631534518));
#3292=CARTESIAN_POINT('',(-146.89404664102,5.,137.763631534518));
#3293=CARTESIAN_POINT('Origin',(-148.09404664102,5.,137.763631534518));
#3294=CARTESIAN_POINT('Origin',(-148.09404664102,5.,114.751231534518));
#3295=CARTESIAN_POINT('',(-146.89404664102,0.,114.751231534518));
#3296=CARTESIAN_POINT('Origin',(-148.09404664102,0.,114.751231534518));
#3297=CARTESIAN_POINT('',(-146.89404664102,5.,114.751231534518));
#3298=CARTESIAN_POINT('Origin',(-148.09404664102,5.,114.751231534518));
#3299=CARTESIAN_POINT('Origin',(-136.58784664102,5.,126.257431534518));
#3300=CARTESIAN_POINT('',(-124.68784664102,0.,126.257431534518));
#3301=CARTESIAN_POINT('Origin',(-136.58784664102,0.,126.257431534518));
#3302=CARTESIAN_POINT('',(-124.68784664102,5.,126.257431534518));
#3303=CARTESIAN_POINT('Origin',(-136.58784664102,5.,126.257431534518));
#3304=CARTESIAN_POINT('Origin',(-243.347733866067,4.,201.000000919933));
#3305=CARTESIAN_POINT('',(-245.472733866067,3.,201.000000919933));
#3306=CARTESIAN_POINT('Origin',(-243.347733866067,3.,201.000000919933));
#3307=CARTESIAN_POINT('',(-247.472733866067,5.,201.000000919933));
#3308=CARTESIAN_POINT('Origin',(-243.347733866067,5.,201.000000919933));
#3309=CARTESIAN_POINT('Origin',(-150.25000295924,5.,147.250000919933));
#3310=CARTESIAN_POINT('',(-264.25000295924,5.,147.250000919933));
#3311=CARTESIAN_POINT('Origin',(-150.25000295924,5.,147.250000919933));
#3312=CARTESIAN_POINT('',(-247.472733866067,5.,93.5000009199331));
#3313=CARTESIAN_POINT('Origin',(-243.347733866067,5.,93.5000009199331));
#3314=CARTESIAN_POINT('',(-61.2772720524127,5.,93.500000919933));
#3315=CARTESIAN_POINT('Origin',(-57.1522720524127,5.,93.500000919933));
#3316=CARTESIAN_POINT('',(-154.37500295924,5.,254.750000919933));
#3317=CARTESIAN_POINT('Origin',(-150.25000295924,5.,254.750000919933));
#3318=CARTESIAN_POINT('',(-141.042673159749,5.,233.84070494218));
#3319=CARTESIAN_POINT('Origin',(-139.842673159749,5.,233.84070494218));
#3320=CARTESIAN_POINT('',(-160.731098902661,5.,209.977719659243));
#3321=CARTESIAN_POINT('Origin',(-159.531098902661,5.,209.977719659243));
#3322=CARTESIAN_POINT('',(-125.344592573843,5.,205.037655213553));
#3323=CARTESIAN_POINT('Origin',(-124.144592573843,5.,205.037655213553));
#3324=CARTESIAN_POINT('',(-95.8803309914358,5.,214.46810929866));
#3325=CARTESIAN_POINT('Origin',(-94.6803309914358,5.,214.46810929866));
#3326=CARTESIAN_POINT('',(-98.246369590373,5.,181.750418837693));
#3327=CARTESIAN_POINT('Origin',(-97.046369590373,5.,181.750418837693));
#3328=CARTESIAN_POINT('',(-68.3609670363606,5.,173.754239185354));
#3329=CARTESIAN_POINT('Origin',(-67.1609670363606,5.,173.754239185354));
#3330=CARTESIAN_POINT('',(-97.9657309204673,5.,113.186265296377));
#3331=CARTESIAN_POINT('Origin',(-96.7657309204673,5.,113.186265296377));
#3332=CARTESIAN_POINT('',(-92.8244668822966,5.,82.679813864956));
#3333=CARTESIAN_POINT('Origin',(-91.6244668822966,5.,82.679813864956));
#3334=CARTESIAN_POINT('',(-124.872416028829,5.,89.6779824291298));
#3335=CARTESIAN_POINT('Origin',(-123.672416028829,5.,89.6779824291298));
#3336=CARTESIAN_POINT('',(-137.040342333053,5.,61.2347451959521));
#3337=CARTESIAN_POINT('Origin',(-135.840342333053,5.,61.2347451959521));
#3338=CARTESIAN_POINT('',(-160.217297199341,5.,84.448408648268));
#3339=CARTESIAN_POINT('Origin',(-159.017297199341,5.,84.448408648268));
#3340=CARTESIAN_POINT('',(-185.831183218827,5.,67.0989124645572));
#3341=CARTESIAN_POINT('Origin',(-184.631183218827,5.,67.0989124645572));
#3342=CARTESIAN_POINT('',(-192.778624395361,5.,99.1578966788132));
#3343=CARTESIAN_POINT('Origin',(-191.578624395361,5.,99.1578966788132));
#3344=CARTESIAN_POINT('',(-223.706242297994,5.,98.4104839972152));
#3345=CARTESIAN_POINT('Origin',(-222.506242297994,5.,98.4104839972152));
#3346=CARTESIAN_POINT('',(-212.218406299498,5.,129.136288003343));
#3347=CARTESIAN_POINT('Origin',(-211.018406299498,5.,129.136288003343));
#3348=CARTESIAN_POINT('',(-238.640455925297,5.,145.2282570693));
#3349=CARTESIAN_POINT('Origin',(-237.440455925297,5.,145.2282570693));
#3350=CARTESIAN_POINT('',(-212.364649512123,5.,164.865655193511));
#3351=CARTESIAN_POINT('Origin',(-211.164649512123,5.,164.865655193511));
#3352=CARTESIAN_POINT('',(-225.892316794179,5.,192.687919529));
#3353=CARTESIAN_POINT('Origin',(-224.692316794179,5.,192.687919529));
#3354=CARTESIAN_POINT('',(-193.170922846534,5.,195.002176618083));
#3355=CARTESIAN_POINT('Origin',(-191.970922846534,5.,195.002176618083));
#3356=CARTESIAN_POINT('',(-189.509269004722,5.,225.721363879314));
#3357=CARTESIAN_POINT('Origin',(-188.309269004722,5.,225.721363879314));
#3358=CARTESIAN_POINT('',(-140.75000295924,5.,217.964990681398));
#3359=CARTESIAN_POINT('',(-140.75000295924,5.,225.924890178251));
#3360=CARTESIAN_POINT('',(-140.75000295924,5.,186.587445549092));
#3361=CARTESIAN_POINT('',(-159.75000295924,5.,225.924890178251));
#3362=CARTESIAN_POINT('Origin',(-150.25000295924,5.,221.944940429824));
#3363=CARTESIAN_POINT('',(-159.75000295924,5.,217.964990681398));
#3364=CARTESIAN_POINT('',(-159.75000295924,5.,182.607495800665));
#3365=CARTESIAN_POINT('Origin',(-150.25000295924,5.,221.944940429824));
#3366=CARTESIAN_POINT('',(-99.7232379554981,5.,208.299441687767));
#3367=CARTESIAN_POINT('',(-115.707055079291,5.,218.571617219423));
#3368=CARTESIAN_POINT('Origin',(-109.866869802816,5.,210.08738266724));
#3369=CARTESIAN_POINT('',(-120.010501650134,5.,211.875323646714));
#3370=CARTESIAN_POINT('',(-139.126206585635,5.,182.130706166238));
#3371=CARTESIAN_POINT('',(-104.026684526341,5.,201.603148115058));
#3372=CARTESIAN_POINT('Origin',(-109.866869802816,5.,210.08738266724));
#3373=CARTESIAN_POINT('',(-120.990666176421,5.,175.206677420936));
#3374=CARTESIAN_POINT('',(-74.7383638353826,5.,171.291227108231));
#3375=CARTESIAN_POINT('',(-82.6312490824185,5.,188.574235019967));
#3376=CARTESIAN_POINT('Origin',(-82.3050960899725,5.,178.27940018761));
#3377=CARTESIAN_POINT('',(-89.8718283445623,5.,185.267573266988));
#3378=CARTESIAN_POINT('',(-122.03413696366,5.,170.579539071394));
#3379=CARTESIAN_POINT('',(-81.9789430975264,5.,167.984565355252));
#3380=CARTESIAN_POINT('Origin',(-82.3050960899725,5.,178.27940018761));
#3381=CARTESIAN_POINT('',(-110.520962085552,5.,154.949862036148));
#3382=CARTESIAN_POINT('',(-97.012665862378,5.,88.5492842408015));
#3383=CARTESIAN_POINT('',(-84.5703119174176,5.,102.908526153532));
#3384=CARTESIAN_POINT('Origin',(-93.7993342182225,5.,98.3352180104869));
#3385=CARTESIAN_POINT('',(-90.586002574067,5.,108.121151780172));
#3386=CARTESIAN_POINT('',(-117.307414280413,5.,131.275386828235));
#3387=CARTESIAN_POINT('',(-103.028356519027,5.,93.7619098674413));
#3388=CARTESIAN_POINT('Origin',(-93.7993342182225,5.,98.3352180104869));
#3389=CARTESIAN_POINT('',(-126.741922897049,5.,114.309832102185));
#3390=CARTESIAN_POINT('',(-137.199908498615,5.,69.0855381866847));
#3391=CARTESIAN_POINT('',(-118.96954199994,5.,74.4384567666719));
#3392=CARTESIAN_POINT('Origin',(-129.206006668002,5.,75.5807312956324));
#3393=CARTESIAN_POINT('',(-121.212104837389,5.,82.0759244045799));
#3394=CARTESIAN_POINT('',(-131.173462273646,5.,116.001192307253));
#3395=CARTESIAN_POINT('',(-139.442471336065,5.,76.7230058245927));
#3396=CARTESIAN_POINT('Origin',(-129.206006668002,5.,75.5807312956324));
#3397=CARTESIAN_POINT('',(-148.282547353597,5.,106.829539908312));
#3398=CARTESIAN_POINT('',(-181.53046391854,5.,74.4384567666719));
#3399=CARTESIAN_POINT('',(-163.300097419864,5.,69.0855381866847));
#3400=CARTESIAN_POINT('Origin',(-171.293999250478,5.,75.5807312956323));
#3401=CARTESIAN_POINT('',(-161.057534582415,5.,76.7230058245927));
#3402=CARTESIAN_POINT('',(-151.096177146159,5.,110.648273727266));
#3403=CARTESIAN_POINT('',(-179.287901081091,5.,82.0759244045799));
#3404=CARTESIAN_POINT('Origin',(-171.293999250478,5.,75.5807312956323));
#3405=CARTESIAN_POINT('',(-170.447825063559,5.,112.182458488299));
#3406=CARTESIAN_POINT('',(-215.929694001062,5.,102.908526153532));
#3407=CARTESIAN_POINT('',(-203.487340056102,5.,88.5492842408015));
#3408=CARTESIAN_POINT('Origin',(-206.700671700257,5.,98.3352180104869));
#3409=CARTESIAN_POINT('',(-197.471649399453,5.,93.7619098674413));
#3410=CARTESIAN_POINT('',(-170.750237693106,5.,116.916144915504));
#3411=CARTESIAN_POINT('',(-209.914003344413,5.,108.121151780172));
#3412=CARTESIAN_POINT('Origin',(-206.700671700257,5.,98.3352180104869));
#3413=CARTESIAN_POINT('',(-186.200436966391,5.,128.669074014915));
#3414=CARTESIAN_POINT('',(-229.476086248327,5.,145.456700476836));
#3415=CARTESIAN_POINT('',(-226.772104321135,5.,126.650093081098));
#3416=CARTESIAN_POINT('Origin',(-224.18465568613,5.,136.61980268375));
#3417=CARTESIAN_POINT('',(-218.893225123932,5.,127.782904890664));
#3418=CARTESIAN_POINT('',(-183.895618559788,5.,132.814801056364));
#3419=CARTESIAN_POINT('',(-221.597207051125,5.,146.589512286402));
#3420=CARTESIAN_POINT('Origin',(-224.18465568613,5.,136.61980268375));
#3421=CARTESIAN_POINT('',(-190.539040085582,5.,151.055002547319));
#3422=CARTESIAN_POINT('',(-217.868756836061,5.,188.574235019967));
#3423=CARTESIAN_POINT('',(-225.761642083097,5.,171.291227108231));
#3424=CARTESIAN_POINT('Origin',(-218.194909828508,5.,178.27940018761));
#3425=CARTESIAN_POINT('',(-218.521062820953,5.,167.984565355252));
#3426=CARTESIAN_POINT('',(-186.358754201856,5.,153.296531159659));
#3427=CARTESIAN_POINT('',(-210.628177573918,5.,185.267573266988));
#3428=CARTESIAN_POINT('Origin',(-218.194909828508,5.,178.27940018761));
#3429=CARTESIAN_POINT('',(-182.086158585892,5.,172.232869947884));
#3430=CARTESIAN_POINT('',(-184.792950839189,5.,218.571617219423));
#3431=CARTESIAN_POINT('',(-200.776767962982,5.,208.299441687767));
#3432=CARTESIAN_POINT('Origin',(-190.633136115664,5.,210.08738266724));
#3433=CARTESIAN_POINT('',(-196.473321392139,5.,201.603148115058));
#3434=CARTESIAN_POINT('',(-177.357616456637,5.,171.858530634581));
#3435=CARTESIAN_POINT('',(-180.489504268346,5.,211.875323646714));
#3436=CARTESIAN_POINT('Origin',(-190.633136115664,5.,210.08738266724));
#3437=CARTESIAN_POINT('',(-163.525522618266,5.,185.478852952592));
#3438=CARTESIAN_POINT('',(-61.2772720524129,5.,201.000000919933));
#3439=CARTESIAN_POINT('Origin',(-57.1522720524129,5.,201.000000919933));
#3440=CARTESIAN_POINT('',(-154.37500295924,5.,39.750000919933));
#3441=CARTESIAN_POINT('Origin',(-150.25000295924,5.,39.750000919933));
#3442=CARTESIAN_POINT('Origin',(-243.347733866067,0.,201.000000919933));
#3443=CARTESIAN_POINT('',(-245.472733866067,0.,201.000000919933));
#3444=CARTESIAN_POINT('Origin',(-243.347733866067,0.,201.000000919933));
#3445=CARTESIAN_POINT('Origin',(-243.347733866067,4.,93.5000009199331));
#3446=CARTESIAN_POINT('',(-245.472733866067,3.,93.5000009199331));
#3447=CARTESIAN_POINT('Origin',(-243.347733866067,3.,93.5000009199331));
#3448=CARTESIAN_POINT('Origin',(-243.347733866067,0.,93.5000009199331));
#3449=CARTESIAN_POINT('',(-245.472733866067,0.,93.5000009199331));
#3450=CARTESIAN_POINT('Origin',(-243.347733866067,0.,93.5000009199331));
#3451=CARTESIAN_POINT('Origin',(-150.25000295924,4.,39.750000919933));
#3452=CARTESIAN_POINT('',(-152.37500295924,3.,39.750000919933));
#3453=CARTESIAN_POINT('Origin',(-150.25000295924,3.,39.750000919933));
#3454=CARTESIAN_POINT('Origin',(-150.25000295924,0.,39.750000919933));
#3455=CARTESIAN_POINT('',(-152.37500295924,0.,39.750000919933));
#3456=CARTESIAN_POINT('Origin',(-150.25000295924,0.,39.750000919933));
#3457=CARTESIAN_POINT('Origin',(-57.1522720524127,4.,93.500000919933));
#3458=CARTESIAN_POINT('',(-59.2772720524127,3.,93.500000919933));
#3459=CARTESIAN_POINT('Origin',(-57.1522720524127,3.,93.500000919933));
#3460=CARTESIAN_POINT('Origin',(-57.1522720524127,0.,93.500000919933));
#3461=CARTESIAN_POINT('',(-59.2772720524127,0.,93.500000919933));
#3462=CARTESIAN_POINT('Origin',(-57.1522720524127,0.,93.500000919933));
#3463=CARTESIAN_POINT('Origin',(-57.1522720524129,4.,201.000000919933));
#3464=CARTESIAN_POINT('',(-59.2772720524129,3.,201.000000919933));
#3465=CARTESIAN_POINT('Origin',(-57.1522720524129,3.,201.000000919933));
#3466=CARTESIAN_POINT('Origin',(-57.1522720524129,0.,201.000000919933));
#3467=CARTESIAN_POINT('',(-59.2772720524129,0.,201.000000919933));
#3468=CARTESIAN_POINT('Origin',(-57.1522720524129,0.,201.000000919933));
#3469=CARTESIAN_POINT('Origin',(-150.25000295924,4.,254.750000919933));
#3470=CARTESIAN_POINT('',(-152.37500295924,3.,254.750000919933));
#3471=CARTESIAN_POINT('Origin',(-150.25000295924,3.,254.750000919933));
#3472=CARTESIAN_POINT('Origin',(-150.25000295924,0.,254.750000919933));
#3473=CARTESIAN_POINT('',(-152.37500295924,0.,254.750000919933));
#3474=CARTESIAN_POINT('Origin',(-150.25000295924,0.,254.750000919933));
#3475=CARTESIAN_POINT('Origin',(-67.1609670363606,1.,173.754239185354));
#3476=CARTESIAN_POINT('',(-65.9609670363606,1.,173.754239185354));
#3477=CARTESIAN_POINT('Origin',(-67.1609670363606,1.,173.754239185354));
#3478=CARTESIAN_POINT('Origin',(-97.046369590373,1.,181.750418837693));
#3479=CARTESIAN_POINT('',(-95.846369590373,1.,181.750418837693));
#3480=CARTESIAN_POINT('Origin',(-97.046369590373,1.,181.750418837693));
#3481=CARTESIAN_POINT('Origin',(-91.6244668822966,1.,82.679813864956));
#3482=CARTESIAN_POINT('',(-90.4244668822966,1.,82.679813864956));
#3483=CARTESIAN_POINT('Origin',(-91.6244668822966,1.,82.679813864956));
#3484=CARTESIAN_POINT('Origin',(-135.840342333053,1.,61.2347451959521));
#3485=CARTESIAN_POINT('',(-134.640342333053,1.,61.2347451959521));
#3486=CARTESIAN_POINT('Origin',(-135.840342333053,1.,61.2347451959521));
#3487=CARTESIAN_POINT('Origin',(-184.631183218827,1.,67.0989124645572));
#3488=CARTESIAN_POINT('',(-183.431183218827,1.,67.0989124645572));
#3489=CARTESIAN_POINT('Origin',(-184.631183218827,1.,67.0989124645572));
#3490=CARTESIAN_POINT('Origin',(-222.506242297994,1.,98.4104839972152));
#3491=CARTESIAN_POINT('',(-221.306242297994,1.,98.4104839972152));
#3492=CARTESIAN_POINT('Origin',(-222.506242297994,1.,98.4104839972152));
#3493=CARTESIAN_POINT('Origin',(-237.440455925297,1.,145.2282570693));
#3494=CARTESIAN_POINT('',(-236.240455925297,1.,145.2282570693));
#3495=CARTESIAN_POINT('Origin',(-237.440455925297,1.,145.2282570693));
#3496=CARTESIAN_POINT('Origin',(-224.692316794179,1.,192.687919529));
#3497=CARTESIAN_POINT('',(-223.492316794179,1.,192.687919529));
#3498=CARTESIAN_POINT('Origin',(-224.692316794179,1.,192.687919529));
#3499=CARTESIAN_POINT('Origin',(-188.309269004722,1.,225.721363879314));
#3500=CARTESIAN_POINT('',(-187.109269004722,1.,225.721363879314));
#3501=CARTESIAN_POINT('Origin',(-188.309269004722,1.,225.721363879314));
#3502=CARTESIAN_POINT('Origin',(-191.970922846534,1.,195.002176618083));
#3503=CARTESIAN_POINT('',(-190.770922846534,1.,195.002176618083));
#3504=CARTESIAN_POINT('Origin',(-191.970922846534,1.,195.002176618083));
#3505=CARTESIAN_POINT('Origin',(-211.164649512123,1.,164.865655193511));
#3506=CARTESIAN_POINT('',(-209.964649512123,1.,164.865655193511));
#3507=CARTESIAN_POINT('Origin',(-211.164649512123,1.,164.865655193511));
#3508=CARTESIAN_POINT('Origin',(-211.018406299498,1.,129.136288003343));
#3509=CARTESIAN_POINT('',(-209.818406299498,1.,129.136288003343));
#3510=CARTESIAN_POINT('Origin',(-211.018406299498,1.,129.136288003343));
#3511=CARTESIAN_POINT('Origin',(-191.578624395361,1.,99.1578966788132));
#3512=CARTESIAN_POINT('',(-190.378624395361,1.,99.1578966788132));
#3513=CARTESIAN_POINT('Origin',(-191.578624395361,1.,99.1578966788132));
#3514=CARTESIAN_POINT('Origin',(-159.017297199341,1.,84.448408648268));
#3515=CARTESIAN_POINT('',(-157.817297199341,1.,84.448408648268));
#3516=CARTESIAN_POINT('Origin',(-159.017297199341,1.,84.448408648268));
#3517=CARTESIAN_POINT('Origin',(-123.672416028829,1.,89.6779824291298));
#3518=CARTESIAN_POINT('',(-122.472416028829,1.,89.6779824291298));
#3519=CARTESIAN_POINT('Origin',(-123.672416028829,1.,89.6779824291298));
#3520=CARTESIAN_POINT('Origin',(-96.7657309204674,1.,113.186265296377));
#3521=CARTESIAN_POINT('',(-95.5657309204673,1.,113.186265296377));
#3522=CARTESIAN_POINT('Origin',(-96.7657309204673,1.,113.186265296377));
#3523=CARTESIAN_POINT('Origin',(-124.144592573843,1.,205.037655213553));
#3524=CARTESIAN_POINT('',(-122.944592573843,1.,205.037655213553));
#3525=CARTESIAN_POINT('Origin',(-124.144592573843,1.,205.037655213553));
#3526=CARTESIAN_POINT('Origin',(-94.6803309914358,1.,214.468109298661));
#3527=CARTESIAN_POINT('',(-93.4803309914358,1.,214.46810929866));
#3528=CARTESIAN_POINT('Origin',(-94.6803309914358,1.,214.46810929866));
#3529=CARTESIAN_POINT('Origin',(-159.531098902661,1.,209.977719659243));
#3530=CARTESIAN_POINT('',(-158.331098902661,1.,209.977719659243));
#3531=CARTESIAN_POINT('Origin',(-159.531098902661,1.,209.977719659243));
#3532=CARTESIAN_POINT('Origin',(-139.842673159749,1.,233.84070494218));
#3533=CARTESIAN_POINT('',(-138.642673159749,1.,233.84070494218));
#3534=CARTESIAN_POINT('Origin',(-139.842673159749,1.,233.84070494218));
#3535=CARTESIAN_POINT('Origin',(-249.85470645056,4.,192.73794484364));
#3536=CARTESIAN_POINT('',(-248.65470645056,4.,192.73794484364));
#3537=CARTESIAN_POINT('Origin',(-249.85470645056,4.,192.73794484364));
#3538=CARTESIAN_POINT('Origin',(-233.004581351031,4.,75.5427505529242));
#3539=CARTESIAN_POINT('',(-231.804581351031,4.,75.5427505529242));
#3540=CARTESIAN_POINT('Origin',(-233.004581351031,4.,75.5427505529242));
#3541=CARTESIAN_POINT('Origin',(-119.400287985103,4.,42.1855203091455));
#3542=CARTESIAN_POINT('',(-118.200287985103,4.,42.1855203091454));
#3543=CARTESIAN_POINT('Origin',(-119.400287985103,4.,42.1855203091454));
#3544=CARTESIAN_POINT('Origin',(-41.8645550732779,4.,131.666526129008));
#3545=CARTESIAN_POINT('',(-40.6645550732779,4.,131.666526129008));
#3546=CARTESIAN_POINT('Origin',(-41.8645550732779,4.,131.666526129008));
#3547=CARTESIAN_POINT('Origin',(-91.0498334478521,4.,239.367262764947));
#3548=CARTESIAN_POINT('',(-89.8498334478521,4.,239.367262764947));
#3549=CARTESIAN_POINT('Origin',(-91.0498334478521,4.,239.367262764947));
#3550=CARTESIAN_POINT('Origin',(-140.706449128371,4.,256.333320360979));
#3551=CARTESIAN_POINT('',(-139.506449128371,4.,256.333320360979));
#3552=CARTESIAN_POINT('Origin',(-140.706449128371,4.,256.333320360979));
#3553=CARTESIAN_POINT('Origin',(-159.793556790109,4.,256.333320360979));
#3554=CARTESIAN_POINT('',(-158.593556790109,4.,256.333320360979));
#3555=CARTESIAN_POINT('Origin',(-159.793556790109,4.,256.333320360979));
#3556=CARTESIAN_POINT('Origin',(-50.6452994679205,4.,192.73794484364));
#3557=CARTESIAN_POINT('',(-49.4452994679205,4.,192.73794484364));
#3558=CARTESIAN_POINT('Origin',(-50.6452994679205,4.,192.73794484364));
#3559=CARTESIAN_POINT('Origin',(-67.4954245674487,4.,75.5427505529247));
#3560=CARTESIAN_POINT('',(-66.2954245674487,4.,75.5427505529246));
#3561=CARTESIAN_POINT('Origin',(-67.4954245674487,4.,75.5427505529246));
#3562=CARTESIAN_POINT('Origin',(-181.099717933377,4.,42.1855203091455));
#3563=CARTESIAN_POINT('',(-179.899717933376,4.,42.1855203091454));
#3564=CARTESIAN_POINT('Origin',(-181.099717933376,4.,42.1855203091454));
#3565=CARTESIAN_POINT('Origin',(-258.635450845202,4.,131.666526129008));
#3566=CARTESIAN_POINT('',(-257.435450845202,4.,131.666526129008));
#3567=CARTESIAN_POINT('Origin',(-258.635450845202,4.,131.666526129008));
#3568=CARTESIAN_POINT('Origin',(-209.450172470628,4.,239.367262764947));
#3569=CARTESIAN_POINT('',(-208.250172470628,4.,239.367262764947));
#3570=CARTESIAN_POINT('Origin',(-209.450172470628,4.,239.367262764947));
#3571=CARTESIAN_POINT('Origin',(-150.25000295924,4.875,147.250000919933));
#3572=CARTESIAN_POINT('',(-264.50000295924,4.75,147.250000919933));
#3573=CARTESIAN_POINT('Origin',(-150.25000295924,4.75,147.250000919933));
#3574=CARTESIAN_POINT('Origin',(-150.25000295924,0.,147.250000919933));
#3575=CARTESIAN_POINT('',(-264.50000295924,0.,147.250000919933));
#3576=CARTESIAN_POINT('Origin',(-150.25000295924,0.,147.250000919933));
#3577=CARTESIAN_POINT('Origin',(-190.633136115664,0.,210.08738266724));
#3578=CARTESIAN_POINT('',(-200.776767962982,0.,208.299441687767));
#3579=CARTESIAN_POINT('',(-184.792950839189,0.,218.571617219423));
#3580=CARTESIAN_POINT('Origin',(-190.633136115664,0.,210.08738266724));
#3581=CARTESIAN_POINT('',(-200.776767962982,0.,208.299441687767));
#3582=CARTESIAN_POINT('',(-184.792950839189,0.,218.571617219423));
#3583=CARTESIAN_POINT('Origin',(-196.473321392139,0.,201.603148115058));
#3584=CARTESIAN_POINT('',(-196.473321392139,0.,201.603148115058));
#3585=CARTESIAN_POINT('',(-177.357616456637,0.,171.858530634581));
#3586=CARTESIAN_POINT('',(-196.473321392139,0.,201.603148115058));
#3587=CARTESIAN_POINT('Origin',(-190.633136115664,0.,210.08738266724));
#3588=CARTESIAN_POINT('',(-180.489504268346,0.,211.875323646714));
#3589=CARTESIAN_POINT('Origin',(-190.633136115664,0.,210.08738266724));
#3590=CARTESIAN_POINT('',(-180.489504268346,0.,211.875323646714));
#3591=CARTESIAN_POINT('Origin',(-184.792950839189,0.,218.571617219423));
#3592=CARTESIAN_POINT('',(-163.525522618266,0.,185.478852952592));
#3593=CARTESIAN_POINT('Origin',(-218.194909828508,0.,178.27940018761));
#3594=CARTESIAN_POINT('',(-225.761642083097,0.,171.291227108231));
#3595=CARTESIAN_POINT('',(-217.868756836061,0.,188.574235019967));
#3596=CARTESIAN_POINT('Origin',(-218.194909828508,0.,178.27940018761));
#3597=CARTESIAN_POINT('',(-225.761642083097,0.,171.291227108231));
#3598=CARTESIAN_POINT('',(-217.868756836061,0.,188.574235019967));
#3599=CARTESIAN_POINT('Origin',(-218.521062820953,0.,167.984565355252));
#3600=CARTESIAN_POINT('',(-218.521062820953,0.,167.984565355252));
#3601=CARTESIAN_POINT('',(-186.358754201856,0.,153.296531159659));
#3602=CARTESIAN_POINT('',(-218.521062820953,0.,167.984565355252));
#3603=CARTESIAN_POINT('Origin',(-218.194909828508,0.,178.27940018761));
#3604=CARTESIAN_POINT('',(-210.628177573918,0.,185.267573266988));
#3605=CARTESIAN_POINT('Origin',(-218.194909828508,0.,178.27940018761));
#3606=CARTESIAN_POINT('',(-210.628177573918,0.,185.267573266988));
#3607=CARTESIAN_POINT('Origin',(-217.868756836061,0.,188.574235019967));
#3608=CARTESIAN_POINT('',(-182.086158585892,0.,172.232869947884));
#3609=CARTESIAN_POINT('Origin',(-224.18465568613,0.,136.61980268375));
#3610=CARTESIAN_POINT('',(-226.772104321135,0.,126.650093081098));
#3611=CARTESIAN_POINT('',(-229.476086248327,0.,145.456700476836));
#3612=CARTESIAN_POINT('Origin',(-224.18465568613,0.,136.61980268375));
#3613=CARTESIAN_POINT('',(-226.772104321135,0.,126.650093081098));
#3614=CARTESIAN_POINT('',(-229.476086248327,0.,145.456700476836));
#3615=CARTESIAN_POINT('Origin',(-218.893225123932,0.,127.782904890664));
#3616=CARTESIAN_POINT('',(-218.893225123932,0.,127.782904890664));
#3617=CARTESIAN_POINT('',(-183.895618559788,0.,132.814801056364));
#3618=CARTESIAN_POINT('',(-218.893225123932,0.,127.782904890664));
#3619=CARTESIAN_POINT('Origin',(-224.18465568613,0.,136.61980268375));
#3620=CARTESIAN_POINT('',(-221.597207051125,0.,146.589512286402));
#3621=CARTESIAN_POINT('Origin',(-224.18465568613,0.,136.61980268375));
#3622=CARTESIAN_POINT('',(-221.597207051125,0.,146.589512286402));
#3623=CARTESIAN_POINT('Origin',(-229.476086248327,0.,145.456700476836));
#3624=CARTESIAN_POINT('',(-190.539040085582,0.,151.055002547319));
#3625=CARTESIAN_POINT('Origin',(-206.700671700257,0.,98.3352180104869));
#3626=CARTESIAN_POINT('',(-203.487340056102,0.,88.5492842408015));
#3627=CARTESIAN_POINT('',(-215.929694001062,0.,102.908526153532));
#3628=CARTESIAN_POINT('Origin',(-206.700671700257,0.,98.3352180104869));
#3629=CARTESIAN_POINT('',(-203.487340056102,0.,88.5492842408015));
#3630=CARTESIAN_POINT('',(-215.929694001062,0.,102.908526153532));
#3631=CARTESIAN_POINT('Origin',(-197.471649399453,0.,93.7619098674413));
#3632=CARTESIAN_POINT('',(-197.471649399453,0.,93.7619098674413));
#3633=CARTESIAN_POINT('',(-170.750237693106,0.,116.916144915504));
#3634=CARTESIAN_POINT('',(-197.471649399453,0.,93.7619098674413));
#3635=CARTESIAN_POINT('Origin',(-206.700671700257,0.,98.3352180104869));
#3636=CARTESIAN_POINT('',(-209.914003344413,0.,108.121151780172));
#3637=CARTESIAN_POINT('Origin',(-206.700671700257,0.,98.3352180104869));
#3638=CARTESIAN_POINT('',(-209.914003344413,0.,108.121151780172));
#3639=CARTESIAN_POINT('Origin',(-215.929694001062,0.,102.908526153532));
#3640=CARTESIAN_POINT('',(-186.200436966391,0.,128.669074014915));
#3641=CARTESIAN_POINT('Origin',(-171.293999250478,0.,75.5807312956323));
#3642=CARTESIAN_POINT('',(-163.300097419864,0.,69.0855381866847));
#3643=CARTESIAN_POINT('',(-181.53046391854,0.,74.4384567666719));
#3644=CARTESIAN_POINT('Origin',(-171.293999250478,0.,75.5807312956323));
#3645=CARTESIAN_POINT('',(-163.300097419864,0.,69.0855381866847));
#3646=CARTESIAN_POINT('',(-181.53046391854,0.,74.4384567666719));
#3647=CARTESIAN_POINT('Origin',(-161.057534582415,0.,76.7230058245927));
#3648=CARTESIAN_POINT('',(-161.057534582415,0.,76.7230058245927));
#3649=CARTESIAN_POINT('',(-151.096177146159,0.,110.648273727266));
#3650=CARTESIAN_POINT('',(-161.057534582415,0.,76.7230058245927));
#3651=CARTESIAN_POINT('Origin',(-171.293999250478,0.,75.5807312956323));
#3652=CARTESIAN_POINT('',(-179.287901081091,0.,82.0759244045799));
#3653=CARTESIAN_POINT('Origin',(-171.293999250478,0.,75.5807312956323));
#3654=CARTESIAN_POINT('',(-179.287901081091,0.,82.0759244045799));
#3655=CARTESIAN_POINT('Origin',(-181.53046391854,0.,74.4384567666719));
#3656=CARTESIAN_POINT('',(-170.447825063559,0.,112.182458488299));
#3657=CARTESIAN_POINT('Origin',(-129.206006668002,0.,75.5807312956324));
#3658=CARTESIAN_POINT('',(-118.96954199994,0.,74.4384567666719));
#3659=CARTESIAN_POINT('',(-137.199908498615,0.,69.0855381866847));
#3660=CARTESIAN_POINT('Origin',(-129.206006668002,0.,75.5807312956324));
#3661=CARTESIAN_POINT('',(-118.96954199994,0.,74.4384567666719));
#3662=CARTESIAN_POINT('',(-137.199908498615,0.,69.0855381866847));
#3663=CARTESIAN_POINT('Origin',(-121.212104837389,0.,82.0759244045799));
#3664=CARTESIAN_POINT('',(-121.212104837389,0.,82.0759244045799));
#3665=CARTESIAN_POINT('',(-131.173462273646,0.,116.001192307253));
#3666=CARTESIAN_POINT('',(-121.212104837389,0.,82.0759244045799));
#3667=CARTESIAN_POINT('Origin',(-129.206006668002,0.,75.5807312956324));
#3668=CARTESIAN_POINT('',(-139.442471336065,0.,76.7230058245927));
#3669=CARTESIAN_POINT('Origin',(-129.206006668002,0.,75.5807312956324));
#3670=CARTESIAN_POINT('',(-139.442471336065,0.,76.7230058245927));
#3671=CARTESIAN_POINT('Origin',(-137.199908498615,0.,69.0855381866847));
#3672=CARTESIAN_POINT('',(-148.282547353597,0.,106.829539908312));
#3673=CARTESIAN_POINT('Origin',(-93.7993342182225,0.,98.3352180104869));
#3674=CARTESIAN_POINT('',(-84.5703119174176,0.,102.908526153532));
#3675=CARTESIAN_POINT('',(-97.012665862378,0.,88.5492842408015));
#3676=CARTESIAN_POINT('Origin',(-93.7993342182225,0.,98.3352180104869));
#3677=CARTESIAN_POINT('',(-84.5703119174176,0.,102.908526153532));
#3678=CARTESIAN_POINT('',(-97.012665862378,0.,88.5492842408015));
#3679=CARTESIAN_POINT('Origin',(-90.586002574067,0.,108.121151780172));
#3680=CARTESIAN_POINT('',(-90.586002574067,0.,108.121151780172));
#3681=CARTESIAN_POINT('',(-117.307414280413,0.,131.275386828235));
#3682=CARTESIAN_POINT('',(-90.586002574067,0.,108.121151780172));
#3683=CARTESIAN_POINT('Origin',(-93.7993342182225,0.,98.3352180104869));
#3684=CARTESIAN_POINT('',(-103.028356519027,0.,93.7619098674413));
#3685=CARTESIAN_POINT('Origin',(-93.7993342182225,0.,98.3352180104869));
#3686=CARTESIAN_POINT('',(-103.028356519027,0.,93.7619098674413));
#3687=CARTESIAN_POINT('Origin',(-97.012665862378,0.,88.5492842408015));
#3688=CARTESIAN_POINT('',(-126.741922897049,0.,114.309832102185));
#3689=CARTESIAN_POINT('Origin',(-82.3050960899725,0.,178.27940018761));
#3690=CARTESIAN_POINT('',(-82.6312490824185,0.,188.574235019967));
#3691=CARTESIAN_POINT('',(-74.7383638353826,0.,171.291227108231));
#3692=CARTESIAN_POINT('Origin',(-82.3050960899725,0.,178.27940018761));
#3693=CARTESIAN_POINT('',(-82.6312490824185,0.,188.574235019967));
#3694=CARTESIAN_POINT('',(-74.7383638353826,0.,171.291227108231));
#3695=CARTESIAN_POINT('Origin',(-89.8718283445623,0.,185.267573266988));
#3696=CARTESIAN_POINT('',(-89.8718283445623,0.,185.267573266988));
#3697=CARTESIAN_POINT('',(-122.03413696366,0.,170.579539071394));
#3698=CARTESIAN_POINT('',(-89.8718283445623,0.,185.267573266988));
#3699=CARTESIAN_POINT('Origin',(-82.3050960899725,0.,178.27940018761));
#3700=CARTESIAN_POINT('',(-81.9789430975264,0.,167.984565355252));
#3701=CARTESIAN_POINT('Origin',(-82.3050960899725,0.,178.27940018761));
#3702=CARTESIAN_POINT('',(-81.9789430975264,0.,167.984565355252));
#3703=CARTESIAN_POINT('Origin',(-74.7383638353826,0.,171.291227108231));
#3704=CARTESIAN_POINT('',(-110.520962085552,0.,154.949862036148));
#3705=CARTESIAN_POINT('Origin',(-109.866869802816,0.,210.08738266724));
#3706=CARTESIAN_POINT('',(-115.707055079291,0.,218.571617219423));
#3707=CARTESIAN_POINT('',(-99.7232379554981,0.,208.299441687767));
#3708=CARTESIAN_POINT('Origin',(-109.866869802816,0.,210.08738266724));
#3709=CARTESIAN_POINT('',(-115.707055079291,0.,218.571617219423));
#3710=CARTESIAN_POINT('',(-99.7232379554981,0.,208.299441687767));
#3711=CARTESIAN_POINT('Origin',(-120.010501650134,0.,211.875323646714));
#3712=CARTESIAN_POINT('',(-120.010501650134,0.,211.875323646714));
#3713=CARTESIAN_POINT('',(-139.126206585635,0.,182.130706166238));
#3714=CARTESIAN_POINT('',(-120.010501650134,0.,211.875323646714));
#3715=CARTESIAN_POINT('Origin',(-109.866869802816,0.,210.08738266724));
#3716=CARTESIAN_POINT('',(-104.026684526341,0.,201.603148115058));
#3717=CARTESIAN_POINT('Origin',(-109.866869802816,0.,210.08738266724));
#3718=CARTESIAN_POINT('',(-104.026684526341,0.,201.603148115058));
#3719=CARTESIAN_POINT('Origin',(-99.7232379554981,0.,208.299441687767));
#3720=CARTESIAN_POINT('',(-120.990666176421,0.,175.206677420936));
#3721=CARTESIAN_POINT('Origin',(-140.75000295924,0.,225.924890178251));
#3722=CARTESIAN_POINT('',(-140.75000295924,0.,225.924890178251));
#3723=CARTESIAN_POINT('',(-140.75000295924,0.,217.964990681398));
#3724=CARTESIAN_POINT('',(-140.75000295924,0.,186.587445549092));
#3725=CARTESIAN_POINT('',(-140.75000295924,0.,225.924890178251));
#3726=CARTESIAN_POINT('',(-140.75000295924,0.,217.964990681398));
#3727=CARTESIAN_POINT('Origin',(-150.25000295924,0.,221.944940429824));
#3728=CARTESIAN_POINT('',(-159.75000295924,0.,225.924890178251));
#3729=CARTESIAN_POINT('Origin',(-150.25000295924,0.,221.944940429824));
#3730=CARTESIAN_POINT('',(-159.75000295924,0.,225.924890178251));
#3731=CARTESIAN_POINT('Origin',(-159.75000295924,0.,217.964990681398));
#3732=CARTESIAN_POINT('',(-159.75000295924,0.,217.964990681398));
#3733=CARTESIAN_POINT('',(-159.75000295924,0.,182.607495800665));
#3734=CARTESIAN_POINT('',(-159.75000295924,0.,217.964990681398));
#3735=CARTESIAN_POINT('Origin',(-150.25000295924,0.,221.944940429824));
#3736=CARTESIAN_POINT('Origin',(-150.25000295924,0.,221.944940429824));
#3737=CARTESIAN_POINT('Origin',(-188.309269004722,0.,225.721363879314));
#3738=CARTESIAN_POINT('Origin',(-191.970922846534,0.,195.002176618083));
#3739=CARTESIAN_POINT('Origin',(-224.692316794179,0.,192.687919529));
#3740=CARTESIAN_POINT('Origin',(-211.164649512123,0.,164.865655193511));
#3741=CARTESIAN_POINT('Origin',(-237.440455925297,0.,145.2282570693));
#3742=CARTESIAN_POINT('Origin',(-211.018406299498,0.,129.136288003343));
#3743=CARTESIAN_POINT('Origin',(-222.506242297994,0.,98.4104839972152));
#3744=CARTESIAN_POINT('Origin',(-191.578624395361,0.,99.1578966788132));
#3745=CARTESIAN_POINT('Origin',(-184.631183218827,0.,67.0989124645572));
#3746=CARTESIAN_POINT('Origin',(-159.017297199341,0.,84.448408648268));
#3747=CARTESIAN_POINT('Origin',(-135.840342333053,0.,61.2347451959521));
#3748=CARTESIAN_POINT('Origin',(-123.672416028829,0.,89.6779824291298));
#3749=CARTESIAN_POINT('Origin',(-91.6244668822966,0.,82.679813864956));
#3750=CARTESIAN_POINT('Origin',(-96.7657309204673,0.,113.186265296377));
#3751=CARTESIAN_POINT('Origin',(-67.1609670363606,0.,173.754239185354));
#3752=CARTESIAN_POINT('Origin',(-97.046369590373,0.,181.750418837693));
#3753=CARTESIAN_POINT('Origin',(-94.6803309914358,0.,214.46810929866));
#3754=CARTESIAN_POINT('Origin',(-124.144592573843,0.,205.037655213553));
#3755=CARTESIAN_POINT('Origin',(-209.450172470628,0.,239.367262764947));
#3756=CARTESIAN_POINT('',(-210.650172470628,0.,239.367262764947));
#3757=CARTESIAN_POINT('Origin',(-209.450172470628,0.,239.367262764947));
#3758=CARTESIAN_POINT('Origin',(-249.85470645056,0.,192.73794484364));
#3759=CARTESIAN_POINT('',(-251.05470645056,0.,192.73794484364));
#3760=CARTESIAN_POINT('Origin',(-249.85470645056,0.,192.73794484364));
#3761=CARTESIAN_POINT('Origin',(-258.635450845202,0.,131.666526129008));
#3762=CARTESIAN_POINT('',(-259.835450845202,0.,131.666526129008));
#3763=CARTESIAN_POINT('Origin',(-258.635450845202,0.,131.666526129008));
#3764=CARTESIAN_POINT('Origin',(-233.004581351031,0.,75.5427505529242));
#3765=CARTESIAN_POINT('',(-234.204581351031,0.,75.5427505529242));
#3766=CARTESIAN_POINT('Origin',(-233.004581351031,0.,75.5427505529242));
#3767=CARTESIAN_POINT('Origin',(-181.099717933376,0.,42.1855203091454));
#3768=CARTESIAN_POINT('',(-182.299717933377,0.,42.1855203091454));
#3769=CARTESIAN_POINT('Origin',(-181.099717933376,0.,42.1855203091454));
#3770=CARTESIAN_POINT('Origin',(-119.400287985103,0.,42.1855203091454));
#3771=CARTESIAN_POINT('',(-120.600287985103,0.,42.1855203091454));
#3772=CARTESIAN_POINT('Origin',(-119.400287985103,0.,42.1855203091454));
#3773=CARTESIAN_POINT('Origin',(-67.4954245674487,0.,75.5427505529246));
#3774=CARTESIAN_POINT('',(-68.6954245674487,0.,75.5427505529246));
#3775=CARTESIAN_POINT('Origin',(-67.4954245674487,0.,75.5427505529246));
#3776=CARTESIAN_POINT('Origin',(-41.8645550732779,0.,131.666526129008));
#3777=CARTESIAN_POINT('',(-43.0645550732779,0.,131.666526129008));
#3778=CARTESIAN_POINT('Origin',(-41.8645550732779,0.,131.666526129008));
#3779=CARTESIAN_POINT('Origin',(-50.6452994679205,0.,192.73794484364));
#3780=CARTESIAN_POINT('',(-51.8452994679205,0.,192.73794484364));
#3781=CARTESIAN_POINT('Origin',(-50.6452994679205,0.,192.73794484364));
#3782=CARTESIAN_POINT('Origin',(-91.0498334478521,0.,239.367262764947));
#3783=CARTESIAN_POINT('',(-92.249833447852,0.,239.367262764947));
#3784=CARTESIAN_POINT('Origin',(-91.0498334478521,0.,239.367262764947));
#3785=CARTESIAN_POINT('Origin',(-159.793556790109,0.,256.333320360979));
#3786=CARTESIAN_POINT('',(-160.993556790109,0.,256.333320360979));
#3787=CARTESIAN_POINT('Origin',(-159.793556790109,0.,256.333320360979));
#3788=CARTESIAN_POINT('Origin',(-140.706449128371,0.,256.333320360979));
#3789=CARTESIAN_POINT('',(-141.906449128371,0.,256.333320360979));
#3790=CARTESIAN_POINT('Origin',(-140.706449128371,0.,256.333320360979));
#3791=CARTESIAN_POINT('Origin',(-159.531098902661,0.,209.977719659243));
#3792=CARTESIAN_POINT('Origin',(-139.842673159749,0.,233.84070494218));
#3793=CARTESIAN_POINT('Origin',(-150.25000295924,0.,147.250000919933));
#3794=UNCERTAINTY_MEASURE_WITH_UNIT(LENGTH_MEASURE(0.01),#3798,
'DISTANCE_ACCURACY_VALUE',
'Maximum model space distance between geometric entities at asserted c
onnectivities');
#3795=UNCERTAINTY_MEASURE_WITH_UNIT(LENGTH_MEASURE(1.E-6),#3798,
'DISTANCE_ACCURACY_VALUE',
'Maximum model space distance between geometric entities at asserted c
onnectivities');
#3796=(
GEOMETRIC_REPRESENTATION_CONTEXT(3)
GLOBAL_UNCERTAINTY_ASSIGNED_CONTEXT((#3794))
GLOBAL_UNIT_ASSIGNED_CONTEXT((#3798,#3801,#3799))
REPRESENTATION_CONTEXT('','3D')
);
#3797=(
GEOMETRIC_REPRESENTATION_CONTEXT(3)
GLOBAL_UNCERTAINTY_ASSIGNED_CONTEXT((#3795))
GLOBAL_UNIT_ASSIGNED_CONTEXT((#3798,#3801,#3799))
REPRESENTATION_CONTEXT('','3D')
);
#3798=(
LENGTH_UNIT()
NAMED_UNIT(*)
SI_UNIT(.MILLI.,.METRE.)
);
#3799=(
NAMED_UNIT(*)
SI_UNIT($,.STERADIAN.)
SOLID_ANGLE_UNIT()
);
#3800=DIMENSIONAL_EXPONENTS(0.,0.,0.,0.,0.,0.,0.);
#3801=(
CONVERSION_BASED_UNIT('degree',#3803)
NAMED_UNIT(#3800)
PLANE_ANGLE_UNIT()
);
#3802=(
NAMED_UNIT(*)
PLANE_ANGLE_UNIT()
SI_UNIT($,.RADIAN.)
);
#3803=PLANE_ANGLE_MEASURE_WITH_UNIT(PLANE_ANGLE_MEASURE(0.01745329252),
#3802);
#3804=SHAPE_DEFINITION_REPRESENTATION(#3805,#3806);
#3805=PRODUCT_DEFINITION_SHAPE('',$,#3808);
#3806=SHAPE_REPRESENTATION('',(#2193),#3796);
#3807=PRODUCT_DEFINITION_CONTEXT('part definition',#3812,'design');
#3808=PRODUCT_DEFINITION('Bauteil5','Edelstahl Tr\X\E4gerplatte',#3809,
#3807);
#3809=PRODUCT_DEFINITION_FORMATION('',$,#3814);
#3810=PRODUCT_RELATED_PRODUCT_CATEGORY('Edelstahl Tr\X\E4gerplatte',
'Edelstahl Tr\X\E4gerplatte',(#3814));
#3811=APPLICATION_PROTOCOL_DEFINITION('international standard',
'automotive_design',2009,#3812);
#3812=APPLICATION_CONTEXT(
'Core Data for Automotive Mechanical Design Process');
#3813=PRODUCT_CONTEXT('part definition',#3812,'mechanical');
#3814=PRODUCT('Bauteil5','Edelstahl Tr\X\E4gerplatte',$,(#3813));
#3815=PRESENTATION_STYLE_ASSIGNMENT((#3816));
#3816=SURFACE_STYLE_USAGE(.BOTH.,#3817);
#3817=SURFACE_SIDE_STYLE('',(#3818));
#3818=SURFACE_STYLE_FILL_AREA(#3819);
#3819=FILL_AREA_STYLE('',(#3820));
#3820=FILL_AREA_STYLE_COLOUR('',#3821);
#3821=COLOUR_RGB('',0.745098039215686,0.737254901960784,0.729411764705882);
ENDSEC;
END-ISO-10303-21;
