ISO-10303-21;
HEADER;
/* Generated by software containing ST-Developer
 * from STEP Tools, Inc. (www.steptools.com) 
 */

FILE_DESCRIPTION(
/* description */ (''),
/* implementation_level */ '2;1');

FILE_NAME(
/* name */ 
'C:\\Users\\t.salzbrenner\\Stage Tec\\Sales-Bamberg - Dokumente\\12 - 
Benutzer\\t.salzbrenner\\Mekka\\Imam Mikrofon\\Floor Box\\Insta Werk S
teps\\Aluminium Becher 100424.stp',
/* time_stamp */ '2024-04-10T16:34:56+02:00',
/* author */ ('t.salzbrenner'),
/* organization */ (''),
/* preprocessor_version */ 'ST-DEVELOPER v16.5',
/* originating_system */ 'Autodesk Inventor 2017',
/* authorisation */ '');

FILE_SCHEMA (('AUTOMOTIVE_DESIGN { 1 0 10303 214 3 1 1 }'));
ENDSEC;

DATA;
#10=MECHANICAL_DESIGN_GEOMETRIC_PRESENTATION_REPRESENTATION('',(#13),#3149);
#11=SHAPE_REPRESENTATION_RELATIONSHIP('SRR','None',#3158,#12);
#12=ADVANCED_BREP_SHAPE_REPRESENTATION('',(#14),#3148);
#13=STYLED_ITEM('',(#3167),#14);
#14=MANIFOLD_SOLID_BREP('Volumenk\X\F6rper1',#1837);
#15=CONICAL_SURFACE('',#1947,83.304027341326,17.5924245621816);
#16=CONICAL_SURFACE('',#1972,85.4999999999999,17.5924245621816);
#17=CONICAL_SURFACE('',#1977,2.3,45.0000000000002);
#18=CONICAL_SURFACE('',#2001,2.3,45.);
#19=CONICAL_SURFACE('',#2005,2.3,45.);
#20=CONICAL_SURFACE('',#2009,2.3,45.);
#21=CONICAL_SURFACE('',#2013,2.3,44.9999999999999);
#22=CONICAL_SURFACE('',#2017,2.3,44.9999999999999);
#23=CONICAL_SURFACE('',#2021,2.3,45.0000000000002);
#24=CONICAL_SURFACE('',#2025,2.3,45.);
#25=CONICAL_SURFACE('',#2029,2.3,45.);
#26=CONICAL_SURFACE('',#2033,2.3,45.0000000000002);
#27=CONICAL_SURFACE('',#2037,2.3,44.9999999999999);
#28=CONICAL_SURFACE('',#2041,2.3,45.);
#29=(
BOUNDED_CURVE()
B_SPLINE_CURVE(2,(#2895,#2896,#2897),.UNSPECIFIED.,.F.,.F.)
B_SPLINE_CURVE_WITH_KNOTS((3,3),(0.,0.630691538277393),.UNSPECIFIED.)
CURVE()
GEOMETRIC_REPRESENTATION_ITEM()
RATIONAL_B_SPLINE_CURVE((1.,1.00005925882192,1.))
REPRESENTATION_ITEM('')
);
#30=(
BOUNDED_CURVE()
B_SPLINE_CURVE(2,(#2900,#2901,#2902),.UNSPECIFIED.,.F.,.F.)
B_SPLINE_CURVE_WITH_KNOTS((3,3),(0.,0.630691538277393),.UNSPECIFIED.)
CURVE()
GEOMETRIC_REPRESENTATION_ITEM()
RATIONAL_B_SPLINE_CURVE((1.,1.00005925877653,1.))
REPRESENTATION_ITEM('')
);
#31=(
BOUNDED_CURVE()
B_SPLINE_CURVE(2,(#2909,#2910,#2911),.UNSPECIFIED.,.F.,.F.)
B_SPLINE_CURVE_WITH_KNOTS((3,3),(0.,1.05053846465118),.UNSPECIFIED.)
CURVE()
GEOMETRIC_REPRESENTATION_ITEM()
RATIONAL_B_SPLINE_CURVE((1.,1.00015597177803,1.))
REPRESENTATION_ITEM('')
);
#32=(
BOUNDED_CURVE()
B_SPLINE_CURVE(2,(#2915,#2916,#2917),.UNSPECIFIED.,.F.,.F.)
B_SPLINE_CURVE_WITH_KNOTS((3,3),(0.,1.05053846465118),.UNSPECIFIED.)
CURVE()
GEOMETRIC_REPRESENTATION_ITEM()
RATIONAL_B_SPLINE_CURVE((1.,1.00015597177803,1.))
REPRESENTATION_ITEM('')
);
#33=(
BOUNDED_CURVE()
B_SPLINE_CURVE(2,(#2925,#2926,#2927),.UNSPECIFIED.,.F.,.F.)
B_SPLINE_CURVE_WITH_KNOTS((3,3),(0.,0.420492758172109),.UNSPECIFIED.)
CURVE()
GEOMETRIC_REPRESENTATION_ITEM()
RATIONAL_B_SPLINE_CURVE((1.,1.00002734074814,1.))
REPRESENTATION_ITEM('')
);
#34=(
BOUNDED_CURVE()
B_SPLINE_CURVE(2,(#2929,#2930,#2931),.UNSPECIFIED.,.F.,.F.)
B_SPLINE_CURVE_WITH_KNOTS((3,3),(0.,0.210256355275681),.UNSPECIFIED.)
CURVE()
GEOMETRIC_REPRESENTATION_ITEM()
RATIONAL_B_SPLINE_CURVE((1.,1.00000699294381,1.))
REPRESENTATION_ITEM('')
);
#35=(
BOUNDED_CURVE()
B_SPLINE_CURVE(2,(#2933,#2934,#2935),.UNSPECIFIED.,.F.,.F.)
B_SPLINE_CURVE_WITH_KNOTS((3,3),(0.,5.34335737253062),.UNSPECIFIED.)
CURVE()
GEOMETRIC_REPRESENTATION_ITEM()
RATIONAL_B_SPLINE_CURVE((1.,1.00563580257818,1.))
REPRESENTATION_ITEM('')
);
#36=(
BOUNDED_CURVE()
B_SPLINE_CURVE(2,(#2939,#2940,#2941),.UNSPECIFIED.,.F.,.F.)
B_SPLINE_CURVE_WITH_KNOTS((3,3),(0.,5.34335737253062),.UNSPECIFIED.)
CURVE()
GEOMETRIC_REPRESENTATION_ITEM()
RATIONAL_B_SPLINE_CURVE((1.,1.00563580257818,1.))
REPRESENTATION_ITEM('')
);
#37=(
BOUNDED_CURVE()
B_SPLINE_CURVE(2,(#2943,#2944,#2945),.UNSPECIFIED.,.F.,.F.)
B_SPLINE_CURVE_WITH_KNOTS((3,3),(0.,0.210256355275679),.UNSPECIFIED.)
CURVE()
GEOMETRIC_REPRESENTATION_ITEM()
RATIONAL_B_SPLINE_CURVE((1.,1.00000699309164,1.))
REPRESENTATION_ITEM('')
);
#38=(
BOUNDED_CURVE()
B_SPLINE_CURVE(2,(#2946,#2947,#2948),.UNSPECIFIED.,.F.,.F.)
B_SPLINE_CURVE_WITH_KNOTS((3,3),(0.,0.420492758172109),.UNSPECIFIED.)
CURVE()
GEOMETRIC_REPRESENTATION_ITEM()
RATIONAL_B_SPLINE_CURVE((1.,1.00002734074814,1.))
REPRESENTATION_ITEM('')
);
#39=(
BOUNDED_CURVE()
B_SPLINE_CURVE(2,(#2992,#2993,#2994),.UNSPECIFIED.,.F.,.F.)
B_SPLINE_CURVE_WITH_KNOTS((3,3),(0.,0.315182734674822),.UNSPECIFIED.)
CURVE()
GEOMETRIC_REPRESENTATION_ITEM()
RATIONAL_B_SPLINE_CURVE((1.,1.00001471104443,1.))
REPRESENTATION_ITEM('')
);
#40=(
BOUNDED_CURVE()
B_SPLINE_CURVE(2,(#2996,#2997,#2998),.UNSPECIFIED.,.F.,.F.)
B_SPLINE_CURVE_WITH_KNOTS((3,3),(0.,5.33901853425726),.UNSPECIFIED.)
CURVE()
GEOMETRIC_REPRESENTATION_ITEM()
RATIONAL_B_SPLINE_CURVE((1.,1.00523960356674,1.))
REPRESENTATION_ITEM('')
);
#41=(
BOUNDED_CURVE()
B_SPLINE_CURVE(2,(#3002,#3003,#3004),.UNSPECIFIED.,.F.,.F.)
B_SPLINE_CURVE_WITH_KNOTS((3,3),(0.,5.33901853425726),.UNSPECIFIED.)
CURVE()
GEOMETRIC_REPRESENTATION_ITEM()
RATIONAL_B_SPLINE_CURVE((1.,1.00523960356674,1.))
REPRESENTATION_ITEM('')
);
#42=(
BOUNDED_CURVE()
B_SPLINE_CURVE(2,(#3005,#3006,#3007),.UNSPECIFIED.,.F.,.F.)
B_SPLINE_CURVE_WITH_KNOTS((3,3),(0.,0.315182734674822),.UNSPECIFIED.)
CURVE()
GEOMETRIC_REPRESENTATION_ITEM()
RATIONAL_B_SPLINE_CURVE((1.,1.00001471104443,1.))
REPRESENTATION_ITEM('')
);
#43=FACE_BOUND('',#300,.T.);
#44=FACE_BOUND('',#302,.T.);
#45=FACE_BOUND('',#331,.T.);
#46=FACE_BOUND('',#335,.T.);
#47=FACE_BOUND('',#337,.T.);
#48=FACE_BOUND('',#339,.T.);
#49=FACE_BOUND('',#341,.T.);
#50=FACE_BOUND('',#343,.T.);
#51=FACE_BOUND('',#344,.T.);
#52=FACE_BOUND('',#345,.T.);
#53=FACE_BOUND('',#346,.T.);
#54=FACE_BOUND('',#349,.T.);
#55=FACE_BOUND('',#350,.T.);
#56=FACE_BOUND('',#351,.T.);
#57=FACE_BOUND('',#352,.T.);
#58=FACE_BOUND('',#354,.T.);
#59=FACE_BOUND('',#356,.T.);
#60=FACE_BOUND('',#357,.T.);
#61=FACE_BOUND('',#358,.T.);
#62=FACE_BOUND('',#359,.T.);
#63=FACE_BOUND('',#360,.T.);
#64=FACE_BOUND('',#361,.T.);
#65=FACE_BOUND('',#362,.T.);
#66=FACE_BOUND('',#364,.T.);
#67=FACE_BOUND('',#365,.T.);
#68=FACE_BOUND('',#366,.T.);
#69=FACE_BOUND('',#367,.T.);
#70=FACE_BOUND('',#368,.T.);
#71=FACE_BOUND('',#369,.T.);
#72=FACE_BOUND('',#370,.T.);
#73=FACE_BOUND('',#372,.T.);
#74=FACE_BOUND('',#374,.T.);
#75=FACE_BOUND('',#375,.T.);
#76=FACE_BOUND('',#376,.T.);
#77=FACE_BOUND('',#377,.T.);
#78=FACE_BOUND('',#378,.T.);
#79=FACE_BOUND('',#379,.T.);
#80=FACE_BOUND('',#380,.T.);
#81=FACE_BOUND('',#381,.T.);
#82=FACE_BOUND('',#382,.T.);
#83=FACE_BOUND('',#383,.T.);
#84=FACE_BOUND('',#384,.T.);
#85=FACE_BOUND('',#385,.T.);
#86=FACE_BOUND('',#386,.T.);
#87=FACE_BOUND('',#387,.T.);
#88=FACE_BOUND('',#388,.T.);
#89=FACE_BOUND('',#389,.T.);
#90=FACE_BOUND('',#390,.T.);
#91=FACE_BOUND('',#391,.T.);
#92=FACE_BOUND('',#392,.T.);
#93=FACE_BOUND('',#394,.T.);
#94=FACE_BOUND('',#396,.T.);
#95=FACE_BOUND('',#398,.T.);
#96=FACE_BOUND('',#400,.T.);
#97=FACE_BOUND('',#402,.T.);
#98=FACE_BOUND('',#404,.T.);
#99=FACE_BOUND('',#406,.T.);
#100=FACE_BOUND('',#408,.T.);
#101=FACE_BOUND('',#410,.T.);
#102=FACE_BOUND('',#412,.T.);
#103=FACE_BOUND('',#414,.T.);
#104=FACE_BOUND('',#416,.T.);
#105=FACE_BOUND('',#418,.T.);
#106=FACE_BOUND('',#420,.T.);
#107=FACE_BOUND('',#422,.T.);
#108=FACE_BOUND('',#424,.T.);
#109=FACE_BOUND('',#426,.T.);
#110=FACE_BOUND('',#428,.T.);
#111=FACE_BOUND('',#430,.T.);
#112=FACE_BOUND('',#432,.T.);
#113=FACE_BOUND('',#434,.T.);
#114=FACE_BOUND('',#436,.T.);
#115=FACE_BOUND('',#438,.T.);
#116=FACE_BOUND('',#440,.T.);
#117=FACE_BOUND('',#442,.T.);
#118=FACE_BOUND('',#444,.T.);
#119=FACE_BOUND('',#446,.T.);
#120=FACE_BOUND('',#448,.T.);
#121=FACE_BOUND('',#450,.T.);
#122=FACE_BOUND('',#454,.T.);
#123=FACE_BOUND('',#456,.T.);
#124=FACE_BOUND('',#457,.T.);
#125=FACE_BOUND('',#458,.T.);
#126=FACE_BOUND('',#459,.T.);
#127=FACE_BOUND('',#460,.T.);
#128=FACE_BOUND('',#461,.T.);
#129=FACE_BOUND('',#462,.T.);
#130=FACE_BOUND('',#463,.T.);
#131=FACE_BOUND('',#464,.T.);
#132=FACE_BOUND('',#465,.T.);
#133=FACE_BOUND('',#466,.T.);
#134=FACE_BOUND('',#467,.T.);
#135=FACE_BOUND('',#468,.T.);
#136=FACE_BOUND('',#469,.T.);
#137=FACE_BOUND('',#470,.T.);
#138=FACE_BOUND('',#471,.T.);
#139=FACE_BOUND('',#472,.T.);
#140=FACE_BOUND('',#473,.T.);
#141=FACE_BOUND('',#474,.T.);
#142=PLANE('',#1848);
#143=PLANE('',#1852);
#144=PLANE('',#1853);
#145=PLANE('',#1866);
#146=PLANE('',#1870);
#147=PLANE('',#1874);
#148=PLANE('',#1878);
#149=PLANE('',#1882);
#150=PLANE('',#1886);
#151=PLANE('',#1905);
#152=PLANE('',#1907);
#153=PLANE('',#1909);
#154=PLANE('',#1910);
#155=PLANE('',#1912);
#156=PLANE('',#1913);
#157=PLANE('',#1915);
#158=PLANE('',#1916);
#159=PLANE('',#1917);
#160=PLANE('',#1918);
#161=PLANE('',#1920);
#162=PLANE('',#1921);
#163=PLANE('',#1923);
#164=PLANE('',#1924);
#165=PLANE('',#1928);
#166=PLANE('',#1932);
#167=PLANE('',#1936);
#168=PLANE('',#1940);
#169=PLANE('',#1941);
#170=PLANE('',#1942);
#171=PLANE('',#1945);
#172=PLANE('',#1954);
#173=PLANE('',#1967);
#174=PLANE('',#1968);
#175=PLANE('',#1970);
#176=PLANE('',#1975);
#177=PLANE('',#1976);
#178=PLANE('',#1980);
#179=PLANE('',#2057);
#180=PLANE('',#2058);
#181=PLANE('',#2061);
#182=FACE_OUTER_BOUND('',#279,.T.);
#183=FACE_OUTER_BOUND('',#280,.T.);
#184=FACE_OUTER_BOUND('',#281,.T.);
#185=FACE_OUTER_BOUND('',#282,.T.);
#186=FACE_OUTER_BOUND('',#283,.T.);
#187=FACE_OUTER_BOUND('',#284,.T.);
#188=FACE_OUTER_BOUND('',#285,.T.);
#189=FACE_OUTER_BOUND('',#286,.T.);
#190=FACE_OUTER_BOUND('',#287,.T.);
#191=FACE_OUTER_BOUND('',#288,.T.);
#192=FACE_OUTER_BOUND('',#289,.T.);
#193=FACE_OUTER_BOUND('',#290,.T.);
#194=FACE_OUTER_BOUND('',#291,.T.);
#195=FACE_OUTER_BOUND('',#292,.T.);
#196=FACE_OUTER_BOUND('',#293,.T.);
#197=FACE_OUTER_BOUND('',#294,.T.);
#198=FACE_OUTER_BOUND('',#295,.T.);
#199=FACE_OUTER_BOUND('',#296,.T.);
#200=FACE_OUTER_BOUND('',#297,.T.);
#201=FACE_OUTER_BOUND('',#298,.T.);
#202=FACE_OUTER_BOUND('',#299,.T.);
#203=FACE_OUTER_BOUND('',#301,.T.);
#204=FACE_OUTER_BOUND('',#303,.T.);
#205=FACE_OUTER_BOUND('',#304,.T.);
#206=FACE_OUTER_BOUND('',#305,.T.);
#207=FACE_OUTER_BOUND('',#306,.T.);
#208=FACE_OUTER_BOUND('',#307,.T.);
#209=FACE_OUTER_BOUND('',#308,.T.);
#210=FACE_OUTER_BOUND('',#309,.T.);
#211=FACE_OUTER_BOUND('',#310,.T.);
#212=FACE_OUTER_BOUND('',#311,.T.);
#213=FACE_OUTER_BOUND('',#312,.T.);
#214=FACE_OUTER_BOUND('',#313,.T.);
#215=FACE_OUTER_BOUND('',#314,.T.);
#216=FACE_OUTER_BOUND('',#315,.T.);
#217=FACE_OUTER_BOUND('',#316,.T.);
#218=FACE_OUTER_BOUND('',#317,.T.);
#219=FACE_OUTER_BOUND('',#318,.T.);
#220=FACE_OUTER_BOUND('',#319,.T.);
#221=FACE_OUTER_BOUND('',#320,.T.);
#222=FACE_OUTER_BOUND('',#321,.T.);
#223=FACE_OUTER_BOUND('',#322,.T.);
#224=FACE_OUTER_BOUND('',#323,.T.);
#225=FACE_OUTER_BOUND('',#324,.T.);
#226=FACE_OUTER_BOUND('',#325,.T.);
#227=FACE_OUTER_BOUND('',#326,.T.);
#228=FACE_OUTER_BOUND('',#327,.T.);
#229=FACE_OUTER_BOUND('',#328,.T.);
#230=FACE_OUTER_BOUND('',#329,.T.);
#231=FACE_OUTER_BOUND('',#330,.T.);
#232=FACE_OUTER_BOUND('',#332,.T.);
#233=FACE_OUTER_BOUND('',#333,.T.);
#234=FACE_OUTER_BOUND('',#334,.T.);
#235=FACE_OUTER_BOUND('',#336,.T.);
#236=FACE_OUTER_BOUND('',#338,.T.);
#237=FACE_OUTER_BOUND('',#340,.T.);
#238=FACE_OUTER_BOUND('',#342,.T.);
#239=FACE_OUTER_BOUND('',#347,.T.);
#240=FACE_OUTER_BOUND('',#348,.T.);
#241=FACE_OUTER_BOUND('',#353,.T.);
#242=FACE_OUTER_BOUND('',#355,.T.);
#243=FACE_OUTER_BOUND('',#363,.T.);
#244=FACE_OUTER_BOUND('',#371,.T.);
#245=FACE_OUTER_BOUND('',#373,.T.);
#246=FACE_OUTER_BOUND('',#393,.T.);
#247=FACE_OUTER_BOUND('',#395,.T.);
#248=FACE_OUTER_BOUND('',#397,.T.);
#249=FACE_OUTER_BOUND('',#399,.T.);
#250=FACE_OUTER_BOUND('',#401,.T.);
#251=FACE_OUTER_BOUND('',#403,.T.);
#252=FACE_OUTER_BOUND('',#405,.T.);
#253=FACE_OUTER_BOUND('',#407,.T.);
#254=FACE_OUTER_BOUND('',#409,.T.);
#255=FACE_OUTER_BOUND('',#411,.T.);
#256=FACE_OUTER_BOUND('',#413,.T.);
#257=FACE_OUTER_BOUND('',#415,.T.);
#258=FACE_OUTER_BOUND('',#417,.T.);
#259=FACE_OUTER_BOUND('',#419,.T.);
#260=FACE_OUTER_BOUND('',#421,.T.);
#261=FACE_OUTER_BOUND('',#423,.T.);
#262=FACE_OUTER_BOUND('',#425,.T.);
#263=FACE_OUTER_BOUND('',#427,.T.);
#264=FACE_OUTER_BOUND('',#429,.T.);
#265=FACE_OUTER_BOUND('',#431,.T.);
#266=FACE_OUTER_BOUND('',#433,.T.);
#267=FACE_OUTER_BOUND('',#435,.T.);
#268=FACE_OUTER_BOUND('',#437,.T.);
#269=FACE_OUTER_BOUND('',#439,.T.);
#270=FACE_OUTER_BOUND('',#441,.T.);
#271=FACE_OUTER_BOUND('',#443,.T.);
#272=FACE_OUTER_BOUND('',#445,.T.);
#273=FACE_OUTER_BOUND('',#447,.T.);
#274=FACE_OUTER_BOUND('',#449,.T.);
#275=FACE_OUTER_BOUND('',#451,.T.);
#276=FACE_OUTER_BOUND('',#452,.T.);
#277=FACE_OUTER_BOUND('',#453,.T.);
#278=FACE_OUTER_BOUND('',#455,.T.);
#279=EDGE_LOOP('',(#1221,#1222,#1223,#1224));
#280=EDGE_LOOP('',(#1225,#1226,#1227,#1228));
#281=EDGE_LOOP('',(#1229,#1230,#1231,#1232));
#282=EDGE_LOOP('',(#1233,#1234,#1235,#1236));
#283=EDGE_LOOP('',(#1237,#1238,#1239,#1240));
#284=EDGE_LOOP('',(#1241,#1242,#1243,#1244));
#285=EDGE_LOOP('',(#1245,#1246,#1247,#1248));
#286=EDGE_LOOP('',(#1249,#1250,#1251,#1252));
#287=EDGE_LOOP('',(#1253,#1254,#1255,#1256));
#288=EDGE_LOOP('',(#1257,#1258,#1259,#1260));
#289=EDGE_LOOP('',(#1261,#1262,#1263,#1264));
#290=EDGE_LOOP('',(#1265,#1266,#1267,#1268));
#291=EDGE_LOOP('',(#1269,#1270,#1271,#1272));
#292=EDGE_LOOP('',(#1273,#1274,#1275,#1276));
#293=EDGE_LOOP('',(#1277,#1278,#1279,#1280));
#294=EDGE_LOOP('',(#1281,#1282,#1283,#1284));
#295=EDGE_LOOP('',(#1285,#1286,#1287,#1288));
#296=EDGE_LOOP('',(#1289,#1290,#1291,#1292));
#297=EDGE_LOOP('',(#1293,#1294,#1295,#1296));
#298=EDGE_LOOP('',(#1297,#1298,#1299,#1300));
#299=EDGE_LOOP('',(#1301,#1302,#1303,#1304));
#300=EDGE_LOOP('',(#1305,#1306,#1307,#1308,#1309,#1310,#1311,#1312,#1313,
#1314,#1315,#1316));
#301=EDGE_LOOP('',(#1317,#1318,#1319,#1320));
#302=EDGE_LOOP('',(#1321,#1322,#1323,#1324,#1325,#1326,#1327,#1328,#1329,
#1330,#1331,#1332));
#303=EDGE_LOOP('',(#1333,#1334,#1335,#1336));
#304=EDGE_LOOP('',(#1337,#1338,#1339,#1340));
#305=EDGE_LOOP('',(#1341,#1342,#1343,#1344));
#306=EDGE_LOOP('',(#1345,#1346,#1347,#1348));
#307=EDGE_LOOP('',(#1349,#1350,#1351,#1352));
#308=EDGE_LOOP('',(#1353,#1354,#1355,#1356));
#309=EDGE_LOOP('',(#1357,#1358,#1359,#1360));
#310=EDGE_LOOP('',(#1361,#1362,#1363,#1364));
#311=EDGE_LOOP('',(#1365,#1366,#1367,#1368));
#312=EDGE_LOOP('',(#1369,#1370,#1371,#1372));
#313=EDGE_LOOP('',(#1373,#1374,#1375,#1376));
#314=EDGE_LOOP('',(#1377,#1378,#1379,#1380));
#315=EDGE_LOOP('',(#1381,#1382,#1383,#1384));
#316=EDGE_LOOP('',(#1385,#1386,#1387,#1388));
#317=EDGE_LOOP('',(#1389,#1390,#1391,#1392));
#318=EDGE_LOOP('',(#1393,#1394,#1395,#1396));
#319=EDGE_LOOP('',(#1397,#1398,#1399,#1400));
#320=EDGE_LOOP('',(#1401,#1402,#1403,#1404));
#321=EDGE_LOOP('',(#1405,#1406,#1407,#1408));
#322=EDGE_LOOP('',(#1409,#1410,#1411,#1412));
#323=EDGE_LOOP('',(#1413,#1414,#1415,#1416));
#324=EDGE_LOOP('',(#1417,#1418,#1419,#1420));
#325=EDGE_LOOP('',(#1421,#1422,#1423,#1424,#1425,#1426,#1427,#1428));
#326=EDGE_LOOP('',(#1429,#1430,#1431,#1432,#1433,#1434,#1435,#1436,#1437,
#1438,#1439,#1440,#1441,#1442,#1443,#1444));
#327=EDGE_LOOP('',(#1445,#1446,#1447,#1448));
#328=EDGE_LOOP('',(#1449,#1450,#1451,#1452));
#329=EDGE_LOOP('',(#1453,#1454,#1455,#1456));
#330=EDGE_LOOP('',(#1457,#1458,#1459,#1460,#1461,#1462,#1463,#1464,#1465,
#1466,#1467,#1468));
#331=EDGE_LOOP('',(#1469));
#332=EDGE_LOOP('',(#1470,#1471,#1472,#1473));
#333=EDGE_LOOP('',(#1474,#1475));
#334=EDGE_LOOP('',(#1476));
#335=EDGE_LOOP('',(#1477));
#336=EDGE_LOOP('',(#1478));
#337=EDGE_LOOP('',(#1479));
#338=EDGE_LOOP('',(#1480));
#339=EDGE_LOOP('',(#1481));
#340=EDGE_LOOP('',(#1482));
#341=EDGE_LOOP('',(#1483));
#342=EDGE_LOOP('',(#1484,#1485));
#343=EDGE_LOOP('',(#1486));
#344=EDGE_LOOP('',(#1487));
#345=EDGE_LOOP('',(#1488));
#346=EDGE_LOOP('',(#1489));
#347=EDGE_LOOP('',(#1490,#1491,#1492,#1493));
#348=EDGE_LOOP('',(#1494,#1495));
#349=EDGE_LOOP('',(#1496));
#350=EDGE_LOOP('',(#1497));
#351=EDGE_LOOP('',(#1498));
#352=EDGE_LOOP('',(#1499));
#353=EDGE_LOOP('',(#1500));
#354=EDGE_LOOP('',(#1501,#1502,#1503,#1504,#1505,#1506,#1507,#1508,#1509,
#1510));
#355=EDGE_LOOP('',(#1511,#1512,#1513,#1514,#1515,#1516,#1517,#1518,#1519,
#1520,#1521,#1522,#1523,#1524));
#356=EDGE_LOOP('',(#1525,#1526,#1527,#1528));
#357=EDGE_LOOP('',(#1529,#1530));
#358=EDGE_LOOP('',(#1531,#1532,#1533,#1534,#1535,#1536));
#359=EDGE_LOOP('',(#1537,#1538,#1539,#1540));
#360=EDGE_LOOP('',(#1541,#1542,#1543,#1544));
#361=EDGE_LOOP('',(#1545,#1546,#1547,#1548));
#362=EDGE_LOOP('',(#1549,#1550,#1551,#1552));
#363=EDGE_LOOP('',(#1553,#1554,#1555,#1556,#1557,#1558,#1559,#1560,#1561,
#1562));
#364=EDGE_LOOP('',(#1563,#1564,#1565,#1566));
#365=EDGE_LOOP('',(#1567,#1568));
#366=EDGE_LOOP('',(#1569,#1570,#1571,#1572,#1573,#1574));
#367=EDGE_LOOP('',(#1575,#1576,#1577,#1578));
#368=EDGE_LOOP('',(#1579,#1580,#1581,#1582));
#369=EDGE_LOOP('',(#1583,#1584,#1585,#1586));
#370=EDGE_LOOP('',(#1587,#1588,#1589,#1590));
#371=EDGE_LOOP('',(#1591));
#372=EDGE_LOOP('',(#1592));
#373=EDGE_LOOP('',(#1593));
#374=EDGE_LOOP('',(#1594));
#375=EDGE_LOOP('',(#1595));
#376=EDGE_LOOP('',(#1596));
#377=EDGE_LOOP('',(#1597));
#378=EDGE_LOOP('',(#1598));
#379=EDGE_LOOP('',(#1599));
#380=EDGE_LOOP('',(#1600));
#381=EDGE_LOOP('',(#1601));
#382=EDGE_LOOP('',(#1602));
#383=EDGE_LOOP('',(#1603));
#384=EDGE_LOOP('',(#1604));
#385=EDGE_LOOP('',(#1605));
#386=EDGE_LOOP('',(#1606));
#387=EDGE_LOOP('',(#1607));
#388=EDGE_LOOP('',(#1608));
#389=EDGE_LOOP('',(#1609));
#390=EDGE_LOOP('',(#1610));
#391=EDGE_LOOP('',(#1611));
#392=EDGE_LOOP('',(#1612));
#393=EDGE_LOOP('',(#1613));
#394=EDGE_LOOP('',(#1614));
#395=EDGE_LOOP('',(#1615));
#396=EDGE_LOOP('',(#1616));
#397=EDGE_LOOP('',(#1617));
#398=EDGE_LOOP('',(#1618));
#399=EDGE_LOOP('',(#1619));
#400=EDGE_LOOP('',(#1620));
#401=EDGE_LOOP('',(#1621));
#402=EDGE_LOOP('',(#1622));
#403=EDGE_LOOP('',(#1623));
#404=EDGE_LOOP('',(#1624));
#405=EDGE_LOOP('',(#1625));
#406=EDGE_LOOP('',(#1626));
#407=EDGE_LOOP('',(#1627));
#408=EDGE_LOOP('',(#1628));
#409=EDGE_LOOP('',(#1629));
#410=EDGE_LOOP('',(#1630));
#411=EDGE_LOOP('',(#1631));
#412=EDGE_LOOP('',(#1632));
#413=EDGE_LOOP('',(#1633));
#414=EDGE_LOOP('',(#1634));
#415=EDGE_LOOP('',(#1635));
#416=EDGE_LOOP('',(#1636));
#417=EDGE_LOOP('',(#1637));
#418=EDGE_LOOP('',(#1638));
#419=EDGE_LOOP('',(#1639));
#420=EDGE_LOOP('',(#1640));
#421=EDGE_LOOP('',(#1641));
#422=EDGE_LOOP('',(#1642));
#423=EDGE_LOOP('',(#1643));
#424=EDGE_LOOP('',(#1644));
#425=EDGE_LOOP('',(#1645));
#426=EDGE_LOOP('',(#1646));
#427=EDGE_LOOP('',(#1647));
#428=EDGE_LOOP('',(#1648));
#429=EDGE_LOOP('',(#1649));
#430=EDGE_LOOP('',(#1650));
#431=EDGE_LOOP('',(#1651));
#432=EDGE_LOOP('',(#1652));
#433=EDGE_LOOP('',(#1653));
#434=EDGE_LOOP('',(#1654));
#435=EDGE_LOOP('',(#1655));
#436=EDGE_LOOP('',(#1656));
#437=EDGE_LOOP('',(#1657));
#438=EDGE_LOOP('',(#1658));
#439=EDGE_LOOP('',(#1659));
#440=EDGE_LOOP('',(#1660));
#441=EDGE_LOOP('',(#1661));
#442=EDGE_LOOP('',(#1662));
#443=EDGE_LOOP('',(#1663));
#444=EDGE_LOOP('',(#1664));
#445=EDGE_LOOP('',(#1665));
#446=EDGE_LOOP('',(#1666));
#447=EDGE_LOOP('',(#1667));
#448=EDGE_LOOP('',(#1668));
#449=EDGE_LOOP('',(#1669));
#450=EDGE_LOOP('',(#1670));
#451=EDGE_LOOP('',(#1671,#1672));
#452=EDGE_LOOP('',(#1673,#1674));
#453=EDGE_LOOP('',(#1675));
#454=EDGE_LOOP('',(#1676));
#455=EDGE_LOOP('',(#1677));
#456=EDGE_LOOP('',(#1678));
#457=EDGE_LOOP('',(#1679));
#458=EDGE_LOOP('',(#1680));
#459=EDGE_LOOP('',(#1681));
#460=EDGE_LOOP('',(#1682));
#461=EDGE_LOOP('',(#1683));
#462=EDGE_LOOP('',(#1684));
#463=EDGE_LOOP('',(#1685));
#464=EDGE_LOOP('',(#1686));
#465=EDGE_LOOP('',(#1687));
#466=EDGE_LOOP('',(#1688));
#467=EDGE_LOOP('',(#1689));
#468=EDGE_LOOP('',(#1690));
#469=EDGE_LOOP('',(#1691));
#470=EDGE_LOOP('',(#1692));
#471=EDGE_LOOP('',(#1693));
#472=EDGE_LOOP('',(#1694));
#473=EDGE_LOOP('',(#1695));
#474=EDGE_LOOP('',(#1696));
#475=LINE('',#2608,#579);
#476=LINE('',#2611,#580);
#477=LINE('',#2614,#581);
#478=LINE('',#2616,#582);
#479=LINE('',#2617,#583);
#480=LINE('',#2622,#584);
#481=LINE('',#2625,#585);
#482=LINE('',#2626,#586);
#483=LINE('',#2630,#587);
#484=LINE('',#2632,#588);
#485=LINE('',#2634,#589);
#486=LINE('',#2635,#590);
#487=LINE('',#2644,#591);
#488=LINE('',#2647,#592);
#489=LINE('',#2652,#593);
#490=LINE('',#2658,#594);
#491=LINE('',#2662,#595);
#492=LINE('',#2664,#596);
#493=LINE('',#2665,#597);
#494=LINE('',#2670,#598);
#495=LINE('',#2673,#599);
#496=LINE('',#2674,#600);
#497=LINE('',#2680,#601);
#498=LINE('',#2683,#602);
#499=LINE('',#2686,#603);
#500=LINE('',#2688,#604);
#501=LINE('',#2689,#605);
#502=LINE('',#2694,#606);
#503=LINE('',#2697,#607);
#504=LINE('',#2698,#608);
#505=LINE('',#2704,#609);
#506=LINE('',#2707,#610);
#507=LINE('',#2710,#611);
#508=LINE('',#2712,#612);
#509=LINE('',#2713,#613);
#510=LINE('',#2718,#614);
#511=LINE('',#2721,#615);
#512=LINE('',#2722,#616);
#513=LINE('',#2726,#617);
#514=LINE('',#2730,#618);
#515=LINE('',#2736,#619);
#516=LINE('',#2740,#620);
#517=LINE('',#2744,#621);
#518=LINE('',#2748,#622);
#519=LINE('',#2752,#623);
#520=LINE('',#2755,#624);
#521=LINE('',#2759,#625);
#522=LINE('',#2763,#626);
#523=LINE('',#2769,#627);
#524=LINE('',#2773,#628);
#525=LINE('',#2777,#629);
#526=LINE('',#2781,#630);
#527=LINE('',#2785,#631);
#528=LINE('',#2788,#632);
#529=LINE('',#2791,#633);
#530=LINE('',#2794,#634);
#531=LINE('',#2797,#635);
#532=LINE('',#2800,#636);
#533=LINE('',#2802,#637);
#534=LINE('',#2803,#638);
#535=LINE('',#2806,#639);
#536=LINE('',#2809,#640);
#537=LINE('',#2811,#641);
#538=LINE('',#2812,#642);
#539=LINE('',#2815,#643);
#540=LINE('',#2818,#644);
#541=LINE('',#2821,#645);
#542=LINE('',#2822,#646);
#543=LINE('',#2824,#647);
#544=LINE('',#2827,#648);
#545=LINE('',#2828,#649);
#546=LINE('',#2831,#650);
#547=LINE('',#2834,#651);
#548=LINE('',#2836,#652);
#549=LINE('',#2837,#653);
#550=LINE('',#2840,#654);
#551=LINE('',#2843,#655);
#552=LINE('',#2850,#656);
#553=LINE('',#2853,#657);
#554=LINE('',#2856,#658);
#555=LINE('',#2858,#659);
#556=LINE('',#2859,#660);
#557=LINE('',#2864,#661);
#558=LINE('',#2867,#662);
#559=LINE('',#2868,#663);
#560=LINE('',#2874,#664);
#561=LINE('',#2877,#665);
#562=LINE('',#2880,#666);
#563=LINE('',#2882,#667);
#564=LINE('',#2883,#668);
#565=LINE('',#2888,#669);
#566=LINE('',#2891,#670);
#567=LINE('',#2892,#671);
#568=LINE('',#2899,#672);
#569=LINE('',#2905,#673);
#570=LINE('',#2906,#674);
#571=LINE('',#2907,#675);
#572=LINE('',#2913,#676);
#573=LINE('',#2918,#677);
#574=LINE('',#2955,#678);
#575=LINE('',#2958,#679);
#576=LINE('',#2960,#680);
#577=LINE('',#2985,#681);
#578=LINE('',#3010,#682);
#579=VECTOR('',#2068,10.);
#580=VECTOR('',#2071,10.);
#581=VECTOR('',#2074,10.);
#582=VECTOR('',#2075,10.);
#583=VECTOR('',#2076,10.);
#584=VECTOR('',#2081,10.);
#585=VECTOR('',#2086,10.);
#586=VECTOR('',#2087,10.);
#587=VECTOR('',#2090,10.);
#588=VECTOR('',#2091,10.);
#589=VECTOR('',#2092,10.);
#590=VECTOR('',#2093,10.);
#591=VECTOR('',#2104,10.);
#592=VECTOR('',#2107,10.);
#593=VECTOR('',#2112,10.);
#594=VECTOR('',#2119,10.);
#595=VECTOR('',#2124,10.);
#596=VECTOR('',#2125,10.);
#597=VECTOR('',#2126,10.);
#598=VECTOR('',#2131,10.);
#599=VECTOR('',#2136,10.);
#600=VECTOR('',#2137,10.);
#601=VECTOR('',#2142,10.);
#602=VECTOR('',#2145,10.);
#603=VECTOR('',#2148,10.);
#604=VECTOR('',#2149,10.);
#605=VECTOR('',#2150,10.);
#606=VECTOR('',#2155,10.);
#607=VECTOR('',#2160,10.);
#608=VECTOR('',#2161,10.);
#609=VECTOR('',#2166,10.);
#610=VECTOR('',#2169,10.);
#611=VECTOR('',#2172,10.);
#612=VECTOR('',#2173,10.);
#613=VECTOR('',#2174,10.);
#614=VECTOR('',#2179,10.);
#615=VECTOR('',#2184,10.);
#616=VECTOR('',#2185,10.);
#617=VECTOR('',#2188,10.);
#618=VECTOR('',#2191,10.);
#619=VECTOR('',#2196,10.);
#620=VECTOR('',#2199,10.);
#621=VECTOR('',#2202,10.);
#622=VECTOR('',#2205,10.);
#623=VECTOR('',#2208,10.);
#624=VECTOR('',#2211,10.);
#625=VECTOR('',#2214,10.);
#626=VECTOR('',#2217,10.);
#627=VECTOR('',#2222,10.);
#628=VECTOR('',#2225,10.);
#629=VECTOR('',#2228,10.);
#630=VECTOR('',#2231,10.);
#631=VECTOR('',#2234,10.);
#632=VECTOR('',#2237,10.);
#633=VECTOR('',#2240,10.);
#634=VECTOR('',#2243,10.);
#635=VECTOR('',#2246,10.);
#636=VECTOR('',#2249,10.);
#637=VECTOR('',#2252,10.);
#638=VECTOR('',#2253,10.);
#639=VECTOR('',#2256,10.);
#640=VECTOR('',#2259,10.);
#641=VECTOR('',#2262,10.);
#642=VECTOR('',#2263,10.);
#643=VECTOR('',#2266,10.);
#644=VECTOR('',#2269,10.);
#645=VECTOR('',#2272,10.);
#646=VECTOR('',#2273,10.);
#647=VECTOR('',#2276,10.);
#648=VECTOR('',#2279,10.);
#649=VECTOR('',#2280,10.);
#650=VECTOR('',#2283,10.);
#651=VECTOR('',#2286,10.);
#652=VECTOR('',#2289,10.);
#653=VECTOR('',#2290,10.);
#654=VECTOR('',#2293,10.);
#655=VECTOR('',#2298,10.);
#656=VECTOR('',#2305,10.);
#657=VECTOR('',#2308,10.);
#658=VECTOR('',#2311,10.);
#659=VECTOR('',#2312,10.);
#660=VECTOR('',#2313,10.);
#661=VECTOR('',#2318,10.);
#662=VECTOR('',#2323,10.);
#663=VECTOR('',#2324,10.);
#664=VECTOR('',#2329,10.);
#665=VECTOR('',#2332,10.);
#666=VECTOR('',#2335,10.);
#667=VECTOR('',#2336,10.);
#668=VECTOR('',#2337,10.);
#669=VECTOR('',#2342,10.);
#670=VECTOR('',#2347,10.);
#671=VECTOR('',#2348,10.);
#672=VECTOR('',#2351,10.);
#673=VECTOR('',#2354,10.);
#674=VECTOR('',#2355,10.);
#675=VECTOR('',#2356,10.);
#676=VECTOR('',#2357,10.);
#677=VECTOR('',#2358,10.);
#678=VECTOR('',#2379,10.);
#679=VECTOR('',#2382,10.);
#680=VECTOR('',#2385,10.);
#681=VECTOR('',#2416,10.);
#682=VECTOR('',#2431,10.);
#683=CIRCLE('',#1846,8.5);
#684=CIRCLE('',#1847,8.5);
#685=CIRCLE('',#1850,8.5);
#686=CIRCLE('',#1851,8.5);
#687=CIRCLE('',#1855,10.3999999999999);
#688=CIRCLE('',#1856,10.3999999999999);
#689=CIRCLE('',#1858,9.);
#690=CIRCLE('',#1859,9.);
#691=CIRCLE('',#1861,1.);
#692=CIRCLE('',#1862,1.);
#693=CIRCLE('',#1864,9.);
#694=CIRCLE('',#1865,9.);
#695=CIRCLE('',#1868,9.);
#696=CIRCLE('',#1869,9.);
#697=CIRCLE('',#1872,8.5);
#698=CIRCLE('',#1873,8.5);
#699=CIRCLE('',#1876,8.5);
#700=CIRCLE('',#1877,8.5);
#701=CIRCLE('',#1880,10.3999999999999);
#702=CIRCLE('',#1881,10.3999999999999);
#703=CIRCLE('',#1884,10.3999999999999);
#704=CIRCLE('',#1885,10.3999999999999);
#705=CIRCLE('',#1888,5.);
#706=CIRCLE('',#1889,5.);
#707=CIRCLE('',#1890,5.);
#708=CIRCLE('',#1891,5.);
#709=CIRCLE('',#1892,5.);
#710=CIRCLE('',#1893,5.);
#711=CIRCLE('',#1894,5.);
#712=CIRCLE('',#1895,5.);
#713=CIRCLE('',#1897,5.);
#714=CIRCLE('',#1898,5.);
#715=CIRCLE('',#1899,5.);
#716=CIRCLE('',#1900,5.);
#717=CIRCLE('',#1901,5.);
#718=CIRCLE('',#1902,5.);
#719=CIRCLE('',#1903,5.);
#720=CIRCLE('',#1904,5.);
#721=CIRCLE('',#1906,88.3137834388867);
#722=CIRCLE('',#1908,88.3137834388867);
#723=CIRCLE('',#1911,88.4642185217097);
#724=CIRCLE('',#1914,88.4642185217097);
#725=CIRCLE('',#1919,89.5585365853658);
#726=CIRCLE('',#1922,88.4642185217097);
#727=CIRCLE('',#1926,6.5);
#728=CIRCLE('',#1927,6.5);
#729=CIRCLE('',#1930,6.5);
#730=CIRCLE('',#1931,6.5);
#731=CIRCLE('',#1934,8.5);
#732=CIRCLE('',#1935,8.5);
#733=CIRCLE('',#1938,8.5);
#734=CIRCLE('',#1939,8.5);
#735=CIRCLE('',#1944,88.4642185217097);
#736=CIRCLE('',#1948,70.3040273413257);
#737=CIRCLE('',#1949,90.2162224632771);
#738=CIRCLE('',#1950,96.3040273413263);
#739=CIRCLE('',#1952,70.4121377817379);
#740=CIRCLE('',#1953,70.4121377817379);
#741=CIRCLE('',#1956,1.7);
#742=CIRCLE('',#1957,1.7);
#743=CIRCLE('',#1959,1.7);
#744=CIRCLE('',#1960,1.7);
#745=CIRCLE('',#1962,1.7);
#746=CIRCLE('',#1963,1.7);
#747=CIRCLE('',#1965,1.7);
#748=CIRCLE('',#1966,1.7);
#749=CIRCLE('',#1969,89.5585365853658);
#750=CIRCLE('',#1971,92.7292682926829);
#751=CIRCLE('',#1973,98.5);
#752=CIRCLE('',#1974,72.4999999999999);
#753=CIRCLE('',#1978,1.6);
#754=CIRCLE('',#1979,3.);
#755=CIRCLE('',#1981,114.25);
#756=CIRCLE('',#1982,3.);
#757=CIRCLE('',#1983,3.00000000000001);
#758=CIRCLE('',#1984,3.);
#759=CIRCLE('',#1985,3.00000000000001);
#760=CIRCLE('',#1986,3.);
#761=CIRCLE('',#1987,3.00000000000001);
#762=CIRCLE('',#1988,2.125);
#763=CIRCLE('',#1989,2.125);
#764=CIRCLE('',#1990,2.125);
#765=CIRCLE('',#1991,2.125);
#766=CIRCLE('',#1992,2.125);
#767=CIRCLE('',#1993,2.125);
#768=CIRCLE('',#1994,3.);
#769=CIRCLE('',#1995,3.00000000000001);
#770=CIRCLE('',#1996,3.);
#771=CIRCLE('',#1997,3.);
#772=CIRCLE('',#1998,3.00000000000001);
#773=CIRCLE('',#2000,1.6);
#774=CIRCLE('',#2002,1.59999999999999);
#775=CIRCLE('',#2004,1.59999999999999);
#776=CIRCLE('',#2006,1.6);
#777=CIRCLE('',#2008,1.6);
#778=CIRCLE('',#2010,1.6);
#779=CIRCLE('',#2012,1.6);
#780=CIRCLE('',#2014,1.6);
#781=CIRCLE('',#2016,1.6);
#782=CIRCLE('',#2018,1.6);
#783=CIRCLE('',#2020,1.6);
#784=CIRCLE('',#2022,1.6);
#785=CIRCLE('',#2024,1.6);
#786=CIRCLE('',#2026,1.6);
#787=CIRCLE('',#2028,1.6);
#788=CIRCLE('',#2030,1.6);
#789=CIRCLE('',#2032,1.6);
#790=CIRCLE('',#2034,1.6);
#791=CIRCLE('',#2036,1.6);
#792=CIRCLE('',#2038,1.6);
#793=CIRCLE('',#2040,1.6);
#794=CIRCLE('',#2042,1.6);
#795=CIRCLE('',#2044,1.6);
#796=CIRCLE('',#2046,2.125);
#797=CIRCLE('',#2048,2.125);
#798=CIRCLE('',#2050,2.125);
#799=CIRCLE('',#2052,2.125);
#800=CIRCLE('',#2054,2.125);
#801=CIRCLE('',#2056,2.125);
#802=CIRCLE('',#2060,114.25);
#803=VERTEX_POINT('',#2604);
#804=VERTEX_POINT('',#2605);
#805=VERTEX_POINT('',#2607);
#806=VERTEX_POINT('',#2609);
#807=VERTEX_POINT('',#2613);
#808=VERTEX_POINT('',#2615);
#809=VERTEX_POINT('',#2619);
#810=VERTEX_POINT('',#2621);
#811=VERTEX_POINT('',#2628);
#812=VERTEX_POINT('',#2629);
#813=VERTEX_POINT('',#2631);
#814=VERTEX_POINT('',#2633);
#815=VERTEX_POINT('',#2640);
#816=VERTEX_POINT('',#2641);
#817=VERTEX_POINT('',#2643);
#818=VERTEX_POINT('',#2645);
#819=VERTEX_POINT('',#2649);
#820=VERTEX_POINT('',#2651);
#821=VERTEX_POINT('',#2655);
#822=VERTEX_POINT('',#2657);
#823=VERTEX_POINT('',#2661);
#824=VERTEX_POINT('',#2663);
#825=VERTEX_POINT('',#2667);
#826=VERTEX_POINT('',#2669);
#827=VERTEX_POINT('',#2676);
#828=VERTEX_POINT('',#2677);
#829=VERTEX_POINT('',#2679);
#830=VERTEX_POINT('',#2681);
#831=VERTEX_POINT('',#2685);
#832=VERTEX_POINT('',#2687);
#833=VERTEX_POINT('',#2691);
#834=VERTEX_POINT('',#2693);
#835=VERTEX_POINT('',#2700);
#836=VERTEX_POINT('',#2701);
#837=VERTEX_POINT('',#2703);
#838=VERTEX_POINT('',#2705);
#839=VERTEX_POINT('',#2709);
#840=VERTEX_POINT('',#2711);
#841=VERTEX_POINT('',#2715);
#842=VERTEX_POINT('',#2717);
#843=VERTEX_POINT('',#2724);
#844=VERTEX_POINT('',#2725);
#845=VERTEX_POINT('',#2727);
#846=VERTEX_POINT('',#2729);
#847=VERTEX_POINT('',#2732);
#848=VERTEX_POINT('',#2733);
#849=VERTEX_POINT('',#2735);
#850=VERTEX_POINT('',#2737);
#851=VERTEX_POINT('',#2739);
#852=VERTEX_POINT('',#2741);
#853=VERTEX_POINT('',#2743);
#854=VERTEX_POINT('',#2745);
#855=VERTEX_POINT('',#2747);
#856=VERTEX_POINT('',#2749);
#857=VERTEX_POINT('',#2751);
#858=VERTEX_POINT('',#2753);
#859=VERTEX_POINT('',#2757);
#860=VERTEX_POINT('',#2758);
#861=VERTEX_POINT('',#2760);
#862=VERTEX_POINT('',#2762);
#863=VERTEX_POINT('',#2765);
#864=VERTEX_POINT('',#2766);
#865=VERTEX_POINT('',#2768);
#866=VERTEX_POINT('',#2770);
#867=VERTEX_POINT('',#2772);
#868=VERTEX_POINT('',#2774);
#869=VERTEX_POINT('',#2776);
#870=VERTEX_POINT('',#2778);
#871=VERTEX_POINT('',#2780);
#872=VERTEX_POINT('',#2782);
#873=VERTEX_POINT('',#2784);
#874=VERTEX_POINT('',#2786);
#875=VERTEX_POINT('',#2790);
#876=VERTEX_POINT('',#2792);
#877=VERTEX_POINT('',#2796);
#878=VERTEX_POINT('',#2798);
#879=VERTEX_POINT('',#2805);
#880=VERTEX_POINT('',#2807);
#881=VERTEX_POINT('',#2814);
#882=VERTEX_POINT('',#2816);
#883=VERTEX_POINT('',#2820);
#884=VERTEX_POINT('',#2826);
#885=VERTEX_POINT('',#2830);
#886=VERTEX_POINT('',#2832);
#887=VERTEX_POINT('',#2839);
#888=VERTEX_POINT('',#2846);
#889=VERTEX_POINT('',#2847);
#890=VERTEX_POINT('',#2849);
#891=VERTEX_POINT('',#2851);
#892=VERTEX_POINT('',#2855);
#893=VERTEX_POINT('',#2857);
#894=VERTEX_POINT('',#2861);
#895=VERTEX_POINT('',#2863);
#896=VERTEX_POINT('',#2870);
#897=VERTEX_POINT('',#2871);
#898=VERTEX_POINT('',#2873);
#899=VERTEX_POINT('',#2875);
#900=VERTEX_POINT('',#2879);
#901=VERTEX_POINT('',#2881);
#902=VERTEX_POINT('',#2885);
#903=VERTEX_POINT('',#2887);
#904=VERTEX_POINT('',#2894);
#905=VERTEX_POINT('',#2898);
#906=VERTEX_POINT('',#2904);
#907=VERTEX_POINT('',#2908);
#908=VERTEX_POINT('',#2912);
#909=VERTEX_POINT('',#2914);
#910=VERTEX_POINT('',#2924);
#911=VERTEX_POINT('',#2928);
#912=VERTEX_POINT('',#2932);
#913=VERTEX_POINT('',#2936);
#914=VERTEX_POINT('',#2938);
#915=VERTEX_POINT('',#2942);
#916=VERTEX_POINT('',#2950);
#917=VERTEX_POINT('',#2954);
#918=VERTEX_POINT('',#2956);
#919=VERTEX_POINT('',#2962);
#920=VERTEX_POINT('',#2964);
#921=VERTEX_POINT('',#2967);
#922=VERTEX_POINT('',#2969);
#923=VERTEX_POINT('',#2972);
#924=VERTEX_POINT('',#2974);
#925=VERTEX_POINT('',#2977);
#926=VERTEX_POINT('',#2979);
#927=VERTEX_POINT('',#2983);
#928=VERTEX_POINT('',#2989);
#929=VERTEX_POINT('',#2991);
#930=VERTEX_POINT('',#2995);
#931=VERTEX_POINT('',#2999);
#932=VERTEX_POINT('',#3001);
#933=VERTEX_POINT('',#3012);
#934=VERTEX_POINT('',#3014);
#935=VERTEX_POINT('',#3017);
#936=VERTEX_POINT('',#3019);
#937=VERTEX_POINT('',#3021);
#938=VERTEX_POINT('',#3023);
#939=VERTEX_POINT('',#3025);
#940=VERTEX_POINT('',#3027);
#941=VERTEX_POINT('',#3029);
#942=VERTEX_POINT('',#3031);
#943=VERTEX_POINT('',#3033);
#944=VERTEX_POINT('',#3035);
#945=VERTEX_POINT('',#3037);
#946=VERTEX_POINT('',#3039);
#947=VERTEX_POINT('',#3041);
#948=VERTEX_POINT('',#3043);
#949=VERTEX_POINT('',#3045);
#950=VERTEX_POINT('',#3047);
#951=VERTEX_POINT('',#3049);
#952=VERTEX_POINT('',#3051);
#953=VERTEX_POINT('',#3054);
#954=VERTEX_POINT('',#3057);
#955=VERTEX_POINT('',#3060);
#956=VERTEX_POINT('',#3063);
#957=VERTEX_POINT('',#3066);
#958=VERTEX_POINT('',#3069);
#959=VERTEX_POINT('',#3072);
#960=VERTEX_POINT('',#3075);
#961=VERTEX_POINT('',#3078);
#962=VERTEX_POINT('',#3081);
#963=VERTEX_POINT('',#3084);
#964=VERTEX_POINT('',#3087);
#965=VERTEX_POINT('',#3090);
#966=VERTEX_POINT('',#3093);
#967=VERTEX_POINT('',#3096);
#968=VERTEX_POINT('',#3099);
#969=VERTEX_POINT('',#3102);
#970=VERTEX_POINT('',#3105);
#971=VERTEX_POINT('',#3108);
#972=VERTEX_POINT('',#3111);
#973=VERTEX_POINT('',#3114);
#974=VERTEX_POINT('',#3117);
#975=VERTEX_POINT('',#3120);
#976=VERTEX_POINT('',#3123);
#977=VERTEX_POINT('',#3126);
#978=VERTEX_POINT('',#3129);
#979=VERTEX_POINT('',#3132);
#980=VERTEX_POINT('',#3135);
#981=VERTEX_POINT('',#3138);
#982=VERTEX_POINT('',#3143);
#983=EDGE_CURVE('',#803,#804,#683,.T.);
#984=EDGE_CURVE('',#803,#805,#475,.T.);
#985=EDGE_CURVE('',#806,#805,#684,.T.);
#986=EDGE_CURVE('',#804,#806,#476,.T.);
#987=EDGE_CURVE('',#807,#803,#477,.T.);
#988=EDGE_CURVE('',#807,#808,#478,.T.);
#989=EDGE_CURVE('',#805,#808,#479,.T.);
#990=EDGE_CURVE('',#809,#807,#685,.T.);
#991=EDGE_CURVE('',#809,#810,#480,.T.);
#992=EDGE_CURVE('',#808,#810,#686,.T.);
#993=EDGE_CURVE('',#804,#809,#481,.T.);
#994=EDGE_CURVE('',#810,#806,#482,.T.);
#995=EDGE_CURVE('',#811,#812,#483,.T.);
#996=EDGE_CURVE('',#811,#813,#484,.T.);
#997=EDGE_CURVE('',#814,#813,#485,.T.);
#998=EDGE_CURVE('',#812,#814,#486,.T.);
#999=EDGE_CURVE('',#812,#811,#687,.T.);
#1000=EDGE_CURVE('',#813,#814,#688,.T.);
#1001=EDGE_CURVE('',#815,#816,#689,.T.);
#1002=EDGE_CURVE('',#815,#817,#487,.T.);
#1003=EDGE_CURVE('',#818,#817,#690,.T.);
#1004=EDGE_CURVE('',#816,#818,#488,.T.);
#1005=EDGE_CURVE('',#819,#815,#691,.T.);
#1006=EDGE_CURVE('',#819,#820,#489,.T.);
#1007=EDGE_CURVE('',#817,#820,#692,.T.);
#1008=EDGE_CURVE('',#821,#819,#693,.T.);
#1009=EDGE_CURVE('',#821,#822,#490,.T.);
#1010=EDGE_CURVE('',#820,#822,#694,.T.);
#1011=EDGE_CURVE('',#823,#821,#491,.T.);
#1012=EDGE_CURVE('',#823,#824,#492,.T.);
#1013=EDGE_CURVE('',#822,#824,#493,.T.);
#1014=EDGE_CURVE('',#825,#823,#695,.T.);
#1015=EDGE_CURVE('',#825,#826,#494,.T.);
#1016=EDGE_CURVE('',#824,#826,#696,.T.);
#1017=EDGE_CURVE('',#816,#825,#495,.T.);
#1018=EDGE_CURVE('',#826,#818,#496,.T.);
#1019=EDGE_CURVE('',#827,#828,#697,.T.);
#1020=EDGE_CURVE('',#827,#829,#497,.T.);
#1021=EDGE_CURVE('',#830,#829,#698,.T.);
#1022=EDGE_CURVE('',#828,#830,#498,.T.);
#1023=EDGE_CURVE('',#831,#827,#499,.T.);
#1024=EDGE_CURVE('',#831,#832,#500,.T.);
#1025=EDGE_CURVE('',#829,#832,#501,.T.);
#1026=EDGE_CURVE('',#833,#831,#699,.T.);
#1027=EDGE_CURVE('',#833,#834,#502,.T.);
#1028=EDGE_CURVE('',#832,#834,#700,.T.);
#1029=EDGE_CURVE('',#828,#833,#503,.T.);
#1030=EDGE_CURVE('',#834,#830,#504,.T.);
#1031=EDGE_CURVE('',#835,#836,#701,.T.);
#1032=EDGE_CURVE('',#835,#837,#505,.T.);
#1033=EDGE_CURVE('',#838,#837,#702,.T.);
#1034=EDGE_CURVE('',#836,#838,#506,.T.);
#1035=EDGE_CURVE('',#839,#835,#507,.T.);
#1036=EDGE_CURVE('',#839,#840,#508,.T.);
#1037=EDGE_CURVE('',#837,#840,#509,.T.);
#1038=EDGE_CURVE('',#841,#839,#703,.T.);
#1039=EDGE_CURVE('',#841,#842,#510,.T.);
#1040=EDGE_CURVE('',#840,#842,#704,.T.);
#1041=EDGE_CURVE('',#836,#841,#511,.T.);
#1042=EDGE_CURVE('',#842,#838,#512,.T.);
#1043=EDGE_CURVE('',#843,#844,#513,.T.);
#1044=EDGE_CURVE('',#845,#843,#705,.T.);
#1045=EDGE_CURVE('',#846,#845,#514,.T.);
#1046=EDGE_CURVE('',#844,#846,#706,.T.);
#1047=EDGE_CURVE('',#847,#848,#707,.T.);
#1048=EDGE_CURVE('',#849,#847,#515,.T.);
#1049=EDGE_CURVE('',#850,#849,#708,.T.);
#1050=EDGE_CURVE('',#851,#850,#516,.T.);
#1051=EDGE_CURVE('',#852,#851,#709,.T.);
#1052=EDGE_CURVE('',#853,#852,#517,.T.);
#1053=EDGE_CURVE('',#854,#853,#710,.T.);
#1054=EDGE_CURVE('',#855,#854,#518,.T.);
#1055=EDGE_CURVE('',#856,#855,#711,.T.);
#1056=EDGE_CURVE('',#857,#856,#519,.T.);
#1057=EDGE_CURVE('',#858,#857,#712,.T.);
#1058=EDGE_CURVE('',#848,#858,#520,.T.);
#1059=EDGE_CURVE('',#859,#860,#521,.T.);
#1060=EDGE_CURVE('',#861,#859,#713,.T.);
#1061=EDGE_CURVE('',#862,#861,#522,.T.);
#1062=EDGE_CURVE('',#860,#862,#714,.T.);
#1063=EDGE_CURVE('',#863,#864,#715,.T.);
#1064=EDGE_CURVE('',#865,#863,#523,.T.);
#1065=EDGE_CURVE('',#866,#865,#716,.T.);
#1066=EDGE_CURVE('',#867,#866,#524,.T.);
#1067=EDGE_CURVE('',#868,#867,#717,.T.);
#1068=EDGE_CURVE('',#869,#868,#525,.T.);
#1069=EDGE_CURVE('',#870,#869,#718,.T.);
#1070=EDGE_CURVE('',#871,#870,#526,.T.);
#1071=EDGE_CURVE('',#872,#871,#719,.T.);
#1072=EDGE_CURVE('',#873,#872,#527,.T.);
#1073=EDGE_CURVE('',#874,#873,#720,.T.);
#1074=EDGE_CURVE('',#864,#874,#528,.T.);
#1075=EDGE_CURVE('',#861,#875,#529,.T.);
#1076=EDGE_CURVE('',#876,#875,#721,.T.);
#1077=EDGE_CURVE('',#876,#862,#530,.T.);
#1078=EDGE_CURVE('',#844,#877,#531,.T.);
#1079=EDGE_CURVE('',#878,#877,#722,.T.);
#1080=EDGE_CURVE('',#878,#843,#532,.T.);
#1081=EDGE_CURVE('',#845,#859,#533,.T.);
#1082=EDGE_CURVE('',#860,#846,#534,.T.);
#1083=EDGE_CURVE('',#866,#879,#535,.T.);
#1084=EDGE_CURVE('',#879,#880,#723,.T.);
#1085=EDGE_CURVE('',#867,#880,#536,.T.);
#1086=EDGE_CURVE('',#850,#869,#537,.T.);
#1087=EDGE_CURVE('',#851,#868,#538,.T.);
#1088=EDGE_CURVE('',#881,#852,#539,.T.);
#1089=EDGE_CURVE('',#881,#882,#724,.T.);
#1090=EDGE_CURVE('',#882,#853,#540,.T.);
#1091=EDGE_CURVE('',#865,#883,#541,.T.);
#1092=EDGE_CURVE('',#883,#879,#542,.T.);
#1093=EDGE_CURVE('',#849,#870,#543,.T.);
#1094=EDGE_CURVE('',#884,#882,#544,.T.);
#1095=EDGE_CURVE('',#884,#854,#545,.T.);
#1096=EDGE_CURVE('',#885,#874,#546,.T.);
#1097=EDGE_CURVE('',#886,#885,#725,.T.);
#1098=EDGE_CURVE('',#864,#886,#547,.T.);
#1099=EDGE_CURVE('',#873,#858,#548,.T.);
#1100=EDGE_CURVE('',#848,#872,#549,.T.);
#1101=EDGE_CURVE('',#887,#863,#550,.T.);
#1102=EDGE_CURVE('',#883,#887,#726,.T.);
#1103=EDGE_CURVE('',#871,#847,#551,.T.);
#1104=EDGE_CURVE('',#888,#889,#727,.T.);
#1105=EDGE_CURVE('',#888,#890,#552,.T.);
#1106=EDGE_CURVE('',#891,#890,#728,.T.);
#1107=EDGE_CURVE('',#889,#891,#553,.T.);
#1108=EDGE_CURVE('',#892,#888,#554,.T.);
#1109=EDGE_CURVE('',#892,#893,#555,.T.);
#1110=EDGE_CURVE('',#890,#893,#556,.T.);
#1111=EDGE_CURVE('',#894,#892,#729,.T.);
#1112=EDGE_CURVE('',#894,#895,#557,.T.);
#1113=EDGE_CURVE('',#893,#895,#730,.T.);
#1114=EDGE_CURVE('',#889,#894,#558,.T.);
#1115=EDGE_CURVE('',#895,#891,#559,.T.);
#1116=EDGE_CURVE('',#896,#897,#731,.T.);
#1117=EDGE_CURVE('',#896,#898,#560,.T.);
#1118=EDGE_CURVE('',#899,#898,#732,.T.);
#1119=EDGE_CURVE('',#897,#899,#561,.T.);
#1120=EDGE_CURVE('',#900,#896,#562,.T.);
#1121=EDGE_CURVE('',#900,#901,#563,.T.);
#1122=EDGE_CURVE('',#898,#901,#564,.T.);
#1123=EDGE_CURVE('',#902,#900,#733,.T.);
#1124=EDGE_CURVE('',#902,#903,#565,.T.);
#1125=EDGE_CURVE('',#901,#903,#734,.T.);
#1126=EDGE_CURVE('',#897,#902,#566,.T.);
#1127=EDGE_CURVE('',#903,#899,#567,.T.);
#1128=EDGE_CURVE('',#904,#878,#29,.T.);
#1129=EDGE_CURVE('',#905,#904,#568,.T.);
#1130=EDGE_CURVE('',#875,#905,#30,.T.);
#1131=EDGE_CURVE('',#855,#906,#569,.T.);
#1132=EDGE_CURVE('',#906,#881,#570,.T.);
#1133=EDGE_CURVE('',#880,#887,#571,.T.);
#1134=EDGE_CURVE('',#907,#886,#31,.T.);
#1135=EDGE_CURVE('',#907,#908,#572,.T.);
#1136=EDGE_CURVE('',#909,#908,#32,.T.);
#1137=EDGE_CURVE('',#909,#856,#573,.T.);
#1138=EDGE_CURVE('',#906,#884,#735,.T.);
#1139=EDGE_CURVE('',#877,#910,#33,.T.);
#1140=EDGE_CURVE('',#910,#911,#34,.T.);
#1141=EDGE_CURVE('',#911,#912,#35,.T.);
#1142=EDGE_CURVE('',#913,#912,#736,.T.);
#1143=EDGE_CURVE('',#913,#914,#36,.T.);
#1144=EDGE_CURVE('',#914,#915,#37,.T.);
#1145=EDGE_CURVE('',#915,#876,#38,.T.);
#1146=EDGE_CURVE('',#905,#904,#737,.T.);
#1147=EDGE_CURVE('',#916,#916,#738,.T.);
#1148=EDGE_CURVE('',#912,#913,#739,.T.);
#1149=EDGE_CURVE('',#912,#917,#574,.T.);
#1150=EDGE_CURVE('',#917,#918,#740,.T.);
#1151=EDGE_CURVE('',#913,#918,#575,.T.);
#1152=EDGE_CURVE('',#918,#917,#576,.T.);
#1153=EDGE_CURVE('',#919,#919,#741,.T.);
#1154=EDGE_CURVE('',#920,#920,#742,.T.);
#1155=EDGE_CURVE('',#921,#921,#743,.T.);
#1156=EDGE_CURVE('',#922,#922,#744,.T.);
#1157=EDGE_CURVE('',#923,#923,#745,.T.);
#1158=EDGE_CURVE('',#924,#924,#746,.T.);
#1159=EDGE_CURVE('',#925,#925,#747,.T.);
#1160=EDGE_CURVE('',#926,#926,#748,.T.);
#1161=EDGE_CURVE('',#927,#909,#749,.T.);
#1162=EDGE_CURVE('',#857,#927,#577,.T.);
#1163=EDGE_CURVE('',#908,#907,#750,.T.);
#1164=EDGE_CURVE('',#928,#928,#751,.T.);
#1165=EDGE_CURVE('',#885,#929,#39,.T.);
#1166=EDGE_CURVE('',#929,#930,#40,.T.);
#1167=EDGE_CURVE('',#930,#931,#752,.T.);
#1168=EDGE_CURVE('',#931,#932,#41,.T.);
#1169=EDGE_CURVE('',#932,#927,#42,.T.);
#1170=EDGE_CURVE('',#930,#931,#578,.T.);
#1171=EDGE_CURVE('',#933,#933,#753,.T.);
#1172=EDGE_CURVE('',#934,#934,#754,.T.);
#1173=EDGE_CURVE('',#935,#935,#755,.T.);
#1174=EDGE_CURVE('',#936,#936,#756,.T.);
#1175=EDGE_CURVE('',#937,#937,#757,.T.);
#1176=EDGE_CURVE('',#938,#938,#758,.T.);
#1177=EDGE_CURVE('',#939,#939,#759,.T.);
#1178=EDGE_CURVE('',#940,#940,#760,.T.);
#1179=EDGE_CURVE('',#941,#941,#761,.T.);
#1180=EDGE_CURVE('',#942,#942,#762,.T.);
#1181=EDGE_CURVE('',#943,#943,#763,.T.);
#1182=EDGE_CURVE('',#944,#944,#764,.T.);
#1183=EDGE_CURVE('',#945,#945,#765,.T.);
#1184=EDGE_CURVE('',#946,#946,#766,.T.);
#1185=EDGE_CURVE('',#947,#947,#767,.T.);
#1186=EDGE_CURVE('',#948,#948,#768,.T.);
#1187=EDGE_CURVE('',#949,#949,#769,.T.);
#1188=EDGE_CURVE('',#950,#950,#770,.T.);
#1189=EDGE_CURVE('',#951,#951,#771,.T.);
#1190=EDGE_CURVE('',#952,#952,#772,.T.);
#1191=EDGE_CURVE('',#953,#953,#773,.T.);
#1192=EDGE_CURVE('',#954,#954,#774,.T.);
#1193=EDGE_CURVE('',#955,#955,#775,.T.);
#1194=EDGE_CURVE('',#956,#956,#776,.T.);
#1195=EDGE_CURVE('',#957,#957,#777,.T.);
#1196=EDGE_CURVE('',#958,#958,#778,.T.);
#1197=EDGE_CURVE('',#959,#959,#779,.T.);
#1198=EDGE_CURVE('',#960,#960,#780,.T.);
#1199=EDGE_CURVE('',#961,#961,#781,.T.);
#1200=EDGE_CURVE('',#962,#962,#782,.T.);
#1201=EDGE_CURVE('',#963,#963,#783,.T.);
#1202=EDGE_CURVE('',#964,#964,#784,.T.);
#1203=EDGE_CURVE('',#965,#965,#785,.T.);
#1204=EDGE_CURVE('',#966,#966,#786,.T.);
#1205=EDGE_CURVE('',#967,#967,#787,.T.);
#1206=EDGE_CURVE('',#968,#968,#788,.T.);
#1207=EDGE_CURVE('',#969,#969,#789,.T.);
#1208=EDGE_CURVE('',#970,#970,#790,.T.);
#1209=EDGE_CURVE('',#971,#971,#791,.T.);
#1210=EDGE_CURVE('',#972,#972,#792,.T.);
#1211=EDGE_CURVE('',#973,#973,#793,.T.);
#1212=EDGE_CURVE('',#974,#974,#794,.T.);
#1213=EDGE_CURVE('',#975,#975,#795,.T.);
#1214=EDGE_CURVE('',#976,#976,#796,.T.);
#1215=EDGE_CURVE('',#977,#977,#797,.T.);
#1216=EDGE_CURVE('',#978,#978,#798,.T.);
#1217=EDGE_CURVE('',#979,#979,#799,.T.);
#1218=EDGE_CURVE('',#980,#980,#800,.T.);
#1219=EDGE_CURVE('',#981,#981,#801,.T.);
#1220=EDGE_CURVE('',#982,#982,#802,.T.);
#1221=ORIENTED_EDGE('',*,*,#983,.F.);
#1222=ORIENTED_EDGE('',*,*,#984,.T.);
#1223=ORIENTED_EDGE('',*,*,#985,.F.);
#1224=ORIENTED_EDGE('',*,*,#986,.F.);
#1225=ORIENTED_EDGE('',*,*,#987,.F.);
#1226=ORIENTED_EDGE('',*,*,#988,.T.);
#1227=ORIENTED_EDGE('',*,*,#989,.F.);
#1228=ORIENTED_EDGE('',*,*,#984,.F.);
#1229=ORIENTED_EDGE('',*,*,#990,.F.);
#1230=ORIENTED_EDGE('',*,*,#991,.T.);
#1231=ORIENTED_EDGE('',*,*,#992,.F.);
#1232=ORIENTED_EDGE('',*,*,#988,.F.);
#1233=ORIENTED_EDGE('',*,*,#993,.F.);
#1234=ORIENTED_EDGE('',*,*,#986,.T.);
#1235=ORIENTED_EDGE('',*,*,#994,.F.);
#1236=ORIENTED_EDGE('',*,*,#991,.F.);
#1237=ORIENTED_EDGE('',*,*,#995,.F.);
#1238=ORIENTED_EDGE('',*,*,#996,.T.);
#1239=ORIENTED_EDGE('',*,*,#997,.F.);
#1240=ORIENTED_EDGE('',*,*,#998,.F.);
#1241=ORIENTED_EDGE('',*,*,#999,.F.);
#1242=ORIENTED_EDGE('',*,*,#998,.T.);
#1243=ORIENTED_EDGE('',*,*,#1000,.F.);
#1244=ORIENTED_EDGE('',*,*,#996,.F.);
#1245=ORIENTED_EDGE('',*,*,#1001,.F.);
#1246=ORIENTED_EDGE('',*,*,#1002,.T.);
#1247=ORIENTED_EDGE('',*,*,#1003,.F.);
#1248=ORIENTED_EDGE('',*,*,#1004,.F.);
#1249=ORIENTED_EDGE('',*,*,#1005,.F.);
#1250=ORIENTED_EDGE('',*,*,#1006,.T.);
#1251=ORIENTED_EDGE('',*,*,#1007,.F.);
#1252=ORIENTED_EDGE('',*,*,#1002,.F.);
#1253=ORIENTED_EDGE('',*,*,#1008,.F.);
#1254=ORIENTED_EDGE('',*,*,#1009,.T.);
#1255=ORIENTED_EDGE('',*,*,#1010,.F.);
#1256=ORIENTED_EDGE('',*,*,#1006,.F.);
#1257=ORIENTED_EDGE('',*,*,#1011,.F.);
#1258=ORIENTED_EDGE('',*,*,#1012,.T.);
#1259=ORIENTED_EDGE('',*,*,#1013,.F.);
#1260=ORIENTED_EDGE('',*,*,#1009,.F.);
#1261=ORIENTED_EDGE('',*,*,#1014,.F.);
#1262=ORIENTED_EDGE('',*,*,#1015,.T.);
#1263=ORIENTED_EDGE('',*,*,#1016,.F.);
#1264=ORIENTED_EDGE('',*,*,#1012,.F.);
#1265=ORIENTED_EDGE('',*,*,#1017,.F.);
#1266=ORIENTED_EDGE('',*,*,#1004,.T.);
#1267=ORIENTED_EDGE('',*,*,#1018,.F.);
#1268=ORIENTED_EDGE('',*,*,#1015,.F.);
#1269=ORIENTED_EDGE('',*,*,#1019,.F.);
#1270=ORIENTED_EDGE('',*,*,#1020,.T.);
#1271=ORIENTED_EDGE('',*,*,#1021,.F.);
#1272=ORIENTED_EDGE('',*,*,#1022,.F.);
#1273=ORIENTED_EDGE('',*,*,#1023,.F.);
#1274=ORIENTED_EDGE('',*,*,#1024,.T.);
#1275=ORIENTED_EDGE('',*,*,#1025,.F.);
#1276=ORIENTED_EDGE('',*,*,#1020,.F.);
#1277=ORIENTED_EDGE('',*,*,#1026,.F.);
#1278=ORIENTED_EDGE('',*,*,#1027,.T.);
#1279=ORIENTED_EDGE('',*,*,#1028,.F.);
#1280=ORIENTED_EDGE('',*,*,#1024,.F.);
#1281=ORIENTED_EDGE('',*,*,#1029,.F.);
#1282=ORIENTED_EDGE('',*,*,#1022,.T.);
#1283=ORIENTED_EDGE('',*,*,#1030,.F.);
#1284=ORIENTED_EDGE('',*,*,#1027,.F.);
#1285=ORIENTED_EDGE('',*,*,#1031,.F.);
#1286=ORIENTED_EDGE('',*,*,#1032,.T.);
#1287=ORIENTED_EDGE('',*,*,#1033,.F.);
#1288=ORIENTED_EDGE('',*,*,#1034,.F.);
#1289=ORIENTED_EDGE('',*,*,#1035,.F.);
#1290=ORIENTED_EDGE('',*,*,#1036,.T.);
#1291=ORIENTED_EDGE('',*,*,#1037,.F.);
#1292=ORIENTED_EDGE('',*,*,#1032,.F.);
#1293=ORIENTED_EDGE('',*,*,#1038,.F.);
#1294=ORIENTED_EDGE('',*,*,#1039,.T.);
#1295=ORIENTED_EDGE('',*,*,#1040,.F.);
#1296=ORIENTED_EDGE('',*,*,#1036,.F.);
#1297=ORIENTED_EDGE('',*,*,#1041,.F.);
#1298=ORIENTED_EDGE('',*,*,#1034,.T.);
#1299=ORIENTED_EDGE('',*,*,#1042,.F.);
#1300=ORIENTED_EDGE('',*,*,#1039,.F.);
#1301=ORIENTED_EDGE('',*,*,#1043,.F.);
#1302=ORIENTED_EDGE('',*,*,#1044,.F.);
#1303=ORIENTED_EDGE('',*,*,#1045,.F.);
#1304=ORIENTED_EDGE('',*,*,#1046,.F.);
#1305=ORIENTED_EDGE('',*,*,#1047,.F.);
#1306=ORIENTED_EDGE('',*,*,#1048,.F.);
#1307=ORIENTED_EDGE('',*,*,#1049,.F.);
#1308=ORIENTED_EDGE('',*,*,#1050,.F.);
#1309=ORIENTED_EDGE('',*,*,#1051,.F.);
#1310=ORIENTED_EDGE('',*,*,#1052,.F.);
#1311=ORIENTED_EDGE('',*,*,#1053,.F.);
#1312=ORIENTED_EDGE('',*,*,#1054,.F.);
#1313=ORIENTED_EDGE('',*,*,#1055,.F.);
#1314=ORIENTED_EDGE('',*,*,#1056,.F.);
#1315=ORIENTED_EDGE('',*,*,#1057,.F.);
#1316=ORIENTED_EDGE('',*,*,#1058,.F.);
#1317=ORIENTED_EDGE('',*,*,#1059,.F.);
#1318=ORIENTED_EDGE('',*,*,#1060,.F.);
#1319=ORIENTED_EDGE('',*,*,#1061,.F.);
#1320=ORIENTED_EDGE('',*,*,#1062,.F.);
#1321=ORIENTED_EDGE('',*,*,#1063,.F.);
#1322=ORIENTED_EDGE('',*,*,#1064,.F.);
#1323=ORIENTED_EDGE('',*,*,#1065,.F.);
#1324=ORIENTED_EDGE('',*,*,#1066,.F.);
#1325=ORIENTED_EDGE('',*,*,#1067,.F.);
#1326=ORIENTED_EDGE('',*,*,#1068,.F.);
#1327=ORIENTED_EDGE('',*,*,#1069,.F.);
#1328=ORIENTED_EDGE('',*,*,#1070,.F.);
#1329=ORIENTED_EDGE('',*,*,#1071,.F.);
#1330=ORIENTED_EDGE('',*,*,#1072,.F.);
#1331=ORIENTED_EDGE('',*,*,#1073,.F.);
#1332=ORIENTED_EDGE('',*,*,#1074,.F.);
#1333=ORIENTED_EDGE('',*,*,#1061,.T.);
#1334=ORIENTED_EDGE('',*,*,#1075,.T.);
#1335=ORIENTED_EDGE('',*,*,#1076,.F.);
#1336=ORIENTED_EDGE('',*,*,#1077,.T.);
#1337=ORIENTED_EDGE('',*,*,#1043,.T.);
#1338=ORIENTED_EDGE('',*,*,#1078,.T.);
#1339=ORIENTED_EDGE('',*,*,#1079,.F.);
#1340=ORIENTED_EDGE('',*,*,#1080,.T.);
#1341=ORIENTED_EDGE('',*,*,#1045,.T.);
#1342=ORIENTED_EDGE('',*,*,#1081,.T.);
#1343=ORIENTED_EDGE('',*,*,#1059,.T.);
#1344=ORIENTED_EDGE('',*,*,#1082,.T.);
#1345=ORIENTED_EDGE('',*,*,#1066,.T.);
#1346=ORIENTED_EDGE('',*,*,#1083,.T.);
#1347=ORIENTED_EDGE('',*,*,#1084,.T.);
#1348=ORIENTED_EDGE('',*,*,#1085,.F.);
#1349=ORIENTED_EDGE('',*,*,#1050,.T.);
#1350=ORIENTED_EDGE('',*,*,#1086,.T.);
#1351=ORIENTED_EDGE('',*,*,#1068,.T.);
#1352=ORIENTED_EDGE('',*,*,#1087,.F.);
#1353=ORIENTED_EDGE('',*,*,#1052,.T.);
#1354=ORIENTED_EDGE('',*,*,#1088,.F.);
#1355=ORIENTED_EDGE('',*,*,#1089,.T.);
#1356=ORIENTED_EDGE('',*,*,#1090,.T.);
#1357=ORIENTED_EDGE('',*,*,#1065,.T.);
#1358=ORIENTED_EDGE('',*,*,#1091,.T.);
#1359=ORIENTED_EDGE('',*,*,#1092,.T.);
#1360=ORIENTED_EDGE('',*,*,#1083,.F.);
#1361=ORIENTED_EDGE('',*,*,#1049,.T.);
#1362=ORIENTED_EDGE('',*,*,#1093,.T.);
#1363=ORIENTED_EDGE('',*,*,#1069,.T.);
#1364=ORIENTED_EDGE('',*,*,#1086,.F.);
#1365=ORIENTED_EDGE('',*,*,#1053,.T.);
#1366=ORIENTED_EDGE('',*,*,#1090,.F.);
#1367=ORIENTED_EDGE('',*,*,#1094,.F.);
#1368=ORIENTED_EDGE('',*,*,#1095,.T.);
#1369=ORIENTED_EDGE('',*,*,#1074,.T.);
#1370=ORIENTED_EDGE('',*,*,#1096,.F.);
#1371=ORIENTED_EDGE('',*,*,#1097,.F.);
#1372=ORIENTED_EDGE('',*,*,#1098,.F.);
#1373=ORIENTED_EDGE('',*,*,#1058,.T.);
#1374=ORIENTED_EDGE('',*,*,#1099,.F.);
#1375=ORIENTED_EDGE('',*,*,#1072,.T.);
#1376=ORIENTED_EDGE('',*,*,#1100,.F.);
#1377=ORIENTED_EDGE('',*,*,#1064,.T.);
#1378=ORIENTED_EDGE('',*,*,#1101,.F.);
#1379=ORIENTED_EDGE('',*,*,#1102,.F.);
#1380=ORIENTED_EDGE('',*,*,#1091,.F.);
#1381=ORIENTED_EDGE('',*,*,#1048,.T.);
#1382=ORIENTED_EDGE('',*,*,#1103,.F.);
#1383=ORIENTED_EDGE('',*,*,#1070,.T.);
#1384=ORIENTED_EDGE('',*,*,#1093,.F.);
#1385=ORIENTED_EDGE('',*,*,#1047,.T.);
#1386=ORIENTED_EDGE('',*,*,#1100,.T.);
#1387=ORIENTED_EDGE('',*,*,#1071,.T.);
#1388=ORIENTED_EDGE('',*,*,#1103,.T.);
#1389=ORIENTED_EDGE('',*,*,#1104,.F.);
#1390=ORIENTED_EDGE('',*,*,#1105,.T.);
#1391=ORIENTED_EDGE('',*,*,#1106,.F.);
#1392=ORIENTED_EDGE('',*,*,#1107,.F.);
#1393=ORIENTED_EDGE('',*,*,#1108,.F.);
#1394=ORIENTED_EDGE('',*,*,#1109,.T.);
#1395=ORIENTED_EDGE('',*,*,#1110,.F.);
#1396=ORIENTED_EDGE('',*,*,#1105,.F.);
#1397=ORIENTED_EDGE('',*,*,#1111,.F.);
#1398=ORIENTED_EDGE('',*,*,#1112,.T.);
#1399=ORIENTED_EDGE('',*,*,#1113,.F.);
#1400=ORIENTED_EDGE('',*,*,#1109,.F.);
#1401=ORIENTED_EDGE('',*,*,#1114,.F.);
#1402=ORIENTED_EDGE('',*,*,#1107,.T.);
#1403=ORIENTED_EDGE('',*,*,#1115,.F.);
#1404=ORIENTED_EDGE('',*,*,#1112,.F.);
#1405=ORIENTED_EDGE('',*,*,#1116,.F.);
#1406=ORIENTED_EDGE('',*,*,#1117,.T.);
#1407=ORIENTED_EDGE('',*,*,#1118,.F.);
#1408=ORIENTED_EDGE('',*,*,#1119,.F.);
#1409=ORIENTED_EDGE('',*,*,#1120,.F.);
#1410=ORIENTED_EDGE('',*,*,#1121,.T.);
#1411=ORIENTED_EDGE('',*,*,#1122,.F.);
#1412=ORIENTED_EDGE('',*,*,#1117,.F.);
#1413=ORIENTED_EDGE('',*,*,#1123,.F.);
#1414=ORIENTED_EDGE('',*,*,#1124,.T.);
#1415=ORIENTED_EDGE('',*,*,#1125,.F.);
#1416=ORIENTED_EDGE('',*,*,#1121,.F.);
#1417=ORIENTED_EDGE('',*,*,#1126,.F.);
#1418=ORIENTED_EDGE('',*,*,#1119,.T.);
#1419=ORIENTED_EDGE('',*,*,#1127,.F.);
#1420=ORIENTED_EDGE('',*,*,#1124,.F.);
#1421=ORIENTED_EDGE('',*,*,#1044,.T.);
#1422=ORIENTED_EDGE('',*,*,#1080,.F.);
#1423=ORIENTED_EDGE('',*,*,#1128,.F.);
#1424=ORIENTED_EDGE('',*,*,#1129,.F.);
#1425=ORIENTED_EDGE('',*,*,#1130,.F.);
#1426=ORIENTED_EDGE('',*,*,#1075,.F.);
#1427=ORIENTED_EDGE('',*,*,#1060,.T.);
#1428=ORIENTED_EDGE('',*,*,#1081,.F.);
#1429=ORIENTED_EDGE('',*,*,#1055,.T.);
#1430=ORIENTED_EDGE('',*,*,#1131,.T.);
#1431=ORIENTED_EDGE('',*,*,#1132,.T.);
#1432=ORIENTED_EDGE('',*,*,#1088,.T.);
#1433=ORIENTED_EDGE('',*,*,#1051,.T.);
#1434=ORIENTED_EDGE('',*,*,#1087,.T.);
#1435=ORIENTED_EDGE('',*,*,#1067,.T.);
#1436=ORIENTED_EDGE('',*,*,#1085,.T.);
#1437=ORIENTED_EDGE('',*,*,#1133,.T.);
#1438=ORIENTED_EDGE('',*,*,#1101,.T.);
#1439=ORIENTED_EDGE('',*,*,#1063,.T.);
#1440=ORIENTED_EDGE('',*,*,#1098,.T.);
#1441=ORIENTED_EDGE('',*,*,#1134,.F.);
#1442=ORIENTED_EDGE('',*,*,#1135,.T.);
#1443=ORIENTED_EDGE('',*,*,#1136,.F.);
#1444=ORIENTED_EDGE('',*,*,#1137,.T.);
#1445=ORIENTED_EDGE('',*,*,#1132,.F.);
#1446=ORIENTED_EDGE('',*,*,#1138,.T.);
#1447=ORIENTED_EDGE('',*,*,#1094,.T.);
#1448=ORIENTED_EDGE('',*,*,#1089,.F.);
#1449=ORIENTED_EDGE('',*,*,#1054,.T.);
#1450=ORIENTED_EDGE('',*,*,#1095,.F.);
#1451=ORIENTED_EDGE('',*,*,#1138,.F.);
#1452=ORIENTED_EDGE('',*,*,#1131,.F.);
#1453=ORIENTED_EDGE('',*,*,#1133,.F.);
#1454=ORIENTED_EDGE('',*,*,#1084,.F.);
#1455=ORIENTED_EDGE('',*,*,#1092,.F.);
#1456=ORIENTED_EDGE('',*,*,#1102,.T.);
#1457=ORIENTED_EDGE('',*,*,#1079,.T.);
#1458=ORIENTED_EDGE('',*,*,#1139,.T.);
#1459=ORIENTED_EDGE('',*,*,#1140,.T.);
#1460=ORIENTED_EDGE('',*,*,#1141,.T.);
#1461=ORIENTED_EDGE('',*,*,#1142,.F.);
#1462=ORIENTED_EDGE('',*,*,#1143,.T.);
#1463=ORIENTED_EDGE('',*,*,#1144,.T.);
#1464=ORIENTED_EDGE('',*,*,#1145,.T.);
#1465=ORIENTED_EDGE('',*,*,#1076,.T.);
#1466=ORIENTED_EDGE('',*,*,#1130,.T.);
#1467=ORIENTED_EDGE('',*,*,#1146,.T.);
#1468=ORIENTED_EDGE('',*,*,#1128,.T.);
#1469=ORIENTED_EDGE('',*,*,#1147,.T.);
#1470=ORIENTED_EDGE('',*,*,#1148,.F.);
#1471=ORIENTED_EDGE('',*,*,#1149,.T.);
#1472=ORIENTED_EDGE('',*,*,#1150,.T.);
#1473=ORIENTED_EDGE('',*,*,#1151,.F.);
#1474=ORIENTED_EDGE('',*,*,#1152,.F.);
#1475=ORIENTED_EDGE('',*,*,#1150,.F.);
#1476=ORIENTED_EDGE('',*,*,#1153,.F.);
#1477=ORIENTED_EDGE('',*,*,#1154,.F.);
#1478=ORIENTED_EDGE('',*,*,#1155,.F.);
#1479=ORIENTED_EDGE('',*,*,#1156,.F.);
#1480=ORIENTED_EDGE('',*,*,#1157,.F.);
#1481=ORIENTED_EDGE('',*,*,#1158,.F.);
#1482=ORIENTED_EDGE('',*,*,#1159,.F.);
#1483=ORIENTED_EDGE('',*,*,#1160,.F.);
#1484=ORIENTED_EDGE('',*,*,#1146,.F.);
#1485=ORIENTED_EDGE('',*,*,#1129,.T.);
#1486=ORIENTED_EDGE('',*,*,#1153,.T.);
#1487=ORIENTED_EDGE('',*,*,#1155,.T.);
#1488=ORIENTED_EDGE('',*,*,#1157,.T.);
#1489=ORIENTED_EDGE('',*,*,#1159,.T.);
#1490=ORIENTED_EDGE('',*,*,#1056,.T.);
#1491=ORIENTED_EDGE('',*,*,#1137,.F.);
#1492=ORIENTED_EDGE('',*,*,#1161,.F.);
#1493=ORIENTED_EDGE('',*,*,#1162,.F.);
#1494=ORIENTED_EDGE('',*,*,#1135,.F.);
#1495=ORIENTED_EDGE('',*,*,#1163,.F.);
#1496=ORIENTED_EDGE('',*,*,#1154,.T.);
#1497=ORIENTED_EDGE('',*,*,#1156,.T.);
#1498=ORIENTED_EDGE('',*,*,#1158,.T.);
#1499=ORIENTED_EDGE('',*,*,#1160,.T.);
#1500=ORIENTED_EDGE('',*,*,#1164,.F.);
#1501=ORIENTED_EDGE('',*,*,#1161,.T.);
#1502=ORIENTED_EDGE('',*,*,#1136,.T.);
#1503=ORIENTED_EDGE('',*,*,#1163,.T.);
#1504=ORIENTED_EDGE('',*,*,#1134,.T.);
#1505=ORIENTED_EDGE('',*,*,#1097,.T.);
#1506=ORIENTED_EDGE('',*,*,#1165,.T.);
#1507=ORIENTED_EDGE('',*,*,#1166,.T.);
#1508=ORIENTED_EDGE('',*,*,#1167,.T.);
#1509=ORIENTED_EDGE('',*,*,#1168,.T.);
#1510=ORIENTED_EDGE('',*,*,#1169,.T.);
#1511=ORIENTED_EDGE('',*,*,#1046,.T.);
#1512=ORIENTED_EDGE('',*,*,#1082,.F.);
#1513=ORIENTED_EDGE('',*,*,#1062,.T.);
#1514=ORIENTED_EDGE('',*,*,#1077,.F.);
#1515=ORIENTED_EDGE('',*,*,#1145,.F.);
#1516=ORIENTED_EDGE('',*,*,#1144,.F.);
#1517=ORIENTED_EDGE('',*,*,#1143,.F.);
#1518=ORIENTED_EDGE('',*,*,#1151,.T.);
#1519=ORIENTED_EDGE('',*,*,#1152,.T.);
#1520=ORIENTED_EDGE('',*,*,#1149,.F.);
#1521=ORIENTED_EDGE('',*,*,#1141,.F.);
#1522=ORIENTED_EDGE('',*,*,#1140,.F.);
#1523=ORIENTED_EDGE('',*,*,#1139,.F.);
#1524=ORIENTED_EDGE('',*,*,#1078,.F.);
#1525=ORIENTED_EDGE('',*,*,#985,.T.);
#1526=ORIENTED_EDGE('',*,*,#989,.T.);
#1527=ORIENTED_EDGE('',*,*,#992,.T.);
#1528=ORIENTED_EDGE('',*,*,#994,.T.);
#1529=ORIENTED_EDGE('',*,*,#997,.T.);
#1530=ORIENTED_EDGE('',*,*,#1000,.T.);
#1531=ORIENTED_EDGE('',*,*,#1003,.T.);
#1532=ORIENTED_EDGE('',*,*,#1007,.T.);
#1533=ORIENTED_EDGE('',*,*,#1010,.T.);
#1534=ORIENTED_EDGE('',*,*,#1013,.T.);
#1535=ORIENTED_EDGE('',*,*,#1016,.T.);
#1536=ORIENTED_EDGE('',*,*,#1018,.T.);
#1537=ORIENTED_EDGE('',*,*,#1021,.T.);
#1538=ORIENTED_EDGE('',*,*,#1025,.T.);
#1539=ORIENTED_EDGE('',*,*,#1028,.T.);
#1540=ORIENTED_EDGE('',*,*,#1030,.T.);
#1541=ORIENTED_EDGE('',*,*,#1033,.T.);
#1542=ORIENTED_EDGE('',*,*,#1037,.T.);
#1543=ORIENTED_EDGE('',*,*,#1040,.T.);
#1544=ORIENTED_EDGE('',*,*,#1042,.T.);
#1545=ORIENTED_EDGE('',*,*,#1106,.T.);
#1546=ORIENTED_EDGE('',*,*,#1110,.T.);
#1547=ORIENTED_EDGE('',*,*,#1113,.T.);
#1548=ORIENTED_EDGE('',*,*,#1115,.T.);
#1549=ORIENTED_EDGE('',*,*,#1118,.T.);
#1550=ORIENTED_EDGE('',*,*,#1122,.T.);
#1551=ORIENTED_EDGE('',*,*,#1125,.T.);
#1552=ORIENTED_EDGE('',*,*,#1127,.T.);
#1553=ORIENTED_EDGE('',*,*,#1057,.T.);
#1554=ORIENTED_EDGE('',*,*,#1162,.T.);
#1555=ORIENTED_EDGE('',*,*,#1169,.F.);
#1556=ORIENTED_EDGE('',*,*,#1168,.F.);
#1557=ORIENTED_EDGE('',*,*,#1170,.F.);
#1558=ORIENTED_EDGE('',*,*,#1166,.F.);
#1559=ORIENTED_EDGE('',*,*,#1165,.F.);
#1560=ORIENTED_EDGE('',*,*,#1096,.T.);
#1561=ORIENTED_EDGE('',*,*,#1073,.T.);
#1562=ORIENTED_EDGE('',*,*,#1099,.T.);
#1563=ORIENTED_EDGE('',*,*,#983,.T.);
#1564=ORIENTED_EDGE('',*,*,#993,.T.);
#1565=ORIENTED_EDGE('',*,*,#990,.T.);
#1566=ORIENTED_EDGE('',*,*,#987,.T.);
#1567=ORIENTED_EDGE('',*,*,#995,.T.);
#1568=ORIENTED_EDGE('',*,*,#999,.T.);
#1569=ORIENTED_EDGE('',*,*,#1001,.T.);
#1570=ORIENTED_EDGE('',*,*,#1017,.T.);
#1571=ORIENTED_EDGE('',*,*,#1014,.T.);
#1572=ORIENTED_EDGE('',*,*,#1011,.T.);
#1573=ORIENTED_EDGE('',*,*,#1008,.T.);
#1574=ORIENTED_EDGE('',*,*,#1005,.T.);
#1575=ORIENTED_EDGE('',*,*,#1019,.T.);
#1576=ORIENTED_EDGE('',*,*,#1029,.T.);
#1577=ORIENTED_EDGE('',*,*,#1026,.T.);
#1578=ORIENTED_EDGE('',*,*,#1023,.T.);
#1579=ORIENTED_EDGE('',*,*,#1031,.T.);
#1580=ORIENTED_EDGE('',*,*,#1041,.T.);
#1581=ORIENTED_EDGE('',*,*,#1038,.T.);
#1582=ORIENTED_EDGE('',*,*,#1035,.T.);
#1583=ORIENTED_EDGE('',*,*,#1104,.T.);
#1584=ORIENTED_EDGE('',*,*,#1114,.T.);
#1585=ORIENTED_EDGE('',*,*,#1111,.T.);
#1586=ORIENTED_EDGE('',*,*,#1108,.T.);
#1587=ORIENTED_EDGE('',*,*,#1116,.T.);
#1588=ORIENTED_EDGE('',*,*,#1126,.T.);
#1589=ORIENTED_EDGE('',*,*,#1123,.T.);
#1590=ORIENTED_EDGE('',*,*,#1120,.T.);
#1591=ORIENTED_EDGE('',*,*,#1171,.T.);
#1592=ORIENTED_EDGE('',*,*,#1172,.T.);
#1593=ORIENTED_EDGE('',*,*,#1173,.F.);
#1594=ORIENTED_EDGE('',*,*,#1174,.F.);
#1595=ORIENTED_EDGE('',*,*,#1175,.F.);
#1596=ORIENTED_EDGE('',*,*,#1176,.F.);
#1597=ORIENTED_EDGE('',*,*,#1177,.F.);
#1598=ORIENTED_EDGE('',*,*,#1178,.F.);
#1599=ORIENTED_EDGE('',*,*,#1179,.F.);
#1600=ORIENTED_EDGE('',*,*,#1180,.T.);
#1601=ORIENTED_EDGE('',*,*,#1181,.T.);
#1602=ORIENTED_EDGE('',*,*,#1182,.T.);
#1603=ORIENTED_EDGE('',*,*,#1183,.T.);
#1604=ORIENTED_EDGE('',*,*,#1184,.T.);
#1605=ORIENTED_EDGE('',*,*,#1185,.T.);
#1606=ORIENTED_EDGE('',*,*,#1164,.T.);
#1607=ORIENTED_EDGE('',*,*,#1186,.F.);
#1608=ORIENTED_EDGE('',*,*,#1187,.F.);
#1609=ORIENTED_EDGE('',*,*,#1188,.F.);
#1610=ORIENTED_EDGE('',*,*,#1189,.F.);
#1611=ORIENTED_EDGE('',*,*,#1190,.F.);
#1612=ORIENTED_EDGE('',*,*,#1172,.F.);
#1613=ORIENTED_EDGE('',*,*,#1191,.F.);
#1614=ORIENTED_EDGE('',*,*,#1171,.F.);
#1615=ORIENTED_EDGE('',*,*,#1192,.T.);
#1616=ORIENTED_EDGE('',*,*,#1174,.T.);
#1617=ORIENTED_EDGE('',*,*,#1193,.F.);
#1618=ORIENTED_EDGE('',*,*,#1192,.F.);
#1619=ORIENTED_EDGE('',*,*,#1194,.T.);
#1620=ORIENTED_EDGE('',*,*,#1190,.T.);
#1621=ORIENTED_EDGE('',*,*,#1195,.F.);
#1622=ORIENTED_EDGE('',*,*,#1194,.F.);
#1623=ORIENTED_EDGE('',*,*,#1196,.T.);
#1624=ORIENTED_EDGE('',*,*,#1175,.T.);
#1625=ORIENTED_EDGE('',*,*,#1197,.F.);
#1626=ORIENTED_EDGE('',*,*,#1196,.F.);
#1627=ORIENTED_EDGE('',*,*,#1198,.T.);
#1628=ORIENTED_EDGE('',*,*,#1189,.T.);
#1629=ORIENTED_EDGE('',*,*,#1199,.F.);
#1630=ORIENTED_EDGE('',*,*,#1198,.F.);
#1631=ORIENTED_EDGE('',*,*,#1200,.T.);
#1632=ORIENTED_EDGE('',*,*,#1176,.T.);
#1633=ORIENTED_EDGE('',*,*,#1201,.F.);
#1634=ORIENTED_EDGE('',*,*,#1200,.F.);
#1635=ORIENTED_EDGE('',*,*,#1202,.T.);
#1636=ORIENTED_EDGE('',*,*,#1188,.T.);
#1637=ORIENTED_EDGE('',*,*,#1203,.F.);
#1638=ORIENTED_EDGE('',*,*,#1202,.F.);
#1639=ORIENTED_EDGE('',*,*,#1204,.T.);
#1640=ORIENTED_EDGE('',*,*,#1177,.T.);
#1641=ORIENTED_EDGE('',*,*,#1205,.F.);
#1642=ORIENTED_EDGE('',*,*,#1204,.F.);
#1643=ORIENTED_EDGE('',*,*,#1206,.T.);
#1644=ORIENTED_EDGE('',*,*,#1187,.T.);
#1645=ORIENTED_EDGE('',*,*,#1207,.F.);
#1646=ORIENTED_EDGE('',*,*,#1206,.F.);
#1647=ORIENTED_EDGE('',*,*,#1208,.T.);
#1648=ORIENTED_EDGE('',*,*,#1178,.T.);
#1649=ORIENTED_EDGE('',*,*,#1209,.F.);
#1650=ORIENTED_EDGE('',*,*,#1208,.F.);
#1651=ORIENTED_EDGE('',*,*,#1210,.T.);
#1652=ORIENTED_EDGE('',*,*,#1186,.T.);
#1653=ORIENTED_EDGE('',*,*,#1211,.F.);
#1654=ORIENTED_EDGE('',*,*,#1210,.F.);
#1655=ORIENTED_EDGE('',*,*,#1212,.T.);
#1656=ORIENTED_EDGE('',*,*,#1179,.T.);
#1657=ORIENTED_EDGE('',*,*,#1213,.F.);
#1658=ORIENTED_EDGE('',*,*,#1212,.F.);
#1659=ORIENTED_EDGE('',*,*,#1180,.F.);
#1660=ORIENTED_EDGE('',*,*,#1214,.F.);
#1661=ORIENTED_EDGE('',*,*,#1181,.F.);
#1662=ORIENTED_EDGE('',*,*,#1215,.F.);
#1663=ORIENTED_EDGE('',*,*,#1182,.F.);
#1664=ORIENTED_EDGE('',*,*,#1216,.F.);
#1665=ORIENTED_EDGE('',*,*,#1183,.F.);
#1666=ORIENTED_EDGE('',*,*,#1217,.F.);
#1667=ORIENTED_EDGE('',*,*,#1184,.F.);
#1668=ORIENTED_EDGE('',*,*,#1218,.F.);
#1669=ORIENTED_EDGE('',*,*,#1185,.F.);
#1670=ORIENTED_EDGE('',*,*,#1219,.F.);
#1671=ORIENTED_EDGE('',*,*,#1148,.T.);
#1672=ORIENTED_EDGE('',*,*,#1142,.T.);
#1673=ORIENTED_EDGE('',*,*,#1170,.T.);
#1674=ORIENTED_EDGE('',*,*,#1167,.F.);
#1675=ORIENTED_EDGE('',*,*,#1220,.F.);
#1676=ORIENTED_EDGE('',*,*,#1173,.T.);
#1677=ORIENTED_EDGE('',*,*,#1220,.T.);
#1678=ORIENTED_EDGE('',*,*,#1214,.T.);
#1679=ORIENTED_EDGE('',*,*,#1215,.T.);
#1680=ORIENTED_EDGE('',*,*,#1216,.T.);
#1681=ORIENTED_EDGE('',*,*,#1217,.T.);
#1682=ORIENTED_EDGE('',*,*,#1218,.T.);
#1683=ORIENTED_EDGE('',*,*,#1219,.T.);
#1684=ORIENTED_EDGE('',*,*,#1193,.T.);
#1685=ORIENTED_EDGE('',*,*,#1197,.T.);
#1686=ORIENTED_EDGE('',*,*,#1191,.T.);
#1687=ORIENTED_EDGE('',*,*,#1201,.T.);
#1688=ORIENTED_EDGE('',*,*,#1205,.T.);
#1689=ORIENTED_EDGE('',*,*,#1209,.T.);
#1690=ORIENTED_EDGE('',*,*,#1211,.T.);
#1691=ORIENTED_EDGE('',*,*,#1207,.T.);
#1692=ORIENTED_EDGE('',*,*,#1203,.T.);
#1693=ORIENTED_EDGE('',*,*,#1213,.T.);
#1694=ORIENTED_EDGE('',*,*,#1195,.T.);
#1695=ORIENTED_EDGE('',*,*,#1199,.T.);
#1696=ORIENTED_EDGE('',*,*,#1147,.F.);
#1697=CYLINDRICAL_SURFACE('',#1845,8.5);
#1698=CYLINDRICAL_SURFACE('',#1849,8.5);
#1699=CYLINDRICAL_SURFACE('',#1854,10.3999999999999);
#1700=CYLINDRICAL_SURFACE('',#1857,9.);
#1701=CYLINDRICAL_SURFACE('',#1860,1.);
#1702=CYLINDRICAL_SURFACE('',#1863,9.);
#1703=CYLINDRICAL_SURFACE('',#1867,9.);
#1704=CYLINDRICAL_SURFACE('',#1871,8.5);
#1705=CYLINDRICAL_SURFACE('',#1875,8.5);
#1706=CYLINDRICAL_SURFACE('',#1879,10.3999999999999);
#1707=CYLINDRICAL_SURFACE('',#1883,10.3999999999999);
#1708=CYLINDRICAL_SURFACE('',#1887,5.);
#1709=CYLINDRICAL_SURFACE('',#1896,5.);
#1710=CYLINDRICAL_SURFACE('',#1925,6.5);
#1711=CYLINDRICAL_SURFACE('',#1929,6.5);
#1712=CYLINDRICAL_SURFACE('',#1933,8.5);
#1713=CYLINDRICAL_SURFACE('',#1937,8.5);
#1714=CYLINDRICAL_SURFACE('',#1943,88.4642185217097);
#1715=CYLINDRICAL_SURFACE('',#1946,88.4642185217097);
#1716=CYLINDRICAL_SURFACE('',#1951,70.4121377817379);
#1717=CYLINDRICAL_SURFACE('',#1955,1.7);
#1718=CYLINDRICAL_SURFACE('',#1958,1.7);
#1719=CYLINDRICAL_SURFACE('',#1961,1.7);
#1720=CYLINDRICAL_SURFACE('',#1964,1.7);
#1721=CYLINDRICAL_SURFACE('',#1999,1.6);
#1722=CYLINDRICAL_SURFACE('',#2003,1.59999999999999);
#1723=CYLINDRICAL_SURFACE('',#2007,1.6);
#1724=CYLINDRICAL_SURFACE('',#2011,1.6);
#1725=CYLINDRICAL_SURFACE('',#2015,1.6);
#1726=CYLINDRICAL_SURFACE('',#2019,1.6);
#1727=CYLINDRICAL_SURFACE('',#2023,1.6);
#1728=CYLINDRICAL_SURFACE('',#2027,1.6);
#1729=CYLINDRICAL_SURFACE('',#2031,1.6);
#1730=CYLINDRICAL_SURFACE('',#2035,1.6);
#1731=CYLINDRICAL_SURFACE('',#2039,1.6);
#1732=CYLINDRICAL_SURFACE('',#2043,1.6);
#1733=CYLINDRICAL_SURFACE('',#2045,2.125);
#1734=CYLINDRICAL_SURFACE('',#2047,2.125);
#1735=CYLINDRICAL_SURFACE('',#2049,2.125);
#1736=CYLINDRICAL_SURFACE('',#2051,2.125);
#1737=CYLINDRICAL_SURFACE('',#2053,2.125);
#1738=CYLINDRICAL_SURFACE('',#2055,2.125);
#1739=CYLINDRICAL_SURFACE('',#2059,114.25);
#1740=ADVANCED_FACE('',(#182),#1697,.F.);
#1741=ADVANCED_FACE('',(#183),#142,.F.);
#1742=ADVANCED_FACE('',(#184),#1698,.F.);
#1743=ADVANCED_FACE('',(#185),#143,.F.);
#1744=ADVANCED_FACE('',(#186),#144,.F.);
#1745=ADVANCED_FACE('',(#187),#1699,.F.);
#1746=ADVANCED_FACE('',(#188),#1700,.F.);
#1747=ADVANCED_FACE('',(#189),#1701,.T.);
#1748=ADVANCED_FACE('',(#190),#1702,.F.);
#1749=ADVANCED_FACE('',(#191),#145,.F.);
#1750=ADVANCED_FACE('',(#192),#1703,.F.);
#1751=ADVANCED_FACE('',(#193),#146,.F.);
#1752=ADVANCED_FACE('',(#194),#1704,.F.);
#1753=ADVANCED_FACE('',(#195),#147,.F.);
#1754=ADVANCED_FACE('',(#196),#1705,.F.);
#1755=ADVANCED_FACE('',(#197),#148,.F.);
#1756=ADVANCED_FACE('',(#198),#1706,.F.);
#1757=ADVANCED_FACE('',(#199),#149,.F.);
#1758=ADVANCED_FACE('',(#200),#1707,.F.);
#1759=ADVANCED_FACE('',(#201),#150,.F.);
#1760=ADVANCED_FACE('',(#202,#43),#1708,.F.);
#1761=ADVANCED_FACE('',(#203,#44),#1709,.F.);
#1762=ADVANCED_FACE('',(#204),#151,.F.);
#1763=ADVANCED_FACE('',(#205),#152,.F.);
#1764=ADVANCED_FACE('',(#206),#153,.F.);
#1765=ADVANCED_FACE('',(#207),#154,.T.);
#1766=ADVANCED_FACE('',(#208),#155,.T.);
#1767=ADVANCED_FACE('',(#209),#156,.T.);
#1768=ADVANCED_FACE('',(#210),#157,.T.);
#1769=ADVANCED_FACE('',(#211),#158,.T.);
#1770=ADVANCED_FACE('',(#212),#159,.T.);
#1771=ADVANCED_FACE('',(#213),#160,.T.);
#1772=ADVANCED_FACE('',(#214),#161,.T.);
#1773=ADVANCED_FACE('',(#215),#162,.F.);
#1774=ADVANCED_FACE('',(#216),#163,.F.);
#1775=ADVANCED_FACE('',(#217),#164,.F.);
#1776=ADVANCED_FACE('',(#218),#1710,.F.);
#1777=ADVANCED_FACE('',(#219),#165,.F.);
#1778=ADVANCED_FACE('',(#220),#1711,.F.);
#1779=ADVANCED_FACE('',(#221),#166,.F.);
#1780=ADVANCED_FACE('',(#222),#1712,.F.);
#1781=ADVANCED_FACE('',(#223),#167,.F.);
#1782=ADVANCED_FACE('',(#224),#1713,.F.);
#1783=ADVANCED_FACE('',(#225),#168,.F.);
#1784=ADVANCED_FACE('',(#226),#169,.T.);
#1785=ADVANCED_FACE('',(#227),#170,.F.);
#1786=ADVANCED_FACE('',(#228),#1714,.T.);
#1787=ADVANCED_FACE('',(#229),#171,.F.);
#1788=ADVANCED_FACE('',(#230),#1715,.T.);
#1789=ADVANCED_FACE('',(#231,#45),#15,.F.);
#1790=ADVANCED_FACE('',(#232),#1716,.F.);
#1791=ADVANCED_FACE('',(#233),#172,.T.);
#1792=ADVANCED_FACE('',(#234,#46),#1717,.F.);
#1793=ADVANCED_FACE('',(#235,#47),#1718,.F.);
#1794=ADVANCED_FACE('',(#236,#48),#1719,.F.);
#1795=ADVANCED_FACE('',(#237,#49),#1720,.F.);
#1796=ADVANCED_FACE('',(#238,#50,#51,#52,#53),#173,.T.);
#1797=ADVANCED_FACE('',(#239),#174,.T.);
#1798=ADVANCED_FACE('',(#240,#54,#55,#56,#57),#175,.F.);
#1799=ADVANCED_FACE('',(#241,#58),#16,.T.);
#1800=ADVANCED_FACE('',(#242,#59,#60,#61,#62,#63,#64,#65),#176,.T.);
#1801=ADVANCED_FACE('',(#243,#66,#67,#68,#69,#70,#71,#72),#177,.F.);
#1802=ADVANCED_FACE('',(#244,#73),#17,.F.);
#1803=ADVANCED_FACE('',(#245,#74,#75,#76,#77,#78,#79,#80,#81,#82,#83,#84,
#85,#86,#87,#88,#89,#90,#91,#92),#178,.T.);
#1804=ADVANCED_FACE('',(#246,#93),#1721,.F.);
#1805=ADVANCED_FACE('',(#247,#94),#18,.F.);
#1806=ADVANCED_FACE('',(#248,#95),#1722,.F.);
#1807=ADVANCED_FACE('',(#249,#96),#19,.F.);
#1808=ADVANCED_FACE('',(#250,#97),#1723,.F.);
#1809=ADVANCED_FACE('',(#251,#98),#20,.F.);
#1810=ADVANCED_FACE('',(#252,#99),#1724,.F.);
#1811=ADVANCED_FACE('',(#253,#100),#21,.F.);
#1812=ADVANCED_FACE('',(#254,#101),#1725,.F.);
#1813=ADVANCED_FACE('',(#255,#102),#22,.F.);
#1814=ADVANCED_FACE('',(#256,#103),#1726,.F.);
#1815=ADVANCED_FACE('',(#257,#104),#23,.F.);
#1816=ADVANCED_FACE('',(#258,#105),#1727,.F.);
#1817=ADVANCED_FACE('',(#259,#106),#24,.F.);
#1818=ADVANCED_FACE('',(#260,#107),#1728,.F.);
#1819=ADVANCED_FACE('',(#261,#108),#25,.F.);
#1820=ADVANCED_FACE('',(#262,#109),#1729,.F.);
#1821=ADVANCED_FACE('',(#263,#110),#26,.F.);
#1822=ADVANCED_FACE('',(#264,#111),#1730,.F.);
#1823=ADVANCED_FACE('',(#265,#112),#27,.F.);
#1824=ADVANCED_FACE('',(#266,#113),#1731,.F.);
#1825=ADVANCED_FACE('',(#267,#114),#28,.F.);
#1826=ADVANCED_FACE('',(#268,#115),#1732,.F.);
#1827=ADVANCED_FACE('',(#269,#116),#1733,.F.);
#1828=ADVANCED_FACE('',(#270,#117),#1734,.F.);
#1829=ADVANCED_FACE('',(#271,#118),#1735,.F.);
#1830=ADVANCED_FACE('',(#272,#119),#1736,.F.);
#1831=ADVANCED_FACE('',(#273,#120),#1737,.F.);
#1832=ADVANCED_FACE('',(#274,#121),#1738,.F.);
#1833=ADVANCED_FACE('',(#275),#179,.T.);
#1834=ADVANCED_FACE('',(#276),#180,.T.);
#1835=ADVANCED_FACE('',(#277,#122),#1739,.T.);
#1836=ADVANCED_FACE('',(#278,#123,#124,#125,#126,#127,#128,#129,#130,#131,
#132,#133,#134,#135,#136,#137,#138,#139,#140,#141),#181,.T.);
#1837=CLOSED_SHELL('',(#1740,#1741,#1742,#1743,#1744,#1745,#1746,#1747,
#1748,#1749,#1750,#1751,#1752,#1753,#1754,#1755,#1756,#1757,#1758,#1759,
#1760,#1761,#1762,#1763,#1764,#1765,#1766,#1767,#1768,#1769,#1770,#1771,
#1772,#1773,#1774,#1775,#1776,#1777,#1778,#1779,#1780,#1781,#1782,#1783,
#1784,#1785,#1786,#1787,#1788,#1789,#1790,#1791,#1792,#1793,#1794,#1795,
#1796,#1797,#1798,#1799,#1800,#1801,#1802,#1803,#1804,#1805,#1806,#1807,
#1808,#1809,#1810,#1811,#1812,#1813,#1814,#1815,#1816,#1817,#1818,#1819,
#1820,#1821,#1822,#1823,#1824,#1825,#1826,#1827,#1828,#1829,#1830,#1831,
#1832,#1833,#1834,#1835,#1836));
#1838=DATE_TIME_ROLE('creation_date');
#1839=APPLIED_DATE_AND_TIME_ASSIGNMENT(#1840,#1838,(#3160));
#1840=DATE_AND_TIME(#1841,#1842);
#1841=CALENDAR_DATE(2015,14,11);
#1842=LOCAL_TIME(14,16,53.,#1843);
#1843=COORDINATED_UNIVERSAL_TIME_OFFSET(0,0,.BEHIND.);
#1844=AXIS2_PLACEMENT_3D('placement',#2602,#2062,#2063);
#1845=AXIS2_PLACEMENT_3D('',#2603,#2064,#2065);
#1846=AXIS2_PLACEMENT_3D('',#2606,#2066,#2067);
#1847=AXIS2_PLACEMENT_3D('',#2610,#2069,#2070);
#1848=AXIS2_PLACEMENT_3D('',#2612,#2072,#2073);
#1849=AXIS2_PLACEMENT_3D('',#2618,#2077,#2078);
#1850=AXIS2_PLACEMENT_3D('',#2620,#2079,#2080);
#1851=AXIS2_PLACEMENT_3D('',#2623,#2082,#2083);
#1852=AXIS2_PLACEMENT_3D('',#2624,#2084,#2085);
#1853=AXIS2_PLACEMENT_3D('',#2627,#2088,#2089);
#1854=AXIS2_PLACEMENT_3D('',#2636,#2094,#2095);
#1855=AXIS2_PLACEMENT_3D('',#2637,#2096,#2097);
#1856=AXIS2_PLACEMENT_3D('',#2638,#2098,#2099);
#1857=AXIS2_PLACEMENT_3D('',#2639,#2100,#2101);
#1858=AXIS2_PLACEMENT_3D('',#2642,#2102,#2103);
#1859=AXIS2_PLACEMENT_3D('',#2646,#2105,#2106);
#1860=AXIS2_PLACEMENT_3D('',#2648,#2108,#2109);
#1861=AXIS2_PLACEMENT_3D('',#2650,#2110,#2111);
#1862=AXIS2_PLACEMENT_3D('',#2653,#2113,#2114);
#1863=AXIS2_PLACEMENT_3D('',#2654,#2115,#2116);
#1864=AXIS2_PLACEMENT_3D('',#2656,#2117,#2118);
#1865=AXIS2_PLACEMENT_3D('',#2659,#2120,#2121);
#1866=AXIS2_PLACEMENT_3D('',#2660,#2122,#2123);
#1867=AXIS2_PLACEMENT_3D('',#2666,#2127,#2128);
#1868=AXIS2_PLACEMENT_3D('',#2668,#2129,#2130);
#1869=AXIS2_PLACEMENT_3D('',#2671,#2132,#2133);
#1870=AXIS2_PLACEMENT_3D('',#2672,#2134,#2135);
#1871=AXIS2_PLACEMENT_3D('',#2675,#2138,#2139);
#1872=AXIS2_PLACEMENT_3D('',#2678,#2140,#2141);
#1873=AXIS2_PLACEMENT_3D('',#2682,#2143,#2144);
#1874=AXIS2_PLACEMENT_3D('',#2684,#2146,#2147);
#1875=AXIS2_PLACEMENT_3D('',#2690,#2151,#2152);
#1876=AXIS2_PLACEMENT_3D('',#2692,#2153,#2154);
#1877=AXIS2_PLACEMENT_3D('',#2695,#2156,#2157);
#1878=AXIS2_PLACEMENT_3D('',#2696,#2158,#2159);
#1879=AXIS2_PLACEMENT_3D('',#2699,#2162,#2163);
#1880=AXIS2_PLACEMENT_3D('',#2702,#2164,#2165);
#1881=AXIS2_PLACEMENT_3D('',#2706,#2167,#2168);
#1882=AXIS2_PLACEMENT_3D('',#2708,#2170,#2171);
#1883=AXIS2_PLACEMENT_3D('',#2714,#2175,#2176);
#1884=AXIS2_PLACEMENT_3D('',#2716,#2177,#2178);
#1885=AXIS2_PLACEMENT_3D('',#2719,#2180,#2181);
#1886=AXIS2_PLACEMENT_3D('',#2720,#2182,#2183);
#1887=AXIS2_PLACEMENT_3D('',#2723,#2186,#2187);
#1888=AXIS2_PLACEMENT_3D('',#2728,#2189,#2190);
#1889=AXIS2_PLACEMENT_3D('',#2731,#2192,#2193);
#1890=AXIS2_PLACEMENT_3D('',#2734,#2194,#2195);
#1891=AXIS2_PLACEMENT_3D('',#2738,#2197,#2198);
#1892=AXIS2_PLACEMENT_3D('',#2742,#2200,#2201);
#1893=AXIS2_PLACEMENT_3D('',#2746,#2203,#2204);
#1894=AXIS2_PLACEMENT_3D('',#2750,#2206,#2207);
#1895=AXIS2_PLACEMENT_3D('',#2754,#2209,#2210);
#1896=AXIS2_PLACEMENT_3D('',#2756,#2212,#2213);
#1897=AXIS2_PLACEMENT_3D('',#2761,#2215,#2216);
#1898=AXIS2_PLACEMENT_3D('',#2764,#2218,#2219);
#1899=AXIS2_PLACEMENT_3D('',#2767,#2220,#2221);
#1900=AXIS2_PLACEMENT_3D('',#2771,#2223,#2224);
#1901=AXIS2_PLACEMENT_3D('',#2775,#2226,#2227);
#1902=AXIS2_PLACEMENT_3D('',#2779,#2229,#2230);
#1903=AXIS2_PLACEMENT_3D('',#2783,#2232,#2233);
#1904=AXIS2_PLACEMENT_3D('',#2787,#2235,#2236);
#1905=AXIS2_PLACEMENT_3D('',#2789,#2238,#2239);
#1906=AXIS2_PLACEMENT_3D('',#2793,#2241,#2242);
#1907=AXIS2_PLACEMENT_3D('',#2795,#2244,#2245);
#1908=AXIS2_PLACEMENT_3D('',#2799,#2247,#2248);
#1909=AXIS2_PLACEMENT_3D('',#2801,#2250,#2251);
#1910=AXIS2_PLACEMENT_3D('',#2804,#2254,#2255);
#1911=AXIS2_PLACEMENT_3D('',#2808,#2257,#2258);
#1912=AXIS2_PLACEMENT_3D('',#2810,#2260,#2261);
#1913=AXIS2_PLACEMENT_3D('',#2813,#2264,#2265);
#1914=AXIS2_PLACEMENT_3D('',#2817,#2267,#2268);
#1915=AXIS2_PLACEMENT_3D('',#2819,#2270,#2271);
#1916=AXIS2_PLACEMENT_3D('',#2823,#2274,#2275);
#1917=AXIS2_PLACEMENT_3D('',#2825,#2277,#2278);
#1918=AXIS2_PLACEMENT_3D('',#2829,#2281,#2282);
#1919=AXIS2_PLACEMENT_3D('',#2833,#2284,#2285);
#1920=AXIS2_PLACEMENT_3D('',#2835,#2287,#2288);
#1921=AXIS2_PLACEMENT_3D('',#2838,#2291,#2292);
#1922=AXIS2_PLACEMENT_3D('',#2841,#2294,#2295);
#1923=AXIS2_PLACEMENT_3D('',#2842,#2296,#2297);
#1924=AXIS2_PLACEMENT_3D('',#2844,#2299,#2300);
#1925=AXIS2_PLACEMENT_3D('',#2845,#2301,#2302);
#1926=AXIS2_PLACEMENT_3D('',#2848,#2303,#2304);
#1927=AXIS2_PLACEMENT_3D('',#2852,#2306,#2307);
#1928=AXIS2_PLACEMENT_3D('',#2854,#2309,#2310);
#1929=AXIS2_PLACEMENT_3D('',#2860,#2314,#2315);
#1930=AXIS2_PLACEMENT_3D('',#2862,#2316,#2317);
#1931=AXIS2_PLACEMENT_3D('',#2865,#2319,#2320);
#1932=AXIS2_PLACEMENT_3D('',#2866,#2321,#2322);
#1933=AXIS2_PLACEMENT_3D('',#2869,#2325,#2326);
#1934=AXIS2_PLACEMENT_3D('',#2872,#2327,#2328);
#1935=AXIS2_PLACEMENT_3D('',#2876,#2330,#2331);
#1936=AXIS2_PLACEMENT_3D('',#2878,#2333,#2334);
#1937=AXIS2_PLACEMENT_3D('',#2884,#2338,#2339);
#1938=AXIS2_PLACEMENT_3D('',#2886,#2340,#2341);
#1939=AXIS2_PLACEMENT_3D('',#2889,#2343,#2344);
#1940=AXIS2_PLACEMENT_3D('',#2890,#2345,#2346);
#1941=AXIS2_PLACEMENT_3D('',#2893,#2349,#2350);
#1942=AXIS2_PLACEMENT_3D('',#2903,#2352,#2353);
#1943=AXIS2_PLACEMENT_3D('',#2919,#2359,#2360);
#1944=AXIS2_PLACEMENT_3D('',#2920,#2361,#2362);
#1945=AXIS2_PLACEMENT_3D('',#2921,#2363,#2364);
#1946=AXIS2_PLACEMENT_3D('',#2922,#2365,#2366);
#1947=AXIS2_PLACEMENT_3D('',#2923,#2367,#2368);
#1948=AXIS2_PLACEMENT_3D('',#2937,#2369,#2370);
#1949=AXIS2_PLACEMENT_3D('',#2949,#2371,#2372);
#1950=AXIS2_PLACEMENT_3D('',#2951,#2373,#2374);
#1951=AXIS2_PLACEMENT_3D('',#2952,#2375,#2376);
#1952=AXIS2_PLACEMENT_3D('',#2953,#2377,#2378);
#1953=AXIS2_PLACEMENT_3D('',#2957,#2380,#2381);
#1954=AXIS2_PLACEMENT_3D('',#2959,#2383,#2384);
#1955=AXIS2_PLACEMENT_3D('',#2961,#2386,#2387);
#1956=AXIS2_PLACEMENT_3D('',#2963,#2388,#2389);
#1957=AXIS2_PLACEMENT_3D('',#2965,#2390,#2391);
#1958=AXIS2_PLACEMENT_3D('',#2966,#2392,#2393);
#1959=AXIS2_PLACEMENT_3D('',#2968,#2394,#2395);
#1960=AXIS2_PLACEMENT_3D('',#2970,#2396,#2397);
#1961=AXIS2_PLACEMENT_3D('',#2971,#2398,#2399);
#1962=AXIS2_PLACEMENT_3D('',#2973,#2400,#2401);
#1963=AXIS2_PLACEMENT_3D('',#2975,#2402,#2403);
#1964=AXIS2_PLACEMENT_3D('',#2976,#2404,#2405);
#1965=AXIS2_PLACEMENT_3D('',#2978,#2406,#2407);
#1966=AXIS2_PLACEMENT_3D('',#2980,#2408,#2409);
#1967=AXIS2_PLACEMENT_3D('',#2981,#2410,#2411);
#1968=AXIS2_PLACEMENT_3D('',#2982,#2412,#2413);
#1969=AXIS2_PLACEMENT_3D('',#2984,#2414,#2415);
#1970=AXIS2_PLACEMENT_3D('',#2986,#2417,#2418);
#1971=AXIS2_PLACEMENT_3D('',#2987,#2419,#2420);
#1972=AXIS2_PLACEMENT_3D('',#2988,#2421,#2422);
#1973=AXIS2_PLACEMENT_3D('',#2990,#2423,#2424);
#1974=AXIS2_PLACEMENT_3D('',#3000,#2425,#2426);
#1975=AXIS2_PLACEMENT_3D('',#3008,#2427,#2428);
#1976=AXIS2_PLACEMENT_3D('',#3009,#2429,#2430);
#1977=AXIS2_PLACEMENT_3D('',#3011,#2432,#2433);
#1978=AXIS2_PLACEMENT_3D('',#3013,#2434,#2435);
#1979=AXIS2_PLACEMENT_3D('',#3015,#2436,#2437);
#1980=AXIS2_PLACEMENT_3D('',#3016,#2438,#2439);
#1981=AXIS2_PLACEMENT_3D('',#3018,#2440,#2441);
#1982=AXIS2_PLACEMENT_3D('',#3020,#2442,#2443);
#1983=AXIS2_PLACEMENT_3D('',#3022,#2444,#2445);
#1984=AXIS2_PLACEMENT_3D('',#3024,#2446,#2447);
#1985=AXIS2_PLACEMENT_3D('',#3026,#2448,#2449);
#1986=AXIS2_PLACEMENT_3D('',#3028,#2450,#2451);
#1987=AXIS2_PLACEMENT_3D('',#3030,#2452,#2453);
#1988=AXIS2_PLACEMENT_3D('',#3032,#2454,#2455);
#1989=AXIS2_PLACEMENT_3D('',#3034,#2456,#2457);
#1990=AXIS2_PLACEMENT_3D('',#3036,#2458,#2459);
#1991=AXIS2_PLACEMENT_3D('',#3038,#2460,#2461);
#1992=AXIS2_PLACEMENT_3D('',#3040,#2462,#2463);
#1993=AXIS2_PLACEMENT_3D('',#3042,#2464,#2465);
#1994=AXIS2_PLACEMENT_3D('',#3044,#2466,#2467);
#1995=AXIS2_PLACEMENT_3D('',#3046,#2468,#2469);
#1996=AXIS2_PLACEMENT_3D('',#3048,#2470,#2471);
#1997=AXIS2_PLACEMENT_3D('',#3050,#2472,#2473);
#1998=AXIS2_PLACEMENT_3D('',#3052,#2474,#2475);
#1999=AXIS2_PLACEMENT_3D('',#3053,#2476,#2477);
#2000=AXIS2_PLACEMENT_3D('',#3055,#2478,#2479);
#2001=AXIS2_PLACEMENT_3D('',#3056,#2480,#2481);
#2002=AXIS2_PLACEMENT_3D('',#3058,#2482,#2483);
#2003=AXIS2_PLACEMENT_3D('',#3059,#2484,#2485);
#2004=AXIS2_PLACEMENT_3D('',#3061,#2486,#2487);
#2005=AXIS2_PLACEMENT_3D('',#3062,#2488,#2489);
#2006=AXIS2_PLACEMENT_3D('',#3064,#2490,#2491);
#2007=AXIS2_PLACEMENT_3D('',#3065,#2492,#2493);
#2008=AXIS2_PLACEMENT_3D('',#3067,#2494,#2495);
#2009=AXIS2_PLACEMENT_3D('',#3068,#2496,#2497);
#2010=AXIS2_PLACEMENT_3D('',#3070,#2498,#2499);
#2011=AXIS2_PLACEMENT_3D('',#3071,#2500,#2501);
#2012=AXIS2_PLACEMENT_3D('',#3073,#2502,#2503);
#2013=AXIS2_PLACEMENT_3D('',#3074,#2504,#2505);
#2014=AXIS2_PLACEMENT_3D('',#3076,#2506,#2507);
#2015=AXIS2_PLACEMENT_3D('',#3077,#2508,#2509);
#2016=AXIS2_PLACEMENT_3D('',#3079,#2510,#2511);
#2017=AXIS2_PLACEMENT_3D('',#3080,#2512,#2513);
#2018=AXIS2_PLACEMENT_3D('',#3082,#2514,#2515);
#2019=AXIS2_PLACEMENT_3D('',#3083,#2516,#2517);
#2020=AXIS2_PLACEMENT_3D('',#3085,#2518,#2519);
#2021=AXIS2_PLACEMENT_3D('',#3086,#2520,#2521);
#2022=AXIS2_PLACEMENT_3D('',#3088,#2522,#2523);
#2023=AXIS2_PLACEMENT_3D('',#3089,#2524,#2525);
#2024=AXIS2_PLACEMENT_3D('',#3091,#2526,#2527);
#2025=AXIS2_PLACEMENT_3D('',#3092,#2528,#2529);
#2026=AXIS2_PLACEMENT_3D('',#3094,#2530,#2531);
#2027=AXIS2_PLACEMENT_3D('',#3095,#2532,#2533);
#2028=AXIS2_PLACEMENT_3D('',#3097,#2534,#2535);
#2029=AXIS2_PLACEMENT_3D('',#3098,#2536,#2537);
#2030=AXIS2_PLACEMENT_3D('',#3100,#2538,#2539);
#2031=AXIS2_PLACEMENT_3D('',#3101,#2540,#2541);
#2032=AXIS2_PLACEMENT_3D('',#3103,#2542,#2543);
#2033=AXIS2_PLACEMENT_3D('',#3104,#2544,#2545);
#2034=AXIS2_PLACEMENT_3D('',#3106,#2546,#2547);
#2035=AXIS2_PLACEMENT_3D('',#3107,#2548,#2549);
#2036=AXIS2_PLACEMENT_3D('',#3109,#2550,#2551);
#2037=AXIS2_PLACEMENT_3D('',#3110,#2552,#2553);
#2038=AXIS2_PLACEMENT_3D('',#3112,#2554,#2555);
#2039=AXIS2_PLACEMENT_3D('',#3113,#2556,#2557);
#2040=AXIS2_PLACEMENT_3D('',#3115,#2558,#2559);
#2041=AXIS2_PLACEMENT_3D('',#3116,#2560,#2561);
#2042=AXIS2_PLACEMENT_3D('',#3118,#2562,#2563);
#2043=AXIS2_PLACEMENT_3D('',#3119,#2564,#2565);
#2044=AXIS2_PLACEMENT_3D('',#3121,#2566,#2567);
#2045=AXIS2_PLACEMENT_3D('',#3122,#2568,#2569);
#2046=AXIS2_PLACEMENT_3D('',#3124,#2570,#2571);
#2047=AXIS2_PLACEMENT_3D('',#3125,#2572,#2573);
#2048=AXIS2_PLACEMENT_3D('',#3127,#2574,#2575);
#2049=AXIS2_PLACEMENT_3D('',#3128,#2576,#2577);
#2050=AXIS2_PLACEMENT_3D('',#3130,#2578,#2579);
#2051=AXIS2_PLACEMENT_3D('',#3131,#2580,#2581);
#2052=AXIS2_PLACEMENT_3D('',#3133,#2582,#2583);
#2053=AXIS2_PLACEMENT_3D('',#3134,#2584,#2585);
#2054=AXIS2_PLACEMENT_3D('',#3136,#2586,#2587);
#2055=AXIS2_PLACEMENT_3D('',#3137,#2588,#2589);
#2056=AXIS2_PLACEMENT_3D('',#3139,#2590,#2591);
#2057=AXIS2_PLACEMENT_3D('',#3140,#2592,#2593);
#2058=AXIS2_PLACEMENT_3D('',#3141,#2594,#2595);
#2059=AXIS2_PLACEMENT_3D('',#3142,#2596,#2597);
#2060=AXIS2_PLACEMENT_3D('',#3144,#2598,#2599);
#2061=AXIS2_PLACEMENT_3D('',#3145,#2600,#2601);
#2062=DIRECTION('axis',(0.,0.,1.));
#2063=DIRECTION('refdir',(1.,0.,0.));
#2064=DIRECTION('center_axis',(0.,0.,1.));
#2065=DIRECTION('ref_axis',(0.91764705882353,-0.397396370683634,0.));
#2066=DIRECTION('center_axis',(0.,0.,1.));
#2067=DIRECTION('ref_axis',(0.91764705882353,-0.397396370683634,0.));
#2068=DIRECTION('',(0.,0.,1.));
#2069=DIRECTION('center_axis',(0.,0.,-1.));
#2070=DIRECTION('ref_axis',(0.91764705882353,-0.397396370683634,0.));
#2071=DIRECTION('',(0.,0.,1.));
#2072=DIRECTION('center_axis',(-1.,0.,0.));
#2073=DIRECTION('ref_axis',(0.,-1.,0.));
#2074=DIRECTION('',(0.,-1.,0.));
#2075=DIRECTION('',(0.,0.,1.));
#2076=DIRECTION('',(0.,1.,0.));
#2077=DIRECTION('center_axis',(0.,0.,1.));
#2078=DIRECTION('ref_axis',(-0.91764705882353,0.397396370683635,0.));
#2079=DIRECTION('center_axis',(0.,0.,1.));
#2080=DIRECTION('ref_axis',(-0.91764705882353,0.397396370683635,0.));
#2081=DIRECTION('',(0.,0.,1.));
#2082=DIRECTION('center_axis',(0.,0.,-1.));
#2083=DIRECTION('ref_axis',(-0.91764705882353,0.397396370683635,0.));
#2084=DIRECTION('center_axis',(1.,0.,0.));
#2085=DIRECTION('ref_axis',(0.,1.,0.));
#2086=DIRECTION('',(0.,1.,0.));
#2087=DIRECTION('',(0.,-1.,0.));
#2088=DIRECTION('center_axis',(6.81703188523913E-15,1.,0.));
#2089=DIRECTION('ref_axis',(-1.,6.75015598972095E-15,0.));
#2090=DIRECTION('',(-1.,6.81703188523913E-15,0.));
#2091=DIRECTION('',(0.,0.,1.));
#2092=DIRECTION('',(1.,-6.81703188523913E-15,0.));
#2093=DIRECTION('',(0.,0.,1.));
#2094=DIRECTION('center_axis',(0.,0.,1.));
#2095=DIRECTION('ref_axis',(0.384615384615225,0.92307692307699,0.));
#2096=DIRECTION('center_axis',(0.,0.,1.));
#2097=DIRECTION('ref_axis',(0.384615384615225,0.92307692307699,0.));
#2098=DIRECTION('center_axis',(0.,0.,-1.));
#2099=DIRECTION('ref_axis',(0.384615384615225,0.92307692307699,0.));
#2100=DIRECTION('center_axis',(0.,0.,1.));
#2101=DIRECTION('ref_axis',(0.328671099061091,0.944444444444444,0.));
#2102=DIRECTION('center_axis',(0.,0.,1.));
#2103=DIRECTION('ref_axis',(0.328671099061091,0.944444444444444,0.));
#2104=DIRECTION('',(0.,0.,1.));
#2105=DIRECTION('center_axis',(0.,0.,-1.));
#2106=DIRECTION('ref_axis',(0.328671099061091,0.944444444444444,0.));
#2107=DIRECTION('',(0.,0.,1.));
#2108=DIRECTION('center_axis',(0.,0.,1.));
#2109=DIRECTION('ref_axis',(0.348924731182798,0.937150751997251,0.));
#2110=DIRECTION('center_axis',(0.,0.,-1.));
#2111=DIRECTION('ref_axis',(0.348924731182798,0.937150751997251,0.));
#2112=DIRECTION('',(0.,0.,1.));
#2113=DIRECTION('center_axis',(0.,0.,1.));
#2114=DIRECTION('ref_axis',(0.348924731182798,0.937150751997251,0.));
#2115=DIRECTION('center_axis',(0.,0.,1.));
#2116=DIRECTION('ref_axis',(0.994563918757467,-0.104127861333028,0.));
#2117=DIRECTION('center_axis',(0.,0.,1.));
#2118=DIRECTION('ref_axis',(0.994563918757467,-0.104127861333028,0.));
#2119=DIRECTION('',(0.,0.,1.));
#2120=DIRECTION('center_axis',(0.,0.,-1.));
#2121=DIRECTION('ref_axis',(0.994563918757467,-0.104127861333028,0.));
#2122=DIRECTION('center_axis',(0.,1.,0.));
#2123=DIRECTION('ref_axis',(-1.,0.,0.));
#2124=DIRECTION('',(-1.,0.,0.));
#2125=DIRECTION('',(0.,0.,1.));
#2126=DIRECTION('',(1.,0.,0.));
#2127=DIRECTION('center_axis',(0.,0.,1.));
#2128=DIRECTION('ref_axis',(-0.328671099061096,-0.944444444444442,0.));
#2129=DIRECTION('center_axis',(0.,0.,1.));
#2130=DIRECTION('ref_axis',(-0.328671099061096,-0.944444444444442,0.));
#2131=DIRECTION('',(0.,0.,1.));
#2132=DIRECTION('center_axis',(0.,0.,-1.));
#2133=DIRECTION('ref_axis',(-0.328671099061096,-0.944444444444442,0.));
#2134=DIRECTION('center_axis',(0.,-1.,0.));
#2135=DIRECTION('ref_axis',(1.,0.,0.));
#2136=DIRECTION('',(1.,0.,0.));
#2137=DIRECTION('',(-1.,0.,0.));
#2138=DIRECTION('center_axis',(0.,0.,1.));
#2139=DIRECTION('ref_axis',(0.917647058823532,-0.397396370683631,0.));
#2140=DIRECTION('center_axis',(0.,0.,1.));
#2141=DIRECTION('ref_axis',(0.917647058823532,-0.397396370683631,0.));
#2142=DIRECTION('',(0.,0.,1.));
#2143=DIRECTION('center_axis',(0.,0.,-1.));
#2144=DIRECTION('ref_axis',(0.917647058823532,-0.397396370683631,0.));
#2145=DIRECTION('',(0.,0.,1.));
#2146=DIRECTION('center_axis',(-1.,0.,0.));
#2147=DIRECTION('ref_axis',(0.,-1.,0.));
#2148=DIRECTION('',(0.,-1.,0.));
#2149=DIRECTION('',(0.,0.,1.));
#2150=DIRECTION('',(0.,1.,0.));
#2151=DIRECTION('center_axis',(0.,0.,1.));
#2152=DIRECTION('ref_axis',(-0.917647058823529,0.397396370683637,0.));
#2153=DIRECTION('center_axis',(0.,0.,1.));
#2154=DIRECTION('ref_axis',(-0.917647058823529,0.397396370683637,0.));
#2155=DIRECTION('',(0.,0.,1.));
#2156=DIRECTION('center_axis',(0.,0.,-1.));
#2157=DIRECTION('ref_axis',(-0.917647058823529,0.397396370683637,0.));
#2158=DIRECTION('center_axis',(1.,2.62940445602201E-15,0.));
#2159=DIRECTION('ref_axis',(-2.8421709430404E-15,1.,0.));
#2160=DIRECTION('',(-2.62940445602201E-15,1.,0.));
#2161=DIRECTION('',(2.62940445602201E-15,-1.,0.));
#2162=DIRECTION('center_axis',(0.,0.,1.));
#2163=DIRECTION('ref_axis',(0.384615384615231,0.923076923076987,0.));
#2164=DIRECTION('center_axis',(0.,0.,1.));
#2165=DIRECTION('ref_axis',(0.384615384615231,0.923076923076987,0.));
#2166=DIRECTION('',(0.,0.,1.));
#2167=DIRECTION('center_axis',(0.,0.,-1.));
#2168=DIRECTION('ref_axis',(0.384615384615231,0.923076923076987,0.));
#2169=DIRECTION('',(0.,0.,1.));
#2170=DIRECTION('center_axis',(2.66453525910128E-14,1.,0.));
#2171=DIRECTION('ref_axis',(-1.,2.66453525910038E-14,0.));
#2172=DIRECTION('',(-1.,2.66453525910128E-14,0.));
#2173=DIRECTION('',(0.,0.,1.));
#2174=DIRECTION('',(1.,-2.66453525910128E-14,0.));
#2175=DIRECTION('center_axis',(0.,0.,1.));
#2176=DIRECTION('ref_axis',(-0.384615384615282,-0.923076923076966,0.));
#2177=DIRECTION('center_axis',(0.,0.,1.));
#2178=DIRECTION('ref_axis',(-0.384615384615282,-0.923076923076966,0.));
#2179=DIRECTION('',(0.,0.,1.));
#2180=DIRECTION('center_axis',(0.,0.,-1.));
#2181=DIRECTION('ref_axis',(-0.384615384615282,-0.923076923076966,0.));
#2182=DIRECTION('center_axis',(-1.11022302462564E-14,-1.,0.));
#2183=DIRECTION('ref_axis',(1.,-1.13686837721616E-14,0.));
#2184=DIRECTION('',(1.,-1.11022302462564E-14,0.));
#2185=DIRECTION('',(-1.,1.11022302462564E-14,0.));
#2186=DIRECTION('center_axis',(0.,0.,-1.));
#2187=DIRECTION('ref_axis',(1.,0.,0.));
#2188=DIRECTION('',(0.,0.,-1.));
#2189=DIRECTION('center_axis',(0.,1.25660571931016E-16,-1.));
#2190=DIRECTION('ref_axis',(1.,0.,0.));
#2191=DIRECTION('',(0.,0.,1.));
#2192=DIRECTION('center_axis',(0.,0.,-1.));
#2193=DIRECTION('ref_axis',(1.,0.,0.));
#2194=DIRECTION('center_axis',(0.,-1.17987387670068E-17,1.));
#2195=DIRECTION('ref_axis',(1.,0.,0.));
#2196=DIRECTION('',(0.,0.,1.));
#2197=DIRECTION('center_axis',(0.,0.,1.));
#2198=DIRECTION('ref_axis',(1.,0.,0.));
#2199=DIRECTION('',(0.,0.,-1.));
#2200=DIRECTION('center_axis',(0.,-1.17987387670068E-17,1.));
#2201=DIRECTION('ref_axis',(1.,0.,0.));
#2202=DIRECTION('',(0.,0.,1.));
#2203=DIRECTION('center_axis',(0.,0.,1.));
#2204=DIRECTION('ref_axis',(1.,0.,0.));
#2205=DIRECTION('',(0.,0.,-1.));
#2206=DIRECTION('center_axis',(0.,-1.17987387670068E-17,1.));
#2207=DIRECTION('ref_axis',(1.,0.,0.));
#2208=DIRECTION('',(0.,0.,1.));
#2209=DIRECTION('center_axis',(0.,0.,1.));
#2210=DIRECTION('ref_axis',(1.,0.,0.));
#2211=DIRECTION('',(0.,0.,-1.));
#2212=DIRECTION('center_axis',(0.,0.,-1.));
#2213=DIRECTION('ref_axis',(1.,0.,0.));
#2214=DIRECTION('',(0.,0.,-1.));
#2215=DIRECTION('center_axis',(0.,1.25660571931016E-16,-1.));
#2216=DIRECTION('ref_axis',(1.,0.,0.));
#2217=DIRECTION('',(0.,0.,1.));
#2218=DIRECTION('center_axis',(0.,0.,-1.));
#2219=DIRECTION('ref_axis',(1.,0.,0.));
#2220=DIRECTION('center_axis',(0.,-1.17987387670068E-17,1.));
#2221=DIRECTION('ref_axis',(1.,0.,0.));
#2222=DIRECTION('',(0.,0.,1.));
#2223=DIRECTION('center_axis',(0.,0.,1.));
#2224=DIRECTION('ref_axis',(1.,0.,0.));
#2225=DIRECTION('',(0.,0.,-1.));
#2226=DIRECTION('center_axis',(0.,-1.17987387670068E-17,1.));
#2227=DIRECTION('ref_axis',(1.,0.,0.));
#2228=DIRECTION('',(0.,0.,1.));
#2229=DIRECTION('center_axis',(0.,0.,1.));
#2230=DIRECTION('ref_axis',(1.,0.,0.));
#2231=DIRECTION('',(0.,0.,-1.));
#2232=DIRECTION('center_axis',(0.,-1.17987387670068E-17,1.));
#2233=DIRECTION('ref_axis',(1.,0.,0.));
#2234=DIRECTION('',(0.,0.,1.));
#2235=DIRECTION('center_axis',(0.,0.,1.));
#2236=DIRECTION('ref_axis',(1.,0.,0.));
#2237=DIRECTION('',(0.,0.,-1.));
#2238=DIRECTION('center_axis',(1.,0.,0.));
#2239=DIRECTION('ref_axis',(0.,0.,-1.));
#2240=DIRECTION('',(0.,1.,1.25660571931016E-16));
#2241=DIRECTION('center_axis',(1.,0.,0.));
#2242=DIRECTION('ref_axis',(0.,1.,0.));
#2243=DIRECTION('',(0.,-1.,0.));
#2244=DIRECTION('center_axis',(1.,0.,0.));
#2245=DIRECTION('ref_axis',(0.,0.,-1.));
#2246=DIRECTION('',(0.,-1.,0.));
#2247=DIRECTION('center_axis',(1.,0.,0.));
#2248=DIRECTION('ref_axis',(0.,1.,0.));
#2249=DIRECTION('',(0.,1.,1.25660571931016E-16));
#2250=DIRECTION('center_axis',(1.,0.,0.));
#2251=DIRECTION('ref_axis',(0.,0.,-1.));
#2252=DIRECTION('',(0.,1.,1.25660571931016E-16));
#2253=DIRECTION('',(0.,-1.,0.));
#2254=DIRECTION('center_axis',(1.,0.,0.));
#2255=DIRECTION('ref_axis',(0.,0.,-1.));
#2256=DIRECTION('',(0.,1.,0.));
#2257=DIRECTION('center_axis',(1.,0.,0.));
#2258=DIRECTION('ref_axis',(0.,0.984023597540964,0.178038084359891));
#2259=DIRECTION('',(0.,1.,1.17987387670068E-17));
#2260=DIRECTION('center_axis',(1.,0.,0.));
#2261=DIRECTION('ref_axis',(0.,0.,-1.));
#2262=DIRECTION('',(0.,1.,0.));
#2263=DIRECTION('',(0.,1.,1.17987387670068E-17));
#2264=DIRECTION('center_axis',(1.,0.,0.));
#2265=DIRECTION('ref_axis',(0.,0.,-1.));
#2266=DIRECTION('',(0.,1.,1.17987387670068E-17));
#2267=DIRECTION('center_axis',(1.,0.,0.));
#2268=DIRECTION('ref_axis',(0.,0.984023597540964,0.178038084359891));
#2269=DIRECTION('',(0.,1.,0.));
#2270=DIRECTION('center_axis',(0.,0.,-1.));
#2271=DIRECTION('ref_axis',(0.,1.,0.));
#2272=DIRECTION('',(0.,1.,0.));
#2273=DIRECTION('',(1.,0.,0.));
#2274=DIRECTION('center_axis',(0.,0.,-1.));
#2275=DIRECTION('ref_axis',(0.,1.,0.));
#2276=DIRECTION('',(0.,1.,0.));
#2277=DIRECTION('center_axis',(0.,0.,-1.));
#2278=DIRECTION('ref_axis',(0.,1.,0.));
#2279=DIRECTION('',(1.,0.,0.));
#2280=DIRECTION('',(0.,1.,0.));
#2281=DIRECTION('center_axis',(1.,0.,0.));
#2282=DIRECTION('ref_axis',(0.,0.,-1.));
#2283=DIRECTION('',(0.,-1.,0.));
#2284=DIRECTION('center_axis',(-1.,0.,0.));
#2285=DIRECTION('ref_axis',(0.,1.,0.));
#2286=DIRECTION('',(0.,1.,1.17987387670068E-17));
#2287=DIRECTION('center_axis',(1.,0.,0.));
#2288=DIRECTION('ref_axis',(0.,0.,-1.));
#2289=DIRECTION('',(0.,-1.,0.));
#2290=DIRECTION('',(0.,1.,1.17987387670068E-17));
#2291=DIRECTION('center_axis',(1.,0.,0.));
#2292=DIRECTION('ref_axis',(0.,0.,-1.));
#2293=DIRECTION('',(0.,-1.,-1.17987387670068E-17));
#2294=DIRECTION('center_axis',(1.,0.,0.));
#2295=DIRECTION('ref_axis',(0.,0.984023597540964,0.178038084359891));
#2296=DIRECTION('center_axis',(1.,0.,0.));
#2297=DIRECTION('ref_axis',(0.,0.,-1.));
#2298=DIRECTION('',(0.,-1.,-1.17987387670068E-17));
#2299=DIRECTION('center_axis',(0.,-1.17987387670068E-17,1.));
#2300=DIRECTION('ref_axis',(0.,-1.,0.));
#2301=DIRECTION('center_axis',(0.,0.,1.));
#2302=DIRECTION('ref_axis',(0.90000000000001,-0.435889894354046,0.));
#2303=DIRECTION('center_axis',(0.,0.,1.));
#2304=DIRECTION('ref_axis',(0.90000000000001,-0.435889894354046,0.));
#2305=DIRECTION('',(0.,0.,1.));
#2306=DIRECTION('center_axis',(0.,0.,-1.));
#2307=DIRECTION('ref_axis',(0.90000000000001,-0.435889894354046,0.));
#2308=DIRECTION('',(0.,0.,1.));
#2309=DIRECTION('center_axis',(-1.,6.78834946893243E-15,0.));
#2310=DIRECTION('ref_axis',(-6.75015598972095E-15,-1.,0.));
#2311=DIRECTION('',(-6.78834946893243E-15,-1.,0.));
#2312=DIRECTION('',(0.,0.,1.));
#2313=DIRECTION('',(6.78834946893243E-15,1.,0.));
#2314=DIRECTION('center_axis',(0.,0.,1.));
#2315=DIRECTION('ref_axis',(-0.915384615384601,0.402580434096326,0.));
#2316=DIRECTION('center_axis',(0.,0.,1.));
#2317=DIRECTION('ref_axis',(-0.915384615384601,0.402580434096326,0.));
#2318=DIRECTION('',(0.,0.,1.));
#2319=DIRECTION('center_axis',(0.,0.,-1.));
#2320=DIRECTION('ref_axis',(-0.915384615384601,0.402580434096326,0.));
#2321=DIRECTION('center_axis',(1.,0.,0.));
#2322=DIRECTION('ref_axis',(0.,1.,0.));
#2323=DIRECTION('',(0.,1.,0.));
#2324=DIRECTION('',(0.,-1.,0.));
#2325=DIRECTION('center_axis',(0.,0.,1.));
#2326=DIRECTION('ref_axis',(-0.91764705882353,0.397396370683634,0.));
#2327=DIRECTION('center_axis',(0.,0.,1.));
#2328=DIRECTION('ref_axis',(-0.91764705882353,0.397396370683634,0.));
#2329=DIRECTION('',(0.,0.,1.));
#2330=DIRECTION('center_axis',(0.,0.,-1.));
#2331=DIRECTION('ref_axis',(-0.91764705882353,0.397396370683634,0.));
#2332=DIRECTION('',(0.,0.,1.));
#2333=DIRECTION('center_axis',(-1.,0.,0.));
#2334=DIRECTION('ref_axis',(0.,-1.,0.));
#2335=DIRECTION('',(0.,-1.,0.));
#2336=DIRECTION('',(0.,0.,1.));
#2337=DIRECTION('',(0.,1.,0.));
#2338=DIRECTION('center_axis',(0.,0.,1.));
#2339=DIRECTION('ref_axis',(0.917647058823529,-0.397396370683637,0.));
#2340=DIRECTION('center_axis',(0.,0.,1.));
#2341=DIRECTION('ref_axis',(0.917647058823529,-0.397396370683637,0.));
#2342=DIRECTION('',(0.,0.,1.));
#2343=DIRECTION('center_axis',(0.,0.,-1.));
#2344=DIRECTION('ref_axis',(0.917647058823529,-0.397396370683637,0.));
#2345=DIRECTION('center_axis',(1.,0.,0.));
#2346=DIRECTION('ref_axis',(0.,1.,0.));
#2347=DIRECTION('',(0.,1.,0.));
#2348=DIRECTION('',(0.,-1.,0.));
#2349=DIRECTION('center_axis',(0.,-1.25660571931016E-16,1.));
#2350=DIRECTION('ref_axis',(0.,1.,0.));
#2351=DIRECTION('',(0.,-1.,-1.25660571931016E-16));
#2352=DIRECTION('center_axis',(0.,-1.17987387670068E-17,1.));
#2353=DIRECTION('ref_axis',(0.,-1.,0.));
#2354=DIRECTION('',(0.,-1.,-1.17987387670068E-17));
#2355=DIRECTION('',(1.,0.,0.));
#2356=DIRECTION('',(-1.,0.,0.));
#2357=DIRECTION('',(0.,-1.,-1.17987387670068E-17));
#2358=DIRECTION('',(0.,1.,1.17987387670068E-17));
#2359=DIRECTION('center_axis',(1.,0.,0.));
#2360=DIRECTION('ref_axis',(0.,0.984023597540964,0.178038084359891));
#2361=DIRECTION('center_axis',(1.,0.,0.));
#2362=DIRECTION('ref_axis',(0.,0.984023597540964,0.178038084359891));
#2363=DIRECTION('center_axis',(1.,0.,0.));
#2364=DIRECTION('ref_axis',(0.,0.,-1.));
#2365=DIRECTION('center_axis',(1.,0.,0.));
#2366=DIRECTION('ref_axis',(0.,0.984023597540964,0.178038084359891));
#2367=DIRECTION('center_axis',(1.,0.,0.));
#2368=DIRECTION('ref_axis',(0.,1.,0.));
#2369=DIRECTION('center_axis',(1.,0.,0.));
#2370=DIRECTION('ref_axis',(0.,0.,-1.));
#2371=DIRECTION('center_axis',(-1.,0.,0.));
#2372=DIRECTION('ref_axis',(0.,-0.979324364557629,0.202296290089059));
#2373=DIRECTION('center_axis',(1.,0.,0.));
#2374=DIRECTION('ref_axis',(0.,0.,-1.));
#2375=DIRECTION('center_axis',(-1.,0.,0.));
#2376=DIRECTION('ref_axis',(0.,0.964237009016664,0.265041488153454));
#2377=DIRECTION('center_axis',(-1.,0.,0.));
#2378=DIRECTION('ref_axis',(0.,0.964237009016664,0.265041488153454));
#2379=DIRECTION('',(-1.,0.,0.));
#2380=DIRECTION('center_axis',(-1.,0.,0.));
#2381=DIRECTION('ref_axis',(0.,0.964237009016664,0.265041488153454));
#2382=DIRECTION('',(-1.,0.,0.));
#2383=DIRECTION('center_axis',(1.,0.,0.));
#2384=DIRECTION('ref_axis',(0.,0.,-1.));
#2385=DIRECTION('',(0.,-1.,0.));
#2386=DIRECTION('center_axis',(1.,0.,0.));
#2387=DIRECTION('ref_axis',(0.,0.,-1.));
#2388=DIRECTION('center_axis',(-1.,0.,0.));
#2389=DIRECTION('ref_axis',(0.,0.,-1.));
#2390=DIRECTION('center_axis',(1.,0.,0.));
#2391=DIRECTION('ref_axis',(0.,0.,-1.));
#2392=DIRECTION('center_axis',(1.,0.,0.));
#2393=DIRECTION('ref_axis',(0.,0.,-1.));
#2394=DIRECTION('center_axis',(-1.,0.,0.));
#2395=DIRECTION('ref_axis',(0.,0.,-1.));
#2396=DIRECTION('center_axis',(1.,0.,0.));
#2397=DIRECTION('ref_axis',(0.,0.,-1.));
#2398=DIRECTION('center_axis',(1.,0.,0.));
#2399=DIRECTION('ref_axis',(0.,0.,-1.));
#2400=DIRECTION('center_axis',(-1.,0.,0.));
#2401=DIRECTION('ref_axis',(0.,0.,-1.));
#2402=DIRECTION('center_axis',(1.,0.,0.));
#2403=DIRECTION('ref_axis',(0.,0.,-1.));
#2404=DIRECTION('center_axis',(1.,0.,0.));
#2405=DIRECTION('ref_axis',(0.,0.,-1.));
#2406=DIRECTION('center_axis',(-1.,0.,0.));
#2407=DIRECTION('ref_axis',(0.,0.,-1.));
#2408=DIRECTION('center_axis',(1.,0.,0.));
#2409=DIRECTION('ref_axis',(0.,0.,-1.));
#2410=DIRECTION('center_axis',(1.,0.,0.));
#2411=DIRECTION('ref_axis',(0.,0.,-1.));
#2412=DIRECTION('center_axis',(1.,0.,0.));
#2413=DIRECTION('ref_axis',(0.,0.,-1.));
#2414=DIRECTION('center_axis',(-1.,0.,0.));
#2415=DIRECTION('ref_axis',(0.,1.,0.));
#2416=DIRECTION('',(0.,-1.,0.));
#2417=DIRECTION('center_axis',(1.,0.,0.));
#2418=DIRECTION('ref_axis',(0.,0.,-1.));
#2419=DIRECTION('center_axis',(1.,0.,0.));
#2420=DIRECTION('ref_axis',(0.,1.,0.));
#2421=DIRECTION('center_axis',(1.,0.,0.));
#2422=DIRECTION('ref_axis',(0.,1.,0.));
#2423=DIRECTION('center_axis',(1.,0.,0.));
#2424=DIRECTION('ref_axis',(0.,0.,-1.));
#2425=DIRECTION('center_axis',(1.,0.,0.));
#2426=DIRECTION('ref_axis',(0.,0.,-1.));
#2427=DIRECTION('center_axis',(0.,0.,1.));
#2428=DIRECTION('ref_axis',(1.,0.,0.));
#2429=DIRECTION('center_axis',(0.,0.,1.));
#2430=DIRECTION('ref_axis',(1.,0.,0.));
#2431=DIRECTION('',(0.,-1.,0.));
#2432=DIRECTION('center_axis',(-1.,0.,0.));
#2433=DIRECTION('ref_axis',(0.,0.,1.));
#2434=DIRECTION('center_axis',(1.,0.,0.));
#2435=DIRECTION('ref_axis',(0.,0.,1.));
#2436=DIRECTION('center_axis',(-1.,0.,0.));
#2437=DIRECTION('ref_axis',(0.,0.,1.));
#2438=DIRECTION('center_axis',(-1.,0.,0.));
#2439=DIRECTION('ref_axis',(0.,0.,1.));
#2440=DIRECTION('center_axis',(1.,0.,0.));
#2441=DIRECTION('ref_axis',(0.,0.,-1.));
#2442=DIRECTION('center_axis',(-1.,0.,0.));
#2443=DIRECTION('ref_axis',(0.,0.,1.));
#2444=DIRECTION('center_axis',(-1.,0.,0.));
#2445=DIRECTION('ref_axis',(0.,0.,1.));
#2446=DIRECTION('center_axis',(-1.,0.,0.));
#2447=DIRECTION('ref_axis',(0.,0.,1.));
#2448=DIRECTION('center_axis',(-1.,0.,0.));
#2449=DIRECTION('ref_axis',(0.,0.,1.));
#2450=DIRECTION('center_axis',(-1.,0.,0.));
#2451=DIRECTION('ref_axis',(0.,0.,1.));
#2452=DIRECTION('center_axis',(-1.,0.,0.));
#2453=DIRECTION('ref_axis',(0.,0.,1.));
#2454=DIRECTION('center_axis',(1.,0.,0.));
#2455=DIRECTION('ref_axis',(0.,0.,1.));
#2456=DIRECTION('center_axis',(1.,0.,0.));
#2457=DIRECTION('ref_axis',(0.,0.,1.));
#2458=DIRECTION('center_axis',(1.,0.,0.));
#2459=DIRECTION('ref_axis',(0.,0.,1.));
#2460=DIRECTION('center_axis',(1.,0.,0.));
#2461=DIRECTION('ref_axis',(0.,0.,1.));
#2462=DIRECTION('center_axis',(1.,0.,0.));
#2463=DIRECTION('ref_axis',(0.,0.,1.));
#2464=DIRECTION('center_axis',(1.,0.,0.));
#2465=DIRECTION('ref_axis',(0.,0.,1.));
#2466=DIRECTION('center_axis',(-1.,0.,0.));
#2467=DIRECTION('ref_axis',(0.,0.,1.));
#2468=DIRECTION('center_axis',(-1.,0.,0.));
#2469=DIRECTION('ref_axis',(0.,0.,1.));
#2470=DIRECTION('center_axis',(-1.,0.,0.));
#2471=DIRECTION('ref_axis',(0.,0.,1.));
#2472=DIRECTION('center_axis',(-1.,0.,0.));
#2473=DIRECTION('ref_axis',(0.,0.,1.));
#2474=DIRECTION('center_axis',(-1.,0.,0.));
#2475=DIRECTION('ref_axis',(0.,0.,1.));
#2476=DIRECTION('center_axis',(-1.,0.,0.));
#2477=DIRECTION('ref_axis',(0.,0.,1.));
#2478=DIRECTION('center_axis',(-1.,0.,0.));
#2479=DIRECTION('ref_axis',(0.,0.,1.));
#2480=DIRECTION('center_axis',(-1.,0.,0.));
#2481=DIRECTION('ref_axis',(0.,0.,1.));
#2482=DIRECTION('center_axis',(1.,0.,0.));
#2483=DIRECTION('ref_axis',(0.,0.,1.));
#2484=DIRECTION('center_axis',(-1.,0.,0.));
#2485=DIRECTION('ref_axis',(0.,0.,1.));
#2486=DIRECTION('center_axis',(-1.,0.,0.));
#2487=DIRECTION('ref_axis',(0.,0.,1.));
#2488=DIRECTION('center_axis',(-1.,0.,0.));
#2489=DIRECTION('ref_axis',(0.,0.,1.));
#2490=DIRECTION('center_axis',(1.,0.,0.));
#2491=DIRECTION('ref_axis',(0.,0.,1.));
#2492=DIRECTION('center_axis',(-1.,0.,0.));
#2493=DIRECTION('ref_axis',(0.,0.,1.));
#2494=DIRECTION('center_axis',(-1.,0.,0.));
#2495=DIRECTION('ref_axis',(0.,0.,1.));
#2496=DIRECTION('center_axis',(-1.,0.,0.));
#2497=DIRECTION('ref_axis',(0.,0.,1.));
#2498=DIRECTION('center_axis',(1.,0.,0.));
#2499=DIRECTION('ref_axis',(0.,0.,1.));
#2500=DIRECTION('center_axis',(-1.,0.,0.));
#2501=DIRECTION('ref_axis',(0.,0.,1.));
#2502=DIRECTION('center_axis',(-1.,0.,0.));
#2503=DIRECTION('ref_axis',(0.,0.,1.));
#2504=DIRECTION('center_axis',(-1.,0.,0.));
#2505=DIRECTION('ref_axis',(0.,0.,1.));
#2506=DIRECTION('center_axis',(1.,0.,0.));
#2507=DIRECTION('ref_axis',(0.,0.,1.));
#2508=DIRECTION('center_axis',(-1.,0.,0.));
#2509=DIRECTION('ref_axis',(0.,0.,1.));
#2510=DIRECTION('center_axis',(-1.,0.,0.));
#2511=DIRECTION('ref_axis',(0.,0.,1.));
#2512=DIRECTION('center_axis',(-1.,0.,0.));
#2513=DIRECTION('ref_axis',(0.,0.,1.));
#2514=DIRECTION('center_axis',(1.,0.,0.));
#2515=DIRECTION('ref_axis',(0.,0.,1.));
#2516=DIRECTION('center_axis',(-1.,0.,0.));
#2517=DIRECTION('ref_axis',(0.,0.,1.));
#2518=DIRECTION('center_axis',(-1.,0.,0.));
#2519=DIRECTION('ref_axis',(0.,0.,1.));
#2520=DIRECTION('center_axis',(-1.,0.,0.));
#2521=DIRECTION('ref_axis',(0.,0.,1.));
#2522=DIRECTION('center_axis',(1.,0.,0.));
#2523=DIRECTION('ref_axis',(0.,0.,1.));
#2524=DIRECTION('center_axis',(-1.,0.,0.));
#2525=DIRECTION('ref_axis',(0.,0.,1.));
#2526=DIRECTION('center_axis',(-1.,0.,0.));
#2527=DIRECTION('ref_axis',(0.,0.,1.));
#2528=DIRECTION('center_axis',(-1.,0.,0.));
#2529=DIRECTION('ref_axis',(0.,0.,1.));
#2530=DIRECTION('center_axis',(1.,0.,0.));
#2531=DIRECTION('ref_axis',(0.,0.,1.));
#2532=DIRECTION('center_axis',(-1.,0.,0.));
#2533=DIRECTION('ref_axis',(0.,0.,1.));
#2534=DIRECTION('center_axis',(-1.,0.,0.));
#2535=DIRECTION('ref_axis',(0.,0.,1.));
#2536=DIRECTION('center_axis',(-1.,0.,0.));
#2537=DIRECTION('ref_axis',(0.,0.,1.));
#2538=DIRECTION('center_axis',(1.,0.,0.));
#2539=DIRECTION('ref_axis',(0.,0.,1.));
#2540=DIRECTION('center_axis',(-1.,0.,0.));
#2541=DIRECTION('ref_axis',(0.,0.,1.));
#2542=DIRECTION('center_axis',(-1.,0.,0.));
#2543=DIRECTION('ref_axis',(0.,0.,1.));
#2544=DIRECTION('center_axis',(-1.,0.,0.));
#2545=DIRECTION('ref_axis',(0.,0.,1.));
#2546=DIRECTION('center_axis',(1.,0.,0.));
#2547=DIRECTION('ref_axis',(0.,0.,1.));
#2548=DIRECTION('center_axis',(-1.,0.,0.));
#2549=DIRECTION('ref_axis',(0.,0.,1.));
#2550=DIRECTION('center_axis',(-1.,0.,0.));
#2551=DIRECTION('ref_axis',(0.,0.,1.));
#2552=DIRECTION('center_axis',(-1.,0.,0.));
#2553=DIRECTION('ref_axis',(0.,0.,1.));
#2554=DIRECTION('center_axis',(1.,0.,0.));
#2555=DIRECTION('ref_axis',(0.,0.,1.));
#2556=DIRECTION('center_axis',(-1.,0.,0.));
#2557=DIRECTION('ref_axis',(0.,0.,1.));
#2558=DIRECTION('center_axis',(-1.,0.,0.));
#2559=DIRECTION('ref_axis',(0.,0.,1.));
#2560=DIRECTION('center_axis',(-1.,0.,0.));
#2561=DIRECTION('ref_axis',(0.,0.,1.));
#2562=DIRECTION('center_axis',(1.,0.,0.));
#2563=DIRECTION('ref_axis',(0.,0.,1.));
#2564=DIRECTION('center_axis',(-1.,0.,0.));
#2565=DIRECTION('ref_axis',(0.,0.,1.));
#2566=DIRECTION('center_axis',(-1.,0.,0.));
#2567=DIRECTION('ref_axis',(0.,0.,1.));
#2568=DIRECTION('center_axis',(-1.,0.,0.));
#2569=DIRECTION('ref_axis',(0.,0.,1.));
#2570=DIRECTION('center_axis',(-1.,0.,0.));
#2571=DIRECTION('ref_axis',(0.,0.,1.));
#2572=DIRECTION('center_axis',(-1.,0.,0.));
#2573=DIRECTION('ref_axis',(0.,0.,1.));
#2574=DIRECTION('center_axis',(-1.,0.,0.));
#2575=DIRECTION('ref_axis',(0.,0.,1.));
#2576=DIRECTION('center_axis',(-1.,0.,0.));
#2577=DIRECTION('ref_axis',(0.,0.,1.));
#2578=DIRECTION('center_axis',(-1.,0.,0.));
#2579=DIRECTION('ref_axis',(0.,0.,1.));
#2580=DIRECTION('center_axis',(-1.,0.,0.));
#2581=DIRECTION('ref_axis',(0.,0.,1.));
#2582=DIRECTION('center_axis',(-1.,0.,0.));
#2583=DIRECTION('ref_axis',(0.,0.,1.));
#2584=DIRECTION('center_axis',(-1.,0.,0.));
#2585=DIRECTION('ref_axis',(0.,0.,1.));
#2586=DIRECTION('center_axis',(-1.,0.,0.));
#2587=DIRECTION('ref_axis',(0.,0.,1.));
#2588=DIRECTION('center_axis',(-1.,0.,0.));
#2589=DIRECTION('ref_axis',(0.,0.,1.));
#2590=DIRECTION('center_axis',(-1.,0.,0.));
#2591=DIRECTION('ref_axis',(0.,0.,1.));
#2592=DIRECTION('center_axis',(1.,0.,0.));
#2593=DIRECTION('ref_axis',(0.,0.,-1.));
#2594=DIRECTION('center_axis',(-1.,0.,0.));
#2595=DIRECTION('ref_axis',(0.,0.,1.));
#2596=DIRECTION('center_axis',(1.,0.,0.));
#2597=DIRECTION('ref_axis',(0.,1.,0.));
#2598=DIRECTION('center_axis',(1.,0.,0.));
#2599=DIRECTION('ref_axis',(0.,0.,-1.));
#2600=DIRECTION('center_axis',(1.,0.,0.));
#2601=DIRECTION('ref_axis',(0.,0.,-1.));
#2602=CARTESIAN_POINT('',(0.,0.,0.));
#2603=CARTESIAN_POINT('Origin',(32.7,24.2408200807376,15.75));
#2604=CARTESIAN_POINT('',(24.9,20.8629509299266,15.75));
#2605=CARTESIAN_POINT('',(40.5,20.8629509299267,15.75));
#2606=CARTESIAN_POINT('Origin',(32.7,24.2408200807376,15.75));
#2607=CARTESIAN_POINT('',(24.9,20.8629509299266,18.25));
#2608=CARTESIAN_POINT('',(24.9,20.8629509299266,15.75));
#2609=CARTESIAN_POINT('',(40.5,20.8629509299267,18.25));
#2610=CARTESIAN_POINT('Origin',(32.7,24.2408200807376,18.25));
#2611=CARTESIAN_POINT('',(40.5,20.8629509299267,15.75));
#2612=CARTESIAN_POINT('Origin',(24.9,27.6186892315485,15.75));
#2613=CARTESIAN_POINT('',(24.9,27.6186892315485,15.75));
#2614=CARTESIAN_POINT('',(24.9,13.8093446157742,15.75));
#2615=CARTESIAN_POINT('',(24.9,27.6186892315485,18.25));
#2616=CARTESIAN_POINT('',(24.9,27.6186892315485,15.75));
#2617=CARTESIAN_POINT('',(24.9,13.8093446157742,18.25));
#2618=CARTESIAN_POINT('Origin',(32.7,24.2408200807376,15.75));
#2619=CARTESIAN_POINT('',(40.5,27.6186892315484,15.75));
#2620=CARTESIAN_POINT('Origin',(32.7,24.2408200807376,15.75));
#2621=CARTESIAN_POINT('',(40.5,27.6186892315484,18.25));
#2622=CARTESIAN_POINT('',(40.5,27.6186892315484,15.75));
#2623=CARTESIAN_POINT('Origin',(32.7,24.2408200807376,18.25));
#2624=CARTESIAN_POINT('Origin',(40.5,24.2408200807375,15.75));
#2625=CARTESIAN_POINT('',(40.5,12.1204100403687,15.75));
#2626=CARTESIAN_POINT('',(40.5,12.1204100403687,18.25));
#2627=CARTESIAN_POINT('Origin',(21.7115256883178,11.4408200807376,15.75));
#2628=CARTESIAN_POINT('',(21.7115256883178,11.4408200807376,15.75));
#2629=CARTESIAN_POINT('',(11.2884743116823,11.4408200807377,15.75));
#2630=CARTESIAN_POINT('',(23.3057628441589,11.4408200807376,15.75));
#2631=CARTESIAN_POINT('',(21.7115256883178,11.4408200807376,18.25));
#2632=CARTESIAN_POINT('',(21.7115256883178,11.4408200807376,15.75));
#2633=CARTESIAN_POINT('',(11.2884743116823,11.4408200807377,18.25));
#2634=CARTESIAN_POINT('',(26.0605580705372,11.4408200807376,18.25));
#2635=CARTESIAN_POINT('',(11.2884743116823,11.4408200807377,15.75));
#2636=CARTESIAN_POINT('Origin',(16.5,2.44082008073756,15.75));
#2637=CARTESIAN_POINT('Origin',(16.5,2.44082008073756,15.75));
#2638=CARTESIAN_POINT('Origin',(16.5,2.44082008073756,18.25));
#2639=CARTESIAN_POINT('Origin',(18.1744,48.5408200807378,15.75));
#2640=CARTESIAN_POINT('',(9.22332473118283,47.6036693287406,15.75));
#2641=CARTESIAN_POINT('',(15.2163601084502,40.0408200807378,15.75));
#2642=CARTESIAN_POINT('Origin',(18.1744,48.5408200807378,15.75));
#2643=CARTESIAN_POINT('',(9.22332473118283,47.6036693287406,18.25));
#2644=CARTESIAN_POINT('',(9.22332473118283,47.6036693287406,15.75));
#2645=CARTESIAN_POINT('',(15.2163601084502,40.0408200807378,18.25));
#2646=CARTESIAN_POINT('Origin',(18.1744,48.5408200807378,18.25));
#2647=CARTESIAN_POINT('',(15.2163601084502,40.0408200807378,15.75));
#2648=CARTESIAN_POINT('Origin',(8.87440000000003,48.5408200807378,15.75));
#2649=CARTESIAN_POINT('',(9.22332473118283,49.4779708327351,15.75));
#2650=CARTESIAN_POINT('Origin',(8.87440000000003,48.5408200807378,15.75));
#2651=CARTESIAN_POINT('',(9.22332473118283,49.4779708327351,18.25));
#2652=CARTESIAN_POINT('',(9.22332473118283,49.4779708327351,15.75));
#2653=CARTESIAN_POINT('Origin',(8.87440000000003,48.5408200807378,18.25));
#2654=CARTESIAN_POINT('Origin',(18.1744,48.5408200807378,15.75));
#2655=CARTESIAN_POINT('',(15.2163601084502,57.0408200807378,15.75));
#2656=CARTESIAN_POINT('Origin',(18.1744,48.5408200807378,15.75));
#2657=CARTESIAN_POINT('',(15.2163601084502,57.0408200807378,18.25));
#2658=CARTESIAN_POINT('',(15.2163601084502,57.0408200807378,15.75));
#2659=CARTESIAN_POINT('Origin',(18.1744,48.5408200807378,18.25));
#2660=CARTESIAN_POINT('Origin',(21.1324398915499,57.0408200807378,15.75));
#2661=CARTESIAN_POINT('',(21.1324398915499,57.0408200807378,15.75));
#2662=CARTESIAN_POINT('',(23.016219945775,57.0408200807378,15.75));
#2663=CARTESIAN_POINT('',(21.1324398915499,57.0408200807378,18.25));
#2664=CARTESIAN_POINT('',(21.1324398915499,57.0408200807378,15.75));
#2665=CARTESIAN_POINT('',(25.7710151721532,57.0408200807378,18.25));
#2666=CARTESIAN_POINT('Origin',(18.1744,48.5408200807378,15.75));
#2667=CARTESIAN_POINT('',(21.1324398915499,40.0408200807378,15.75));
#2668=CARTESIAN_POINT('Origin',(18.1744,48.5408200807378,15.75));
#2669=CARTESIAN_POINT('',(21.1324398915499,40.0408200807378,18.25));
#2670=CARTESIAN_POINT('',(21.1324398915499,40.0408200807378,15.75));
#2671=CARTESIAN_POINT('Origin',(18.1744,48.5408200807378,18.25));
#2672=CARTESIAN_POINT('Origin',(18.1744,40.0408200807378,15.75));
#2673=CARTESIAN_POINT('',(21.5372,40.0408200807378,15.75));
#2674=CARTESIAN_POINT('',(24.2919952263783,40.0408200807378,18.25));
#2675=CARTESIAN_POINT('Origin',(32.7,-19.3591799192624,15.75));
#2676=CARTESIAN_POINT('',(24.9,-22.7370490700733,15.75));
#2677=CARTESIAN_POINT('',(40.5,-22.7370490700732,15.75));
#2678=CARTESIAN_POINT('Origin',(32.7,-19.3591799192624,15.75));
#2679=CARTESIAN_POINT('',(24.9,-22.7370490700733,18.25));
#2680=CARTESIAN_POINT('',(24.9,-22.7370490700733,15.75));
#2681=CARTESIAN_POINT('',(40.5,-22.7370490700732,18.25));
#2682=CARTESIAN_POINT('Origin',(32.7,-19.3591799192624,18.25));
#2683=CARTESIAN_POINT('',(40.5,-22.7370490700732,15.75));
#2684=CARTESIAN_POINT('Origin',(24.9,-15.9813107684515,15.75));
#2685=CARTESIAN_POINT('',(24.9,-15.9813107684515,15.75));
#2686=CARTESIAN_POINT('',(24.9,-7.99065538422578,15.75));
#2687=CARTESIAN_POINT('',(24.9,-15.9813107684515,18.25));
#2688=CARTESIAN_POINT('',(24.9,-15.9813107684515,15.75));
#2689=CARTESIAN_POINT('',(24.9,-7.99065538422578,18.25));
#2690=CARTESIAN_POINT('Origin',(32.7,-19.3591799192624,15.75));
#2691=CARTESIAN_POINT('',(40.5,-15.9813107684515,15.75));
#2692=CARTESIAN_POINT('Origin',(32.7,-19.3591799192624,15.75));
#2693=CARTESIAN_POINT('',(40.5,-15.9813107684515,18.25));
#2694=CARTESIAN_POINT('',(40.5,-15.9813107684515,15.75));
#2695=CARTESIAN_POINT('Origin',(32.7,-19.3591799192624,18.25));
#2696=CARTESIAN_POINT('Origin',(40.5,-19.3591799192623,15.75));
#2697=CARTESIAN_POINT('',(40.5,-9.67958995963118,15.75));
#2698=CARTESIAN_POINT('',(40.5,-9.67958995963119,18.25));
#2699=CARTESIAN_POINT('Origin',(16.5,-41.1591799192624,15.75));
#2700=CARTESIAN_POINT('',(12.5000000000016,-31.5591799192618,15.75));
#2701=CARTESIAN_POINT('',(12.5000000000016,-50.759179919263,15.75));
#2702=CARTESIAN_POINT('Origin',(16.5,-41.1591799192624,15.75));
#2703=CARTESIAN_POINT('',(12.5000000000016,-31.5591799192618,18.25));
#2704=CARTESIAN_POINT('',(12.5000000000016,-31.5591799192618,15.75));
#2705=CARTESIAN_POINT('',(12.5000000000016,-50.759179919263,18.25));
#2706=CARTESIAN_POINT('Origin',(16.5,-41.1591799192624,18.25));
#2707=CARTESIAN_POINT('',(12.5000000000016,-50.759179919263,15.75));
#2708=CARTESIAN_POINT('Origin',(20.4999999999989,-31.559179919262,15.75));
#2709=CARTESIAN_POINT('',(20.4999999999989,-31.559179919262,15.75));
#2710=CARTESIAN_POINT('',(22.699999999999,-31.5591799192621,15.75));
#2711=CARTESIAN_POINT('',(20.4999999999989,-31.559179919262,18.25));
#2712=CARTESIAN_POINT('',(20.4999999999989,-31.559179919262,15.75));
#2713=CARTESIAN_POINT('',(25.4547952263773,-31.5591799192621,18.25));
#2714=CARTESIAN_POINT('Origin',(16.5,-41.1591799192624,15.75));
#2715=CARTESIAN_POINT('',(20.4999999999981,-50.7591799192631,15.75));
#2716=CARTESIAN_POINT('Origin',(16.5,-41.1591799192624,15.75));
#2717=CARTESIAN_POINT('',(20.4999999999981,-50.7591799192631,18.25));
#2718=CARTESIAN_POINT('',(20.4999999999981,-50.7591799192631,15.75));
#2719=CARTESIAN_POINT('Origin',(16.5,-41.1591799192624,18.25));
#2720=CARTESIAN_POINT('Origin',(12.5000000000016,-50.759179919263,15.75));
#2721=CARTESIAN_POINT('',(18.7000000000005,-50.759179919263,15.75));
#2722=CARTESIAN_POINT('',(21.4547952263788,-50.7591799192631,18.25));
#2723=CARTESIAN_POINT('Origin',(56.3,-78.7626686935929,15.7504071101702));
#2724=CARTESIAN_POINT('',(59.8,-82.3333829078644,18.2504071101702));
#2725=CARTESIAN_POINT('',(59.8,-82.3333829078643,18.25));
#2726=CARTESIAN_POINT('',(59.8,-82.3333829078644,15.7504071101702));
#2727=CARTESIAN_POINT('',(59.8,-75.1919544793215,18.2504071101702));
#2728=CARTESIAN_POINT('Origin',(56.3,-78.7626686935929,18.2504071101702));
#2729=CARTESIAN_POINT('',(59.8,-75.1919544793215,18.25));
#2730=CARTESIAN_POINT('',(59.8,-75.1919544793215,15.7504071101702));
#2731=CARTESIAN_POINT('Origin',(56.3,-78.7626686935929,18.25));
#2732=CARTESIAN_POINT('',(55.8,-73.7877315080598,15.7504071101702));
#2733=CARTESIAN_POINT('',(53.8,-74.4325416746707,15.7504071101702));
#2734=CARTESIAN_POINT('Origin',(56.3,-78.7626686935929,15.7504071101702));
#2735=CARTESIAN_POINT('',(55.8,-73.7877315080598,15.75));
#2736=CARTESIAN_POINT('',(55.8,-73.7877315080598,15.7504071101702));
#2737=CARTESIAN_POINT('',(59.8,-75.1919544793215,15.75));
#2738=CARTESIAN_POINT('Origin',(56.3,-78.7626686935929,15.75));
#2739=CARTESIAN_POINT('',(59.8,-75.1919544793215,15.7504071101702));
#2740=CARTESIAN_POINT('',(59.8,-75.1919544793215,15.7504071101702));
#2741=CARTESIAN_POINT('',(59.8,-82.3333829078643,15.7504071101702));
#2742=CARTESIAN_POINT('Origin',(56.3,-78.7626686935929,15.7504071101702));
#2743=CARTESIAN_POINT('',(59.8,-82.3333829078643,15.75));
#2744=CARTESIAN_POINT('',(59.8,-82.3333829078643,15.7504071101702));
#2745=CARTESIAN_POINT('',(55.8,-83.737605879126,15.75));
#2746=CARTESIAN_POINT('Origin',(56.3,-78.7626686935929,15.75));
#2747=CARTESIAN_POINT('',(55.8,-83.737605879126,15.7504071101702));
#2748=CARTESIAN_POINT('',(55.8,-83.737605879126,15.7504071101702));
#2749=CARTESIAN_POINT('',(53.8,-83.0927957125151,15.7504071101702));
#2750=CARTESIAN_POINT('Origin',(56.3,-78.7626686935929,15.7504071101702));
#2751=CARTESIAN_POINT('',(53.8,-83.0927957125151,15.75));
#2752=CARTESIAN_POINT('',(53.8,-83.0927957125151,15.7504071101702));
#2753=CARTESIAN_POINT('',(53.8,-74.4325416746707,15.75));
#2754=CARTESIAN_POINT('Origin',(56.3,-78.7626686935929,15.75));
#2755=CARTESIAN_POINT('',(53.8,-74.4325416746707,15.7504071101702));
#2756=CARTESIAN_POINT('Origin',(56.3,78.7626686935929,15.7504071101702));
#2757=CARTESIAN_POINT('',(59.8,75.1919544793215,18.2504071101702));
#2758=CARTESIAN_POINT('',(59.8,75.1919544793215,18.25));
#2759=CARTESIAN_POINT('',(59.8,75.1919544793215,15.7504071101702));
#2760=CARTESIAN_POINT('',(59.8,82.3333829078644,18.2504071101702));
#2761=CARTESIAN_POINT('Origin',(56.3,78.7626686935929,18.2504071101702));
#2762=CARTESIAN_POINT('',(59.8,82.3333829078643,18.25));
#2763=CARTESIAN_POINT('',(59.8,82.3333829078644,15.7504071101702));
#2764=CARTESIAN_POINT('Origin',(56.3,78.7626686935929,18.25));
#2765=CARTESIAN_POINT('',(55.8,83.737605879126,15.7504071101702));
#2766=CARTESIAN_POINT('',(53.8,83.0927957125151,15.7504071101702));
#2767=CARTESIAN_POINT('Origin',(56.3,78.7626686935929,15.7504071101702));
#2768=CARTESIAN_POINT('',(55.8,83.737605879126,15.75));
#2769=CARTESIAN_POINT('',(55.8,83.737605879126,15.7504071101702));
#2770=CARTESIAN_POINT('',(59.8,82.3333829078643,15.75));
#2771=CARTESIAN_POINT('Origin',(56.3,78.7626686935929,15.75));
#2772=CARTESIAN_POINT('',(59.8,82.3333829078644,15.7504071101702));
#2773=CARTESIAN_POINT('',(59.8,82.3333829078644,15.7504071101702));
#2774=CARTESIAN_POINT('',(59.8,75.1919544793215,15.7504071101702));
#2775=CARTESIAN_POINT('Origin',(56.3,78.7626686935929,15.7504071101702));
#2776=CARTESIAN_POINT('',(59.8,75.1919544793215,15.75));
#2777=CARTESIAN_POINT('',(59.8,75.1919544793215,15.7504071101702));
#2778=CARTESIAN_POINT('',(55.8,73.7877315080598,15.75));
#2779=CARTESIAN_POINT('Origin',(56.3,78.7626686935929,15.75));
#2780=CARTESIAN_POINT('',(55.8,73.7877315080598,15.7504071101702));
#2781=CARTESIAN_POINT('',(55.8,73.7877315080598,15.7504071101702));
#2782=CARTESIAN_POINT('',(53.8,74.4325416746707,15.7504071101702));
#2783=CARTESIAN_POINT('Origin',(56.3,78.7626686935929,15.7504071101702));
#2784=CARTESIAN_POINT('',(53.8,74.4325416746707,15.75));
#2785=CARTESIAN_POINT('',(53.8,74.4325416746707,15.7504071101702));
#2786=CARTESIAN_POINT('',(53.8,83.0927957125151,15.75));
#2787=CARTESIAN_POINT('Origin',(56.3,78.7626686935929,15.75));
#2788=CARTESIAN_POINT('',(53.8,83.0927957125151,15.7504071101702));
#2789=CARTESIAN_POINT('Origin',(59.8,-4.31945559438451E-14,16.9970706617837));
#2790=CARTESIAN_POINT('',(59.8,86.4074475123737,18.2504071101702));
#2791=CARTESIAN_POINT('',(59.8,88.3509447366383,18.2504071101702));
#2792=CARTESIAN_POINT('',(59.8,86.4075334984778,18.25));
#2793=CARTESIAN_POINT('Origin',(59.8,-1.06581410364015E-13,0.));
#2794=CARTESIAN_POINT('',(59.8,86.5612815215717,18.25));
#2795=CARTESIAN_POINT('Origin',(59.8,-4.31945559438451E-14,16.9970706617837));
#2796=CARTESIAN_POINT('',(59.8,-86.407533498478,18.25));
#2797=CARTESIAN_POINT('',(59.8,86.5612815215717,18.25));
#2798=CARTESIAN_POINT('',(59.8,-86.4074475123739,18.2504071101702));
#2799=CARTESIAN_POINT('Origin',(59.8,-1.06581410364015E-13,0.));
#2800=CARTESIAN_POINT('',(59.8,88.3509447366383,18.2504071101702));
#2801=CARTESIAN_POINT('Origin',(59.8,-4.31945559438451E-14,16.9970706617837));
#2802=CARTESIAN_POINT('',(59.8,88.3509447366383,18.2504071101702));
#2803=CARTESIAN_POINT('',(59.8,86.5612815215717,18.25));
#2804=CARTESIAN_POINT('Origin',(59.8,-1.00476339057863E-13,16.9965260856569));
#2805=CARTESIAN_POINT('',(59.8,87.0508785633826,15.75));
#2806=CARTESIAN_POINT('',(59.8,-87.0508785633828,15.75));
#2807=CARTESIAN_POINT('',(59.8,87.0508049044963,15.7504071101702));
#2808=CARTESIAN_POINT('Origin',(59.8,-1.06581410364015E-13,0.));
#2809=CARTESIAN_POINT('',(59.8,47.048377226967,15.7504071101702));
#2810=CARTESIAN_POINT('Origin',(59.8,-1.00476339057863E-13,16.9965260856569));
#2811=CARTESIAN_POINT('',(59.8,-87.0508785633828,15.75));
#2812=CARTESIAN_POINT('',(59.8,47.048377226967,15.7504071101702));
#2813=CARTESIAN_POINT('Origin',(59.8,-1.00476339057863E-13,16.9965260856569));
#2814=CARTESIAN_POINT('',(59.8,-87.0508049044965,15.7504071101702));
#2815=CARTESIAN_POINT('',(59.8,47.048377226967,15.7504071101702));
#2816=CARTESIAN_POINT('',(59.8,-87.0508785633828,15.75));
#2817=CARTESIAN_POINT('Origin',(59.8,-1.06581410364015E-13,0.));
#2818=CARTESIAN_POINT('',(59.8,-87.0508785633828,15.75));
#2819=CARTESIAN_POINT('Origin',(55.8,-87.0508785633828,15.75));
#2820=CARTESIAN_POINT('',(55.8,87.0508785633826,15.75));
#2821=CARTESIAN_POINT('',(55.8,-87.0508785633828,15.75));
#2822=CARTESIAN_POINT('',(55.8,87.0508785633826,15.75));
#2823=CARTESIAN_POINT('Origin',(55.8,-87.0508785633828,15.75));
#2824=CARTESIAN_POINT('',(55.8,-87.0508785633828,15.75));
#2825=CARTESIAN_POINT('Origin',(55.8,-87.0508785633828,15.75));
#2826=CARTESIAN_POINT('',(55.8,-87.0508785633828,15.75));
#2827=CARTESIAN_POINT('',(55.8,-87.0508785633828,15.75));
#2828=CARTESIAN_POINT('',(55.8,-87.0508785633828,15.75));
#2829=CARTESIAN_POINT('Origin',(53.8,-8.55347034598635E-14,-24.0472067386107));
#2830=CARTESIAN_POINT('',(53.8,88.1627414235304,15.75));
#2831=CARTESIAN_POINT('',(53.8,83.9962525849632,15.75));
#2832=CARTESIAN_POINT('',(53.8,88.1626686935927,15.7504071101702));
#2833=CARTESIAN_POINT('Origin',(53.8,-1.06581410364015E-13,0.));
#2834=CARTESIAN_POINT('',(53.8,-94.0967544539344,15.7504071101702));
#2835=CARTESIAN_POINT('Origin',(53.8,-8.55347034598635E-14,-24.0472067386107));
#2836=CARTESIAN_POINT('',(53.8,83.9962525849632,15.75));
#2837=CARTESIAN_POINT('',(53.8,-94.0967544539344,15.7504071101702));
#2838=CARTESIAN_POINT('Origin',(55.8,-1.00476339057863E-13,16.9965260856569));
#2839=CARTESIAN_POINT('',(55.8,87.0508049044963,15.7504071101702));
#2840=CARTESIAN_POINT('',(55.8,47.048377226967,15.7504071101702));
#2841=CARTESIAN_POINT('Origin',(55.8,-1.06581410364015E-13,0.));
#2842=CARTESIAN_POINT('Origin',(55.8,-1.00476339057863E-13,16.9965260856569));
#2843=CARTESIAN_POINT('',(55.8,47.048377226967,15.7504071101702));
#2844=CARTESIAN_POINT('Origin',(53.8,94.0967544539342,15.7504071101702));
#2845=CARTESIAN_POINT('Origin',(35.2,67.0408200807376,15.75));
#2846=CARTESIAN_POINT('',(29.25,64.4240472591115,15.75));
#2847=CARTESIAN_POINT('',(41.0500000000001,64.2075357674363,15.75));
#2848=CARTESIAN_POINT('Origin',(35.2,67.0408200807376,15.75));
#2849=CARTESIAN_POINT('',(29.25,64.4240472591115,18.25));
#2850=CARTESIAN_POINT('',(29.25,64.4240472591115,15.75));
#2851=CARTESIAN_POINT('',(41.0500000000001,64.2075357674363,18.25));
#2852=CARTESIAN_POINT('Origin',(35.2,67.0408200807376,18.25));
#2853=CARTESIAN_POINT('',(41.0500000000001,64.2075357674363,15.75));
#2854=CARTESIAN_POINT('Origin',(29.2500000000001,69.6575929023637,15.75));
#2855=CARTESIAN_POINT('',(29.2500000000001,69.6575929023637,15.75));
#2856=CARTESIAN_POINT('',(29.2499999999998,34.8287964511818,15.75));
#2857=CARTESIAN_POINT('',(29.2500000000001,69.6575929023637,18.25));
#2858=CARTESIAN_POINT('',(29.2500000000001,69.6575929023637,15.75));
#2859=CARTESIAN_POINT('',(29.2499999999998,34.8287964511818,18.25));
#2860=CARTESIAN_POINT('Origin',(35.2,67.0408200807376,15.75));
#2861=CARTESIAN_POINT('',(41.0500000000001,69.8741043940389,15.75));
#2862=CARTESIAN_POINT('Origin',(35.2,67.0408200807376,15.75));
#2863=CARTESIAN_POINT('',(41.0500000000001,69.8741043940389,18.25));
#2864=CARTESIAN_POINT('',(41.0500000000001,69.8741043940389,15.75));
#2865=CARTESIAN_POINT('Origin',(35.2,67.0408200807376,18.25));
#2866=CARTESIAN_POINT('Origin',(41.0500000000001,67.0408200807376,15.75));
#2867=CARTESIAN_POINT('',(41.0500000000001,33.5204100403687,15.75));
#2868=CARTESIAN_POINT('',(41.0500000000001,33.5204100403687,18.25));
#2869=CARTESIAN_POINT('Origin',(32.7,-62.9591799192623,15.75));
#2870=CARTESIAN_POINT('',(24.9,-66.3370490700732,15.75));
#2871=CARTESIAN_POINT('',(40.5,-66.3370490700732,15.75));
#2872=CARTESIAN_POINT('Origin',(32.7,-62.9591799192623,15.75));
#2873=CARTESIAN_POINT('',(24.9,-66.3370490700732,18.25));
#2874=CARTESIAN_POINT('',(24.9,-66.3370490700732,15.75));
#2875=CARTESIAN_POINT('',(40.5,-66.3370490700732,18.25));
#2876=CARTESIAN_POINT('Origin',(32.7,-62.9591799192623,18.25));
#2877=CARTESIAN_POINT('',(40.5,-66.3370490700732,15.75));
#2878=CARTESIAN_POINT('Origin',(24.9,-59.5813107684514,15.75));
#2879=CARTESIAN_POINT('',(24.9,-59.5813107684514,15.75));
#2880=CARTESIAN_POINT('',(24.9,-29.7906553842258,15.75));
#2881=CARTESIAN_POINT('',(24.9,-59.5813107684514,18.25));
#2882=CARTESIAN_POINT('',(24.9,-59.5813107684514,15.75));
#2883=CARTESIAN_POINT('',(24.9,-29.7906553842258,18.25));
#2884=CARTESIAN_POINT('Origin',(32.7,-62.9591799192623,15.75));
#2885=CARTESIAN_POINT('',(40.5,-59.5813107684515,15.75));
#2886=CARTESIAN_POINT('Origin',(32.7,-62.9591799192623,15.75));
#2887=CARTESIAN_POINT('',(40.5,-59.5813107684515,18.25));
#2888=CARTESIAN_POINT('',(40.5,-59.5813107684515,15.75));
#2889=CARTESIAN_POINT('Origin',(32.7,-62.9591799192623,18.25));
#2890=CARTESIAN_POINT('Origin',(40.5,-66.3370490700732,15.75));
#2891=CARTESIAN_POINT('',(40.5,-33.1685245350367,15.75));
#2892=CARTESIAN_POINT('',(40.5,-33.1685245350367,18.25));
#2893=CARTESIAN_POINT('Origin',(65.8,-88.3509447366385,18.2504071101702));
#2894=CARTESIAN_POINT('',(65.8,-88.3509447366385,18.2504071101702));
#2895=CARTESIAN_POINT('Ctrl Pts',(65.8,-88.3509447366385,18.2504071101702));
#2896=CARTESIAN_POINT('Ctrl Pts',(62.7666368528213,-87.3688410477451,18.2504071101702));
#2897=CARTESIAN_POINT('Ctrl Pts',(59.8,-86.4074475123739,18.2504071101702));
#2898=CARTESIAN_POINT('',(65.8,88.3509447366383,18.2504071101702));
#2899=CARTESIAN_POINT('',(65.8,88.3509447366383,18.2504071101702));
#2900=CARTESIAN_POINT('Ctrl Pts',(59.8,86.4074475123737,18.2504071101702));
#2901=CARTESIAN_POINT('Ctrl Pts',(62.7666368528213,87.3688410477449,18.2504071101702));
#2902=CARTESIAN_POINT('Ctrl Pts',(65.8,88.3509447366383,18.2504071101702));
#2903=CARTESIAN_POINT('Origin',(53.8,94.0967544539342,15.7504071101702));
#2904=CARTESIAN_POINT('',(55.8,-87.0508049044965,15.7504071101702));
#2905=CARTESIAN_POINT('',(55.8,47.048377226967,15.7504071101702));
#2906=CARTESIAN_POINT('',(55.8,-87.0508049044965,15.7504071101702));
#2907=CARTESIAN_POINT('',(55.8,87.0508049044963,15.7504071101702));
#2908=CARTESIAN_POINT('',(63.8,91.3818465230389,15.7504071101702));
#2909=CARTESIAN_POINT('Ctrl Pts',(63.8,91.3818465230389,15.7504071101702));
#2910=CARTESIAN_POINT('Ctrl Pts',(58.7103515337339,89.7442602607936,15.7504071101702));
#2911=CARTESIAN_POINT('Ctrl Pts',(53.8,88.1626686935927,15.7504071101702));
#2912=CARTESIAN_POINT('',(63.8,-91.3818465230392,15.7504071101702));
#2913=CARTESIAN_POINT('',(63.8,-94.0967544539344,15.7504071101702));
#2914=CARTESIAN_POINT('',(53.8,-88.1626686935929,15.7504071101702));
#2915=CARTESIAN_POINT('Ctrl Pts',(53.8,-88.1626686935929,15.7504071101702));
#2916=CARTESIAN_POINT('Ctrl Pts',(58.7103515337339,-89.7442602607938,15.7504071101702));
#2917=CARTESIAN_POINT('Ctrl Pts',(63.8,-91.3818465230392,15.7504071101702));
#2918=CARTESIAN_POINT('',(53.8,-94.0967544539344,15.7504071101702));
#2919=CARTESIAN_POINT('Origin',(55.8,-1.06581410364015E-13,0.));
#2920=CARTESIAN_POINT('Origin',(55.8,-1.06581410364015E-13,0.));
#2921=CARTESIAN_POINT('Origin',(55.8,-1.00476339057863E-13,16.9965260856569));
#2922=CARTESIAN_POINT('Origin',(55.8,-1.06581410364015E-13,0.));
#2923=CARTESIAN_POINT('Origin',(44.0000000000008,-1.06581410364015E-13,
0.));
#2924=CARTESIAN_POINT('',(55.8,-85.1108392682502,18.2499999999998));
#2925=CARTESIAN_POINT('Ctrl Pts',(59.8,-86.407533498478,18.25));
#2926=CARTESIAN_POINT('Ctrl Pts',(57.7848798300502,-85.7544971908259,18.25));
#2927=CARTESIAN_POINT('Ctrl Pts',(55.8,-85.1108392682502,18.25));
#2928=CARTESIAN_POINT('',(53.8,-84.4621687119195,18.25));
#2929=CARTESIAN_POINT('Ctrl Pts',(55.8,-85.1108392682502,18.2499999999998));
#2930=CARTESIAN_POINT('Ctrl Pts',(54.7961746620323,-84.7853182357492,18.2499999999999));
#2931=CARTESIAN_POINT('Ctrl Pts',(53.8,-84.4621687119195,18.25));
#2932=CARTESIAN_POINT('',(2.99999999999986,-67.8939891331323,18.25));
#2933=CARTESIAN_POINT('Ctrl Pts',(53.8,-84.4621687119195,18.25));
#2934=CARTESIAN_POINT('Ctrl Pts',(25.6378421245796,-75.3266342978428,18.25));
#2935=CARTESIAN_POINT('Ctrl Pts',(2.99999999999986,-67.8939891331323,18.25));
#2936=CARTESIAN_POINT('',(2.99999999999985,67.8939891331321,18.25));
#2937=CARTESIAN_POINT('Origin',(2.99999999999986,-1.06581410364015E-13,
0.));
#2938=CARTESIAN_POINT('',(53.8,84.4621687119193,18.25));
#2939=CARTESIAN_POINT('Ctrl Pts',(2.99999999999986,67.8939891331321,18.25));
#2940=CARTESIAN_POINT('Ctrl Pts',(25.6378421245796,75.3266342978425,18.25));
#2941=CARTESIAN_POINT('Ctrl Pts',(53.8,84.4621687119193,18.25));
#2942=CARTESIAN_POINT('',(55.8,85.11083926825,18.2500000000001));
#2943=CARTESIAN_POINT('Ctrl Pts',(53.8,84.4621687119193,18.25));
#2944=CARTESIAN_POINT('Ctrl Pts',(54.7961746730965,84.7853182393375,18.25));
#2945=CARTESIAN_POINT('Ctrl Pts',(55.8,85.11083926825,18.2500000000001));
#2946=CARTESIAN_POINT('Ctrl Pts',(55.8,85.11083926825,18.25));
#2947=CARTESIAN_POINT('Ctrl Pts',(57.7848798300502,85.7544971908256,18.25));
#2948=CARTESIAN_POINT('Ctrl Pts',(59.8,86.4075334984778,18.25));
#2949=CARTESIAN_POINT('Origin',(65.8000000000004,0.,0.));
#2950=CARTESIAN_POINT('',(85.0000000000018,96.3040273413262,0.));
#2951=CARTESIAN_POINT('Origin',(85.0000000000018,-1.06581410364015E-13,
0.));
#2952=CARTESIAN_POINT('Origin',(2.99999999999986,-1.06581410364015E-13,
-0.41213778173792));
#2953=CARTESIAN_POINT('Origin',(2.99999999999986,-1.06581410364015E-13,
-0.41213778173792));
#2954=CARTESIAN_POINT('',(2.49999999999986,-67.8939891331323,18.25));
#2955=CARTESIAN_POINT('',(2.99999999999986,-67.8939891331323,18.25));
#2956=CARTESIAN_POINT('',(2.49999999999986,67.8939891331321,18.25));
#2957=CARTESIAN_POINT('Origin',(2.49999999999986,-1.06581410364015E-13,
-0.41213778173792));
#2958=CARTESIAN_POINT('',(2.99999999999986,67.8939891331321,18.25));
#2959=CARTESIAN_POINT('Origin',(2.49999999999987,-9.77928110437138E-14,
35.0901480796423));
#2960=CARTESIAN_POINT('',(2.49999999999986,-67.8939891331323,18.25));
#2961=CARTESIAN_POINT('Origin',(63.8,78.0037474150364,-31.0001456295642));
#2962=CARTESIAN_POINT('',(65.8,78.0037474150364,-29.3001456295642));
#2963=CARTESIAN_POINT('Origin',(65.8,78.0037474150364,-31.0001456295642));
#2964=CARTESIAN_POINT('',(63.8,78.0037474150364,-29.3001456295642));
#2965=CARTESIAN_POINT('Origin',(63.8,78.0037474150364,-31.0001456295642));
#2966=CARTESIAN_POINT('Origin',(63.8,-77.9962525849634,-31.0001456295642));
#2967=CARTESIAN_POINT('',(65.8,-77.9962525849634,-29.3001456295642));
#2968=CARTESIAN_POINT('Origin',(65.8,-77.9962525849634,-31.0001456295642));
#2969=CARTESIAN_POINT('',(63.8,-77.9962525849634,-29.3001456295642));
#2970=CARTESIAN_POINT('Origin',(63.8,-77.9962525849634,-31.0001456295642));
#2971=CARTESIAN_POINT('Origin',(63.8,-77.9962525849634,0.000145629566901118));
#2972=CARTESIAN_POINT('',(65.8,-77.9962525849634,1.7001456295669));
#2973=CARTESIAN_POINT('Origin',(65.8,-77.9962525849634,0.000145629566901118));
#2974=CARTESIAN_POINT('',(63.8,-77.9962525849634,1.7001456295669));
#2975=CARTESIAN_POINT('Origin',(63.8,-77.9962525849634,0.000145629566901118));
#2976=CARTESIAN_POINT('Origin',(63.8,78.0037474150364,0.000145629566945527));
#2977=CARTESIAN_POINT('',(65.8,78.0037474150364,1.70014562956694));
#2978=CARTESIAN_POINT('Origin',(65.8,78.0037474150364,0.000145629566945527));
#2979=CARTESIAN_POINT('',(63.8,78.0037474150364,1.70014562956694));
#2980=CARTESIAN_POINT('Origin',(63.8,78.0037474150364,0.000145629566945527));
#2981=CARTESIAN_POINT('Origin',(65.8,2.83479852971082E-14,-23.1346736027239));
#2982=CARTESIAN_POINT('Origin',(53.8,-8.55347034598635E-14,-24.0472067386107));
#2983=CARTESIAN_POINT('',(53.8,-88.1627414235307,15.75));
#2984=CARTESIAN_POINT('Origin',(53.8,-1.06581410364015E-13,0.));
#2985=CARTESIAN_POINT('',(53.8,83.9962525849632,15.75));
#2986=CARTESIAN_POINT('Origin',(63.8,-8.55347034598635E-14,-24.0472067386107));
#2987=CARTESIAN_POINT('Origin',(63.8,-1.06581410364015E-13,0.));
#2988=CARTESIAN_POINT('Origin',(40.9999999999999,-1.06581410364015E-13,
0.));
#2989=CARTESIAN_POINT('',(82.,98.4999999999999,0.));
#2990=CARTESIAN_POINT('Origin',(82.,-1.06581410364015E-13,0.));
#2991=CARTESIAN_POINT('',(50.8,87.196296589393,15.75));
#2992=CARTESIAN_POINT('Ctrl Pts',(53.8,88.1627414235304,15.75));
#2993=CARTESIAN_POINT('Ctrl Pts',(52.2917331159754,87.6769390933732,15.75));
#2994=CARTESIAN_POINT('Ctrl Pts',(50.8,87.196296589393,15.75));
#2995=CARTESIAN_POINT('',(-1.4210854715202E-13,70.7685488052424,15.75));
#2996=CARTESIAN_POINT('Ctrl Pts',(50.8,87.196296589393,15.75));
#2997=CARTESIAN_POINT('Ctrl Pts',(22.7584958561661,78.1612093994166,15.75));
#2998=CARTESIAN_POINT('Ctrl Pts',(-1.50990331349021E-13,70.7685488052424,
15.75));
#2999=CARTESIAN_POINT('',(-1.4210854715202E-13,-70.7685488052426,15.75));
#3000=CARTESIAN_POINT('Origin',(-1.4210854715202E-13,-1.06581410364015E-13,
0.));
#3001=CARTESIAN_POINT('',(50.8,-87.1962965893932,15.75));
#3002=CARTESIAN_POINT('Ctrl Pts',(-1.50990331349021E-13,-70.7685488052426,
15.75));
#3003=CARTESIAN_POINT('Ctrl Pts',(22.7584958561661,-78.1612093994169,15.75));
#3004=CARTESIAN_POINT('Ctrl Pts',(50.8,-87.1962965893932,15.75));
#3005=CARTESIAN_POINT('Ctrl Pts',(50.8,-87.1962965893932,15.75));
#3006=CARTESIAN_POINT('Ctrl Pts',(52.2917331159754,-87.6769390933734,15.75));
#3007=CARTESIAN_POINT('Ctrl Pts',(53.8,-88.1627414235307,15.75));
#3008=CARTESIAN_POINT('Origin',(30.4095904527566,-1.06581410364015E-13,
18.25));
#3009=CARTESIAN_POINT('Origin',(24.9,-1.06597053566351E-13,15.75));
#3010=CARTESIAN_POINT('',(-1.4210854715202E-13,36.2499999999999,15.75));
#3011=CARTESIAN_POINT('Origin',(82.7,92.117261845014,59.2001695113886));
#3012=CARTESIAN_POINT('',(83.4,92.117261845014,57.6001695113886));
#3013=CARTESIAN_POINT('Origin',(83.4,92.117261845014,59.2001695113886));
#3014=CARTESIAN_POINT('',(82.,92.117261845014,56.2001695113886));
#3015=CARTESIAN_POINT('Origin',(82.,92.117261845014,59.2001695113886));
#3016=CARTESIAN_POINT('Origin',(82.,114.25,0.));
#3017=CARTESIAN_POINT('',(82.,114.25,0.));
#3018=CARTESIAN_POINT('Origin',(82.,-1.06581410364015E-13,0.));
#3019=CARTESIAN_POINT('',(82.,45.4879439237063,96.6047034913189));
#3020=CARTESIAN_POINT('Origin',(82.,45.4879439237063,99.6047034913189));
#3021=CARTESIAN_POINT('',(82.,-71.707250367009,79.754578391794));
#3022=CARTESIAN_POINT('Origin',(82.,-71.707250367009,82.754578391794));
#3023=CARTESIAN_POINT('',(82.,-105.064480610788,-33.849714974136));
#3024=CARTESIAN_POINT('Origin',(82.,-105.064480610788,-30.849714974136));
#3025=CARTESIAN_POINT('',(82.,-15.583474790925,-111.385447885961));
#3026=CARTESIAN_POINT('Origin',(82.,-15.583474790925,-108.385447885961));
#3027=CARTESIAN_POINT('',(82.,92.117261845014,-62.2001695113867));
#3028=CARTESIAN_POINT('Origin',(82.,92.117261845014,-59.2001695113867));
#3029=CARTESIAN_POINT('',(82.,109.083319441046,6.54355383087019));
#3030=CARTESIAN_POINT('Origin',(82.,109.083319441046,9.5435538308702));
#3031=CARTESIAN_POINT('',(82.0000000000018,53.7499999999998,90.9727309068276));
#3032=CARTESIAN_POINT('Origin',(82.,53.7499999999998,93.0977309068276));
#3033=CARTESIAN_POINT('',(82.0000000000018,53.7499999999998,-95.2227309068258));
#3034=CARTESIAN_POINT('Origin',(82.,53.7499999999998,-93.0977309068258));
#3035=CARTESIAN_POINT('',(82.0000000000018,-107.5,-2.125));
#3036=CARTESIAN_POINT('Origin',(82.,-107.5,0.));
#3037=CARTESIAN_POINT('',(82.0000000000018,-53.7500000000002,-95.2227309068258));
#3038=CARTESIAN_POINT('Origin',(82.,-53.7500000000002,-93.0977309068258));
#3039=CARTESIAN_POINT('',(82.0000000000018,107.5,-2.125));
#3040=CARTESIAN_POINT('Origin',(82.,107.5,0.));
#3041=CARTESIAN_POINT('',(82.0000000000018,-53.7500000000002,90.9727309068276));
#3042=CARTESIAN_POINT('Origin',(82.,-53.7500000000002,93.0977309068276));
#3043=CARTESIAN_POINT('',(82.,109.083319441046,-12.5435538308684));
#3044=CARTESIAN_POINT('Origin',(82.,109.083319441046,-9.54355383086842));
#3045=CARTESIAN_POINT('',(82.,45.4879439237063,-102.604703491319));
#3046=CARTESIAN_POINT('Origin',(82.,45.4879439237063,-99.6047034913191));
#3047=CARTESIAN_POINT('',(82.,-71.707250367009,-85.7545783917922));
#3048=CARTESIAN_POINT('Origin',(82.,-71.707250367009,-82.7545783917923));
#3049=CARTESIAN_POINT('',(82.,-105.064480610788,27.8497149741379));
#3050=CARTESIAN_POINT('Origin',(82.,-105.064480610788,30.8497149741379));
#3051=CARTESIAN_POINT('',(82.,-15.583474790925,105.385447885963));
#3052=CARTESIAN_POINT('Origin',(82.,-15.583474790925,108.385447885963));
#3053=CARTESIAN_POINT('Origin',(85.0000000000018,92.117261845014,59.2001695113886));
#3054=CARTESIAN_POINT('',(85.0000000000018,92.117261845014,57.6001695113886));
#3055=CARTESIAN_POINT('Origin',(85.0000000000018,92.117261845014,59.2001695113886));
#3056=CARTESIAN_POINT('Origin',(82.7,45.4879439237063,99.6047034913189));
#3057=CARTESIAN_POINT('',(83.4,45.4879439237063,98.0047034913189));
#3058=CARTESIAN_POINT('Origin',(83.4,45.4879439237063,99.6047034913189));
#3059=CARTESIAN_POINT('Origin',(85.0000000000018,45.4879439237063,99.6047034913189));
#3060=CARTESIAN_POINT('',(85.0000000000018,45.4879439237063,98.0047034913189));
#3061=CARTESIAN_POINT('Origin',(85.0000000000018,45.4879439237063,99.6047034913189));
#3062=CARTESIAN_POINT('Origin',(82.7,-15.583474790925,108.385447885963));
#3063=CARTESIAN_POINT('',(83.4,-15.583474790925,106.785447885963));
#3064=CARTESIAN_POINT('Origin',(83.4,-15.583474790925,108.385447885963));
#3065=CARTESIAN_POINT('Origin',(85.0000000000018,-15.583474790925,108.385447885963));
#3066=CARTESIAN_POINT('',(85.0000000000018,-15.583474790925,106.785447885963));
#3067=CARTESIAN_POINT('Origin',(85.0000000000018,-15.583474790925,108.385447885963));
#3068=CARTESIAN_POINT('Origin',(82.7,-71.707250367009,82.754578391794));
#3069=CARTESIAN_POINT('',(83.4,-71.707250367009,81.154578391794));
#3070=CARTESIAN_POINT('Origin',(83.4,-71.707250367009,82.754578391794));
#3071=CARTESIAN_POINT('Origin',(85.0000000000018,-71.707250367009,82.754578391794));
#3072=CARTESIAN_POINT('',(85.0000000000018,-71.707250367009,81.154578391794));
#3073=CARTESIAN_POINT('Origin',(85.0000000000018,-71.707250367009,82.754578391794));
#3074=CARTESIAN_POINT('Origin',(82.7,-105.064480610788,30.8497149741379));
#3075=CARTESIAN_POINT('',(83.4,-105.064480610788,29.2497149741379));
#3076=CARTESIAN_POINT('Origin',(83.4,-105.064480610788,30.8497149741379));
#3077=CARTESIAN_POINT('Origin',(85.0000000000018,-105.064480610788,30.8497149741379));
#3078=CARTESIAN_POINT('',(85.0000000000018,-105.064480610788,29.2497149741379));
#3079=CARTESIAN_POINT('Origin',(85.0000000000018,-105.064480610788,30.8497149741379));
#3080=CARTESIAN_POINT('Origin',(82.7,-105.064480610788,-30.849714974136));
#3081=CARTESIAN_POINT('',(83.4,-105.064480610788,-32.449714974136));
#3082=CARTESIAN_POINT('Origin',(83.4,-105.064480610788,-30.849714974136));
#3083=CARTESIAN_POINT('Origin',(85.0000000000018,-105.064480610788,-30.849714974136));
#3084=CARTESIAN_POINT('',(85.0000000000018,-105.064480610788,-32.449714974136));
#3085=CARTESIAN_POINT('Origin',(85.0000000000018,-105.064480610788,-30.849714974136));
#3086=CARTESIAN_POINT('Origin',(82.7,-71.707250367009,-82.7545783917923));
#3087=CARTESIAN_POINT('',(83.4,-71.707250367009,-84.3545783917922));
#3088=CARTESIAN_POINT('Origin',(83.4,-71.707250367009,-82.7545783917923));
#3089=CARTESIAN_POINT('Origin',(85.0000000000018,-71.707250367009,-82.7545783917923));
#3090=CARTESIAN_POINT('',(85.0000000000018,-71.707250367009,-84.3545783917922));
#3091=CARTESIAN_POINT('Origin',(85.0000000000018,-71.707250367009,-82.7545783917923));
#3092=CARTESIAN_POINT('Origin',(82.7,-15.583474790925,-108.385447885961));
#3093=CARTESIAN_POINT('',(83.4,-15.583474790925,-109.985447885961));
#3094=CARTESIAN_POINT('Origin',(83.4,-15.583474790925,-108.385447885961));
#3095=CARTESIAN_POINT('Origin',(85.0000000000018,-15.583474790925,-108.385447885961));
#3096=CARTESIAN_POINT('',(85.0000000000018,-15.583474790925,-109.985447885961));
#3097=CARTESIAN_POINT('Origin',(85.0000000000018,-15.583474790925,-108.385447885961));
#3098=CARTESIAN_POINT('Origin',(82.7,45.4879439237063,-99.6047034913191));
#3099=CARTESIAN_POINT('',(83.4,45.4879439237063,-101.204703491319));
#3100=CARTESIAN_POINT('Origin',(83.4,45.4879439237063,-99.6047034913191));
#3101=CARTESIAN_POINT('Origin',(85.0000000000018,45.4879439237063,-99.6047034913191));
#3102=CARTESIAN_POINT('',(85.0000000000018,45.4879439237063,-101.204703491319));
#3103=CARTESIAN_POINT('Origin',(85.0000000000018,45.4879439237063,-99.6047034913191));
#3104=CARTESIAN_POINT('Origin',(82.7,92.117261845014,-59.2001695113867));
#3105=CARTESIAN_POINT('',(83.4,92.117261845014,-60.8001695113867));
#3106=CARTESIAN_POINT('Origin',(83.4,92.117261845014,-59.2001695113867));
#3107=CARTESIAN_POINT('Origin',(85.0000000000018,92.117261845014,-59.2001695113867));
#3108=CARTESIAN_POINT('',(85.0000000000018,92.117261845014,-60.8001695113867));
#3109=CARTESIAN_POINT('Origin',(85.0000000000018,92.117261845014,-59.2001695113867));
#3110=CARTESIAN_POINT('Origin',(82.7,109.083319441046,-9.54355383086842));
#3111=CARTESIAN_POINT('',(83.4,109.083319441046,-11.1435538308684));
#3112=CARTESIAN_POINT('Origin',(83.4,109.083319441046,-9.54355383086842));
#3113=CARTESIAN_POINT('Origin',(85.0000000000018,109.083319441046,-9.54355383086842));
#3114=CARTESIAN_POINT('',(85.0000000000018,109.083319441046,-11.1435538308684));
#3115=CARTESIAN_POINT('Origin',(85.0000000000018,109.083319441046,-9.54355383086842));
#3116=CARTESIAN_POINT('Origin',(82.7,109.083319441046,9.5435538308702));
#3117=CARTESIAN_POINT('',(83.4,109.083319441046,7.94355383087019));
#3118=CARTESIAN_POINT('Origin',(83.4,109.083319441046,9.5435538308702));
#3119=CARTESIAN_POINT('Origin',(85.0000000000018,109.083319441046,9.5435538308702));
#3120=CARTESIAN_POINT('',(85.0000000000018,109.083319441046,7.94355383087019));
#3121=CARTESIAN_POINT('Origin',(85.0000000000018,109.083319441046,9.5435538308702));
#3122=CARTESIAN_POINT('Origin',(85.0000000000018,53.7499999999998,93.0977309068276));
#3123=CARTESIAN_POINT('',(85.0000000000018,53.7499999999998,90.9727309068276));
#3124=CARTESIAN_POINT('Origin',(85.0000000000018,53.7499999999998,93.0977309068276));
#3125=CARTESIAN_POINT('Origin',(85.0000000000018,53.7499999999998,-93.0977309068258));
#3126=CARTESIAN_POINT('',(85.0000000000018,53.7499999999998,-95.2227309068258));
#3127=CARTESIAN_POINT('Origin',(85.0000000000018,53.7499999999998,-93.0977309068258));
#3128=CARTESIAN_POINT('Origin',(85.0000000000018,-107.5,0.));
#3129=CARTESIAN_POINT('',(85.0000000000018,-107.5,-2.125));
#3130=CARTESIAN_POINT('Origin',(85.0000000000018,-107.5,0.));
#3131=CARTESIAN_POINT('Origin',(85.0000000000018,-53.7500000000002,-93.0977309068258));
#3132=CARTESIAN_POINT('',(85.0000000000018,-53.7500000000002,-95.2227309068258));
#3133=CARTESIAN_POINT('Origin',(85.0000000000018,-53.7500000000002,-93.0977309068258));
#3134=CARTESIAN_POINT('Origin',(85.0000000000018,107.5,0.));
#3135=CARTESIAN_POINT('',(85.0000000000018,107.5,-2.125));
#3136=CARTESIAN_POINT('Origin',(85.0000000000018,107.5,0.));
#3137=CARTESIAN_POINT('Origin',(85.0000000000018,-53.7500000000002,93.0977309068276));
#3138=CARTESIAN_POINT('',(85.0000000000018,-53.7500000000002,90.9727309068276));
#3139=CARTESIAN_POINT('Origin',(85.0000000000018,-53.7500000000002,93.0977309068276));
#3140=CARTESIAN_POINT('Origin',(2.99999999999986,-1.06581410364015E-13,
0.));
#3141=CARTESIAN_POINT('Origin',(-1.4210854715202E-13,72.4999999999998,0.));
#3142=CARTESIAN_POINT('Origin',(83.5000000000009,-1.06581410364015E-13,
0.));
#3143=CARTESIAN_POINT('',(85.0000000000018,114.25,0.));
#3144=CARTESIAN_POINT('Origin',(85.0000000000018,-1.06581410364015E-13,
0.));
#3145=CARTESIAN_POINT('Origin',(85.0000000000018,96.3040273413262,0.));
#3146=UNCERTAINTY_MEASURE_WITH_UNIT(LENGTH_MEASURE(0.01),#3150,
'DISTANCE_ACCURACY_VALUE',
'Maximum model space distance between geometric entities at asserted c
onnectivities');
#3147=UNCERTAINTY_MEASURE_WITH_UNIT(LENGTH_MEASURE(1.E-6),#3150,
'DISTANCE_ACCURACY_VALUE',
'Maximum model space distance between geometric entities at asserted c
onnectivities');
#3148=(
GEOMETRIC_REPRESENTATION_CONTEXT(3)
GLOBAL_UNCERTAINTY_ASSIGNED_CONTEXT((#3146))
GLOBAL_UNIT_ASSIGNED_CONTEXT((#3150,#3153,#3151))
REPRESENTATION_CONTEXT('','3D')
);
#3149=(
GEOMETRIC_REPRESENTATION_CONTEXT(3)
GLOBAL_UNCERTAINTY_ASSIGNED_CONTEXT((#3147))
GLOBAL_UNIT_ASSIGNED_CONTEXT((#3150,#3153,#3151))
REPRESENTATION_CONTEXT('','3D')
);
#3150=(
LENGTH_UNIT()
NAMED_UNIT(*)
SI_UNIT(.MILLI.,.METRE.)
);
#3151=(
NAMED_UNIT(*)
SI_UNIT($,.STERADIAN.)
SOLID_ANGLE_UNIT()
);
#3152=DIMENSIONAL_EXPONENTS(0.,0.,0.,0.,0.,0.,0.);
#3153=(
CONVERSION_BASED_UNIT('degree',#3155)
NAMED_UNIT(#3152)
PLANE_ANGLE_UNIT()
);
#3154=(
NAMED_UNIT(*)
PLANE_ANGLE_UNIT()
SI_UNIT($,.RADIAN.)
);
#3155=PLANE_ANGLE_MEASURE_WITH_UNIT(PLANE_ANGLE_MEASURE(0.01745329252),
#3154);
#3156=SHAPE_DEFINITION_REPRESENTATION(#3157,#3158);
#3157=PRODUCT_DEFINITION_SHAPE('',$,#3160);
#3158=SHAPE_REPRESENTATION('',(#1844),#3148);
#3159=PRODUCT_DEFINITION_CONTEXT('part definition',#3164,'design');
#3160=PRODUCT_DEFINITION('Aluminium Becher Neu','Aluminium Becher Neu',
#3161,#3159);
#3161=PRODUCT_DEFINITION_FORMATION('',$,#3166);
#3162=PRODUCT_RELATED_PRODUCT_CATEGORY('Aluminium Becher Neu',
'Aluminium Becher Neu',(#3166));
#3163=APPLICATION_PROTOCOL_DEFINITION('international standard',
'automotive_design',2009,#3164);
#3164=APPLICATION_CONTEXT(
'Core Data for Automotive Mechanical Design Process');
#3165=PRODUCT_CONTEXT('part definition',#3164,'mechanical');
#3166=PRODUCT('Aluminium Becher Neu','Aluminium Becher Neu',$,(#3165));
#3167=PRESENTATION_STYLE_ASSIGNMENT((#3168));
#3168=SURFACE_STYLE_USAGE(.BOTH.,#3169);
#3169=SURFACE_SIDE_STYLE('',(#3170));
#3170=SURFACE_STYLE_FILL_AREA(#3171);
#3171=FILL_AREA_STYLE('',(#3172));
#3172=FILL_AREA_STYLE_COLOUR('',#3173);
#3173=COLOUR_RGB('',0.898039215686275,0.898039215686275,0.898039215686275);
ENDSEC;
END-ISO-10303-21;
